time_utc,open,high,low,close,volume
2026-09-20T22:10:00+00:00,4415.00000,4416.00000,4415.00000,4415.50000,0.0000
2026-09-20T22:11:00+00:00,4415.79980,4416.00000,4415.29980,4415.89990,25.0000
2026-09-20T22:12:00+00:00,4416.10010,4416.39990,4415.39990,4415.79980,32.0000
2026-09-20T22:13:00+00:00,4416.20020,4416.50000,4416.10010,4416.50000,15.0000
2026-09-20T22:14:00+00:00,4416.39990,4417.50000,4416.39990,4417.00000,79.0000
2026-09-20T22:15:00+00:00,4417.50000,4417.50000,4416.39990,4417.00000,25.0000
2026-09-20T22:16:00+00:00,4417.20020,4417.79980,4417.00000,4417.29980,30.0000
2026-09-20T22:17:00+00:00,4417.29980,4417.50000,4416.79980,4417.00000,20.0000
2026-09-20T22:18:00+00:00,4417.00000,4417.00000,4416.20020,4416.70020,12.0000
2026-09-20T22:19:00+00:00,4416.70020,4417.39990,4416.39990,4416.39990,41.0000
2026-09-20T22:20:00+00:00,4416.29980,4416.29980,4414.39990,4414.79980,61.0000
2026-09-20T22:21:00+00:00,4414.39990,4414.39990,4413.60010,4413.70020,35.0000
2026-09-20T22:22:00+00:00,4413.79980,4413.79980,4412.89990,4413.79980,39.0000
2026-09-20T22:23:00+00:00,4413.79980,4414.50000,4413.10010,4413.10010,23.0000
2026-09-20T22:24:00+00:00,4413.10010,4413.39990,4412.79980,4413.00000,23.0000
2026-09-20T22:25:00+00:00,4412.89990,4415.39990,4412.89990,4414.89990,81.0000
2026-09-20T22:26:00+00:00,4414.70020,4414.79980,4414.39990,4414.60010,16.0000
2026-09-20T22:27:00+00:00,4414.60010,4415.29980,4413.29980,4413.29980,26.0000
2026-09-20T22:28:00+00:00,4413.10010,4413.39990,4413.00000,4413.10010,9.0000
2026-09-20T22:29:00+00:00,4413.00000,4414.29980,4413.00000,4414.10010,18.0000
2026-09-20T22:30:00+00:00,4414.00000,4415.29980,4413.60010,4415.29980,31.0000
2026-09-20T22:31:00+00:00,4414.29980,4415.20020,4414.00000,4414.70020,16.0000
2026-09-20T22:32:00+00:00,4414.70020,4415.50000,4414.39990,4414.89990,31.0000
2026-09-20T22:33:00+00:00,4415.00000,4415.00000,4414.60010,4414.60010,5.0000
2026-09-20T22:34:00+00:00,4414.39990,4414.50000,4414.20020,4414.50000,9.0000
2026-09-20T22:35:00+00:00,4414.50000,4414.70020,4414.20020,4414.20020,22.0000
2026-09-20T22:36:00+00:00,4414.10010,4415.79980,4414.10010,4415.79980,37.0000
2026-09-20T22:37:00+00:00,4415.70020,4416.20020,4415.39990,4415.60010,28.0000
2026-09-20T22:38:00+00:00,4415.79980,4416.00000,4415.39990,4416.00000,10.0000
2026-09-20T22:39:00+00:00,4415.79980,4416.10010,4414.70020,4414.89990,26.0000
2026-09-20T22:40:00+00:00,4415.29980,4416.10010,4414.50000,4414.50000,53.0000
2026-09-20T22:41:00+00:00,4415.29980,4415.50000,4415.20020,4415.50000,12.0000
2026-09-20T22:42:00+00:00,4415.70020,4416.00000,4414.60010,4414.60010,40.0000
2026-09-20T22:43:00+00:00,4414.60010,4414.79980,4413.20020,4413.39990,31.0000
2026-09-20T22:44:00+00:00,4413.89990,4413.89990,4412.70020,4412.70020,23.0000
2026-09-20T22:45:00+00:00,4413.00000,4413.60010,4412.50000,4413.10010,20.0000
2026-09-20T22:46:00+00:00,4413.10010,4413.60010,4412.70020,4413.29980,26.0000
2026-09-20T22:47:00+00:00,4413.29980,4414.10010,4413.29980,4414.10010,9.0000
2026-09-20T22:48:00+00:00,4414.10010,4414.10010,4412.89990,4413.10010,27.0000
2026-09-20T22:49:00+00:00,4413.00000,4413.00000,4412.00000,4412.70020,45.0000
2026-09-20T22:50:00+00:00,4412.70020,4412.70020,4412.60010,4412.60010,5.0000
2026-09-20T22:51:00+00:00,4413.29980,4413.50000,4412.29980,4412.29980,15.0000
2026-09-20T22:52:00+00:00,4412.50000,4412.79980,4412.20020,4412.60010,10.0000
2026-09-20T22:53:00+00:00,4412.70020,4413.70020,4412.39990,4412.79980,33.0000
2026-09-20T22:54:00+00:00,4413.10010,4414.00000,4413.10010,4413.79980,12.0000
2026-09-20T22:55:00+00:00,4413.89990,4414.10010,4413.60010,4413.89990,19.0000
2026-09-20T22:56:00+00:00,4413.79980,4415.20020,4413.79980,4415.20020,31.0000
2026-09-20T22:57:00+00:00,4415.10010,4415.10010,4413.60010,4413.60010,42.0000
2026-09-20T22:58:00+00:00,4413.39990,4413.89990,4412.50000,4412.70020,34.0000
2026-09-20T22:59:00+00:00,4413.00000,4413.20020,4412.00000,4412.10010,19.0000
2026-09-20T23:00:00+00:00,4412.20020,4412.29980,4411.50000,4412.29980,38.0000
2026-09-20T23:01:00+00:00,4412.20020,4412.89990,4412.00000,4412.29980,25.0000
2026-09-20T23:02:00+00:00,4412.29980,4412.29980,4411.89990,4412.10010,8.0000
2026-09-20T23:03:00+00:00,4412.29980,4412.39990,4412.29980,4412.39990,2.0000
2026-09-20T23:04:00+00:00,4412.39990,4412.60010,4412.00000,4412.50000,11.0000
2026-09-20T23:05:00+00:00,4412.20020,4412.29980,4411.60010,4411.70020,22.0000
2026-09-20T23:06:00+00:00,4412.10010,4412.10010,4411.10010,4411.10010,81.0000
2026-09-20T23:07:00+00:00,4411.39990,4412.10010,4411.39990,4412.10010,34.0000
2026-09-20T23:08:00+00:00,4412.10010,4412.10010,4410.50000,4410.50000,19.0000
2026-09-20T23:09:00+00:00,4410.79980,4411.89990,4409.70020,4411.60010,134.0000
2026-09-20T23:10:00+00:00,4411.50000,4411.79980,4411.39990,4411.39990,7.0000
2026-09-20T23:11:00+00:00,4411.50000,4411.50000,4410.00000,4410.00000,16.0000
2026-09-20T23:12:00+00:00,4410.10010,4410.10010,4409.29980,4409.39990,46.0000
2026-09-20T23:13:00+00:00,4409.60010,4411.50000,4409.60010,4411.39990,35.0000
2026-09-20T23:14:00+00:00,4411.50000,4411.50000,4411.50000,4411.50000,2.0000
2026-09-20T23:15:00+00:00,4411.60010,4411.89990,4410.20020,4410.20020,20.0000
2026-09-20T23:16:00+00:00,4410.20020,4410.60010,4410.00000,4410.39990,14.0000
2026-09-20T23:17:00+00:00,4410.60010,4411.39990,4410.29980,4411.39990,18.0000
2026-09-20T23:18:00+00:00,4411.60010,4412.00000,4410.89990,4411.20020,24.0000
2026-09-20T23:19:00+00:00,4411.20020,4412.29980,4411.20020,4412.10010,18.0000
2026-09-20T23:20:00+00:00,4411.89990,4412.89990,4411.89990,4412.79980,10.0000
2026-09-20T23:21:00+00:00,4412.89990,4413.20020,4412.29980,4413.00000,36.0000
2026-09-20T23:22:00+00:00,4412.79980,4413.20020,4412.39990,4412.89990,31.0000
2026-09-20T23:23:00+00:00,4412.79980,4412.89990,4411.20020,4411.50000,35.0000
2026-09-20T23:24:00+00:00,4412.00000,4412.00000,4410.89990,4411.39990,21.0000
2026-09-20T23:25:00+00:00,4411.20020,4411.20020,4410.70020,4411.00000,11.0000
2026-09-20T23:26:00+00:00,4411.00000,4411.39990,4410.20020,4411.10010,26.0000
2026-09-20T23:27:00+00:00,4410.89990,4411.60010,4410.70020,4411.50000,10.0000
2026-09-20T23:28:00+00:00,4411.50000,4412.50000,4411.50000,4412.50000,24.0000
2026-09-20T23:29:00+00:00,4412.70020,4413.00000,4412.29980,4412.79980,14.0000
2026-09-20T23:30:00+00:00,4412.50000,4412.89990,4411.70020,4412.70020,24.0000
2026-09-20T23:31:00+00:00,4412.79980,4414.60010,4412.79980,4413.70020,22.0000
2026-09-20T23:32:00+00:00,4413.89990,4414.10010,4413.10010,4413.39990,26.0000
2026-09-20T23:33:00+00:00,4413.29980,4414.00000,4413.20020,4414.00000,20.0000
2026-09-20T23:34:00+00:00,4413.60010,4414.00000,4413.50000,4414.00000,7.0000
2026-09-20T23:35:00+00:00,4413.60010,4414.39990,4413.60010,4414.00000,21.0000
2026-09-20T23:36:00+00:00,4413.89990,4414.10010,4412.39990,4412.79980,35.0000
2026-09-20T23:37:00+00:00,4412.89990,4413.70020,4411.79980,4413.70020,42.0000
2026-09-20T23:38:00+00:00,4413.39990,4414.10010,4413.29980,4413.79980,16.0000
2026-09-20T23:39:00+00:00,4413.79980,4414.79980,4413.29980,4413.60010,32.0000
2026-09-20T23:40:00+00:00,4413.00000,4413.00000,4412.29980,4412.89990,11.0000
2026-09-20T23:41:00+00:00,4412.50000,4412.50000,4412.20020,4412.39990,7.0000
2026-09-20T23:42:00+00:00,4412.20020,4412.50000,4412.00000,4412.20020,13.0000
2026-09-20T23:43:00+00:00,4412.29980,4412.29980,4410.70020,4411.20020,16.0000
2026-09-20T23:44:00+00:00,4411.20020,4411.20020,4409.39990,4409.60010,22.0000
2026-09-20T23:45:00+00:00,4409.60010,4410.10010,4408.39990,4409.20020,96.0000
2026-09-20T23:46:00+00:00,4409.29980,4409.29980,4408.00000,4408.10010,42.0000
2026-09-20T23:47:00+00:00,4407.79980,4408.70020,4406.89990,4408.10010,38.0000
2026-09-20T23:48:00+00:00,4408.10010,4409.29980,4408.10010,4409.29980,15.0000
2026-09-20T23:49:00+00:00,4409.20020,4410.70020,4409.20020,4410.29980,30.0000
2026-09-20T23:50:00+00:00,4410.29980,4410.39990,4409.60010,4409.60010,14.0000
2026-09-20T23:51:00+00:00,4409.50000,4409.50000,4408.39990,4408.89990,13.0000
2026-09-20T23:52:00+00:00,4409.10010,4412.00000,4409.10010,4411.39990,66.0000
2026-09-20T23:53:00+00:00,4411.20020,4412.00000,4409.79980,4409.79980,36.0000
2026-09-20T23:54:00+00:00,4410.10010,4410.29980,4409.10010,4409.10010,10.0000
2026-09-20T23:55:00+00:00,4409.10010,4410.20020,4409.00000,4409.10010,24.0000
2026-09-20T23:56:00+00:00,4409.39990,4410.89990,4409.39990,4410.89990,11.0000
2026-09-20T23:57:00+00:00,4409.89990,4411.39990,4409.89990,4410.79980,7.0000
2026-09-20T23:58:00+00:00,4411.00000,4411.00000,4410.29980,4410.29980,4.0000
2026-09-20T23:59:00+00:00,4409.89990,4411.60010,4409.89990,4411.60010,25.0000
2026-09-21T00:00:00+00:00,4411.50000,4411.50000,4407.10010,4407.10010,112.0000
2026-09-21T00:01:00+00:00,4407.10010,4407.60010,4405.50000,4406.20020,65.0000
2026-09-21T00:02:00+00:00,4406.50000,4407.20020,4405.39990,4406.70020,95.0000
2026-09-21T00:03:00+00:00,4406.79980,4408.29980,4406.79980,4407.79980,44.0000
2026-09-21T00:04:00+00:00,4407.39990,4408.39990,4406.20020,4407.20020,68.0000
2026-09-21T00:05:00+00:00,4407.39990,4408.70020,4407.10010,4408.39990,37.0000
2026-09-21T00:06:00+00:00,4408.70020,4410.10010,4408.50000,4409.60010,69.0000
2026-09-21T00:07:00+00:00,4409.20020,4410.89990,4409.00000,4409.39990,61.0000
2026-09-21T00:08:00+00:00,4409.29980,4410.50000,4407.20020,4407.29980,86.0000
2026-09-21T00:09:00+00:00,4407.20020,4407.20020,4405.20020,4405.50000,88.0000
2026-09-21T00:10:00+00:00,4405.89990,4406.00000,4404.50000,4404.70020,87.0000
2026-09-21T00:11:00+00:00,4404.50000,4404.60010,4403.60010,4404.29980,63.0000
2026-09-21T00:12:00+00:00,4404.50000,4404.70020,4404.20020,4404.70020,19.0000
2026-09-21T00:13:00+00:00,4404.60010,4404.60010,4402.39990,4402.60010,165.0000
2026-09-21T00:14:00+00:00,4402.79980,4403.39990,4402.10010,4403.00000,61.0000
2026-09-21T00:15:00+00:00,4403.10010,4403.20020,4399.60010,4401.00000,250.0000
2026-09-21T00:16:00+00:00,4401.29980,4403.10010,4400.20020,4400.20020,68.0000
2026-09-21T00:17:00+00:00,4400.50000,4400.50000,4398.60010,4398.70020,91.0000
2026-09-21T00:18:00+00:00,4398.70020,4399.89990,4398.00000,4399.79980,134.0000
2026-09-21T00:19:00+00:00,4400.00000,4400.29980,4399.10010,4399.10010,52.0000
2026-09-21T00:20:00+00:00,4399.39990,4399.50000,4397.50000,4398.00000,185.0000
2026-09-21T00:21:00+00:00,4398.29980,4399.60010,4397.70020,4399.00000,123.0000
2026-09-21T00:22:00+00:00,4398.79980,4398.79980,4396.39990,4398.50000,121.0000
2026-09-21T00:23:00+00:00,4398.79980,4402.29980,4398.79980,4402.00000,104.0000
2026-09-21T00:24:00+00:00,4402.10010,4404.50000,4402.10010,4404.10010,126.0000
2026-09-21T00:25:00+00:00,4404.20020,4405.29980,4404.20020,4405.20020,48.0000
2026-09-21T00:26:00+00:00,4405.29980,4406.10010,4403.79980,4405.60010,95.0000
2026-09-21T00:27:00+00:00,4405.70020,4407.50000,4405.39990,4407.50000,77.0000
2026-09-21T00:28:00+00:00,4407.00000,4407.89990,4406.70020,4407.39990,32.0000
2026-09-21T00:29:00+00:00,4407.10010,4407.70020,4405.70020,4406.10010,66.0000
2026-09-21T00:30:00+00:00,4406.00000,4407.89990,4405.70020,4407.60010,65.0000
2026-09-21T00:31:00+00:00,4407.60010,4407.60010,4405.00000,4405.20020,68.0000
2026-09-21T00:32:00+00:00,4404.89990,4407.10010,4404.00000,4406.70020,110.0000
2026-09-21T00:33:00+00:00,4406.60010,4408.39990,4406.50000,4407.39990,53.0000
2026-09-21T00:34:00+00:00,4407.00000,4408.29980,4407.00000,4407.89990,27.0000
2026-09-21T00:35:00+00:00,4408.10010,4409.79980,4407.79980,4409.00000,64.0000
2026-09-21T00:36:00+00:00,4409.10010,4409.10010,4407.60010,4408.60010,22.0000
2026-09-21T00:37:00+00:00,4409.39990,4409.39990,4408.60010,4408.70020,28.0000
2026-09-21T00:38:00+00:00,4408.20020,4409.60010,4408.20020,4409.10010,26.0000
2026-09-21T00:39:00+00:00,4409.20020,4412.60010,4408.79980,4412.00000,150.0000
2026-09-21T00:40:00+00:00,4411.79980,4414.29980,4410.29980,4410.50000,163.0000
2026-09-21T00:41:00+00:00,4410.50000,4410.50000,4408.00000,4408.70020,81.0000
2026-09-21T00:42:00+00:00,4408.89990,4409.29980,4407.79980,4408.60010,37.0000
2026-09-21T00:43:00+00:00,4409.60010,4409.89990,4408.50000,4408.89990,26.0000
2026-09-21T00:44:00+00:00,4408.50000,4408.50000,4406.29980,4407.10010,35.0000
2026-09-21T00:45:00+00:00,4407.60010,4408.79980,4407.39990,4408.60010,22.0000
2026-09-21T00:46:00+00:00,4408.29980,4408.89990,4407.79980,4408.79980,18.0000
2026-09-21T00:47:00+00:00,4408.50000,4409.00000,4407.70020,4407.79980,18.0000
2026-09-21T00:48:00+00:00,4407.70020,4408.79980,4407.29980,4407.50000,26.0000
2026-09-21T00:49:00+00:00,4407.50000,4407.50000,4403.00000,4403.10010,102.0000
2026-09-21T00:50:00+00:00,4403.00000,4403.20020,4402.00000,4402.10010,76.0000
2026-09-21T00:51:00+00:00,4402.39990,4404.20020,4400.50000,4404.00000,230.0000
2026-09-21T00:52:00+00:00,4404.10010,4405.39990,4403.50000,4404.60010,142.0000
2026-09-21T00:53:00+00:00,4404.60010,4405.20020,4404.60010,4405.20020,18.0000
2026-09-21T00:54:00+00:00,4405.29980,4405.70020,4403.60010,4403.60010,76.0000
2026-09-21T00:55:00+00:00,4404.20020,4405.29980,4403.70020,4403.70020,53.0000
2026-09-21T00:56:00+00:00,4403.79980,4404.50000,4402.39990,4404.50000,45.0000
2026-09-21T00:57:00+00:00,4404.50000,4404.50000,4403.50000,4403.50000,19.0000
2026-09-21T00:58:00+00:00,4403.79980,4404.60010,4403.50000,4404.00000,27.0000
2026-09-21T00:59:00+00:00,4404.20020,4407.60010,4404.10010,4404.79980,252.0000
2026-09-21T01:00:00+00:00,4404.79980,4413.79980,4404.79980,4413.39990,659.0000
2026-09-21T01:01:00+00:00,4413.60010,4414.20020,4411.50000,4413.10010,178.0000
2026-09-21T01:02:00+00:00,4413.10010,4413.60010,4409.29980,4411.50000,155.0000
2026-09-21T01:03:00+00:00,4411.60010,4412.39990,4409.60010,4410.50000,46.0000
2026-09-21T01:04:00+00:00,4410.39990,4410.50000,4408.00000,4409.79980,66.0000
2026-09-21T01:05:00+00:00,4409.79980,4413.10010,4409.20020,4412.60010,91.0000
2026-09-21T01:06:00+00:00,4412.50000,4414.10010,4412.00000,4413.89990,112.0000
2026-09-21T01:07:00+00:00,4413.89990,4417.60010,4413.70020,4416.50000,237.0000
2026-09-21T01:08:00+00:00,4416.79980,4417.50000,4415.89990,4416.70020,59.0000
2026-09-21T01:09:00+00:00,4416.39990,4418.89990,4416.39990,4418.70020,78.0000
2026-09-21T01:10:00+00:00,4418.50000,4418.70020,4416.89990,4417.39990,63.0000
2026-09-21T01:11:00+00:00,4417.20020,4417.29980,4414.89990,4416.29980,139.0000
2026-09-21T01:12:00+00:00,4415.70020,4417.50000,4414.89990,4417.29980,37.0000
2026-09-21T01:13:00+00:00,4417.79980,4418.79980,4416.89990,4417.60010,73.0000
2026-09-21T01:14:00+00:00,4417.50000,4419.39990,4415.70020,4419.10010,177.0000
2026-09-21T01:15:00+00:00,4419.39990,4422.10010,4419.00000,4422.00000,307.0000
2026-09-21T01:16:00+00:00,4421.79980,4422.00000,4418.50000,4420.70020,282.0000
2026-09-21T01:17:00+00:00,4420.60010,4421.39990,4418.89990,4421.20020,150.0000
2026-09-21T01:18:00+00:00,4421.29980,4421.29980,4417.79980,4417.79980,82.0000
2026-09-21T01:19:00+00:00,4417.89990,4417.89990,4415.00000,4416.20020,164.0000
2026-09-21T01:20:00+00:00,4416.29980,4417.70020,4414.79980,4414.79980,140.0000
2026-09-21T01:21:00+00:00,4414.70020,4416.39990,4414.00000,4416.39990,71.0000
2026-09-21T01:22:00+00:00,4416.39990,4417.00000,4414.39990,4416.79980,59.0000
2026-09-21T01:23:00+00:00,4416.79980,4416.79980,4413.50000,4414.89990,74.0000
2026-09-21T01:24:00+00:00,4415.10010,4417.20020,4415.10010,4416.39990,44.0000
2026-09-21T01:25:00+00:00,4416.10010,4418.79980,4416.10010,4418.10010,81.0000
2026-09-21T01:26:00+00:00,4418.20020,4418.50000,4415.00000,4415.00000,102.0000
2026-09-21T01:27:00+00:00,4415.39990,4415.60010,4412.89990,4414.29980,136.0000
2026-09-21T01:28:00+00:00,4414.50000,4416.50000,4414.50000,4416.00000,56.0000
2026-09-21T01:29:00+00:00,4416.20020,4416.29980,4413.00000,4413.29980,43.0000
2026-09-21T01:30:00+00:00,4413.10010,4415.39990,4412.10010,4414.89990,170.0000
2026-09-21T01:31:00+00:00,4414.60010,4415.20020,4412.89990,4413.29980,45.0000
2026-09-21T01:32:00+00:00,4413.39990,4415.20020,4413.00000,4414.60010,42.0000
2026-09-21T01:33:00+00:00,4414.60010,4416.70020,4413.70020,4416.10010,70.0000
2026-09-21T01:34:00+00:00,4416.39990,4418.29980,4416.39990,4416.79980,103.0000
2026-09-21T01:35:00+00:00,4417.10010,4417.10010,4415.60010,4415.89990,52.0000
2026-09-21T01:36:00+00:00,4415.89990,4416.29980,4414.70020,4416.29980,42.0000
2026-09-21T01:37:00+00:00,4416.29980,4417.79980,4416.00000,4417.79980,38.0000
2026-09-21T01:38:00+00:00,4417.50000,4417.50000,4413.89990,4414.60010,52.0000
2026-09-21T01:39:00+00:00,4414.89990,4416.39990,4414.39990,4416.10010,17.0000
2026-09-21T01:40:00+00:00,4415.89990,4417.39990,4415.89990,4417.39990,22.0000
2026-09-21T01:41:00+00:00,4417.50000,4419.20020,4417.00000,4417.60010,80.0000
2026-09-21T01:42:00+00:00,4418.10010,4418.20020,4414.89990,4415.89990,46.0000
2026-09-21T01:43:00+00:00,4415.89990,4417.89990,4415.70020,4415.70020,80.0000
2026-09-21T01:44:00+00:00,4415.50000,4418.29980,4415.50000,4417.89990,46.0000
2026-09-21T01:45:00+00:00,4417.79980,4419.00000,4417.70020,4417.70020,46.0000
2026-09-21T01:46:00+00:00,4417.79980,4420.29980,4417.79980,4420.20020,75.0000
2026-09-21T01:47:00+00:00,4419.79980,4421.20020,4419.00000,4421.10010,82.0000
2026-09-21T01:48:00+00:00,4421.10010,4421.60010,4418.60010,4419.29980,107.0000
2026-09-21T01:49:00+00:00,4419.29980,4421.10010,4418.00000,4418.00000,123.0000
2026-09-21T01:50:00+00:00,4418.20020,4419.60010,4415.29980,4415.39990,159.0000
2026-09-21T01:51:00+00:00,4415.60010,4417.89990,4414.70020,4417.60010,63.0000
2026-09-21T01:52:00+00:00,4417.60010,4418.70020,4416.60010,4416.60010,51.0000
2026-09-21T01:53:00+00:00,4416.79980,4418.60010,4416.29980,4417.20020,57.0000
2026-09-21T01:54:00+00:00,4417.00000,4418.29980,4416.29980,4417.00000,66.0000
2026-09-21T01:55:00+00:00,4417.00000,4417.39990,4416.00000,4417.20020,43.0000
2026-09-21T01:56:00+00:00,4417.20020,4417.20020,4414.20020,4415.29980,85.0000
2026-09-21T01:57:00+00:00,4415.60010,4416.50000,4415.10010,4415.79980,42.0000
2026-09-21T01:58:00+00:00,4416.10010,4416.39990,4414.00000,4415.29980,77.0000
2026-09-21T01:59:00+00:00,4415.20020,4416.29980,4415.00000,4415.70020,58.0000
2026-09-21T02:00:00+00:00,4416.00000,4416.20020,4414.10010,4414.89990,46.0000
2026-09-21T02:01:00+00:00,4415.10010,4415.10010,4411.39990,4411.50000,164.0000
2026-09-21T02:02:00+00:00,4411.89990,4412.60010,4411.50000,4412.50000,63.0000
2026-09-21T02:03:00+00:00,4412.60010,4414.00000,4412.50000,4412.79980,38.0000
2026-09-21T02:04:00+00:00,4413.20020,4414.79980,4413.20020,4414.60010,31.0000
2026-09-21T02:05:00+00:00,4414.50000,4414.50000,4410.89990,4411.50000,92.0000
2026-09-21T02:06:00+00:00,4411.20020,4413.20020,4410.60010,4412.70020,125.0000
2026-09-21T02:07:00+00:00,4412.29980,4412.29980,4411.20020,4411.89990,16.0000
2026-09-21T02:08:00+00:00,4412.29980,4413.00000,4412.29980,4412.79980,12.0000
2026-09-21T02:09:00+00:00,4413.10010,4413.70020,4412.60010,4413.39990,35.0000
2026-09-21T02:10:00+00:00,4413.89990,4414.00000,4410.29980,4410.29980,68.0000
2026-09-21T02:11:00+00:00,4410.10010,4410.10010,4408.10010,4408.79980,141.0000
2026-09-21T02:12:00+00:00,4409.00000,4410.00000,4407.70020,4409.00000,90.0000
2026-09-21T02:13:00+00:00,4408.89990,4410.10010,4408.89990,4410.00000,33.0000
2026-09-21T02:14:00+00:00,4409.89990,4409.89990,4406.39990,4406.79980,179.0000
2026-09-21T02:15:00+00:00,4406.89990,4407.60010,4406.00000,4406.20020,56.0000
2026-09-21T02:16:00+00:00,4406.20020,4406.39990,4404.39990,4405.39990,171.0000
2026-09-21T02:17:00+00:00,4405.39990,4405.39990,4404.10010,4404.89990,40.0000
2026-09-21T02:18:00+00:00,4404.70020,4404.89990,4403.60010,4404.29980,78.0000
2026-09-21T02:19:00+00:00,4404.29980,4404.70020,4404.00000,4404.20020,38.0000
2026-09-21T02:20:00+00:00,4404.10010,4404.50000,4402.39990,4402.39990,85.0000
2026-09-21T02:21:00+00:00,4402.60010,4403.20020,4402.10010,4402.39990,50.0000
2026-09-21T02:22:00+00:00,4402.00000,4403.10010,4401.00000,4402.60010,85.0000
2026-09-21T02:23:00+00:00,4402.50000,4402.50000,4401.00000,4401.00000,59.0000
2026-09-21T02:24:00+00:00,4401.39990,4401.60010,4399.00000,4401.60010,158.0000
2026-09-21T02:25:00+00:00,4401.60010,4402.50000,4401.20020,4402.10010,57.0000
2026-09-21T02:26:00+00:00,4402.20020,4404.20020,4402.20020,4404.20020,91.0000
2026-09-21T02:27:00+00:00,4404.00000,4404.20020,4403.60010,4403.70020,46.0000
2026-09-21T02:28:00+00:00,4403.39990,4406.39990,4403.20020,4406.20020,167.0000
2026-09-21T02:29:00+00:00,4406.29980,4407.60010,4406.00000,4407.50000,76.0000
2026-09-21T02:30:00+00:00,4407.60010,4410.39990,4406.50000,4409.50000,210.0000
2026-09-21T02:31:00+00:00,4409.29980,4409.60010,4404.70020,4405.70020,136.0000
2026-09-21T02:32:00+00:00,4405.89990,4406.79980,4404.89990,4405.10010,67.0000
2026-09-21T02:33:00+00:00,4404.79980,4406.39990,4404.70020,4405.79980,37.0000
2026-09-21T02:34:00+00:00,4405.79980,4406.79980,4405.39990,4405.50000,48.0000
2026-09-21T02:35:00+00:00,4405.10010,4407.00000,4404.50000,4405.70020,58.0000
2026-09-21T02:36:00+00:00,4405.29980,4407.00000,4405.29980,4405.79980,20.0000
2026-09-21T02:37:00+00:00,4406.00000,4408.39990,4406.00000,4406.89990,75.0000
2026-09-21T02:38:00+00:00,4407.20020,4408.39990,4406.60010,4406.60010,48.0000
2026-09-21T02:39:00+00:00,4406.79980,4406.79980,4405.20020,4406.00000,32.0000
2026-09-21T02:40:00+00:00,4406.10010,4406.39990,4402.89990,4402.89990,73.0000
2026-09-21T02:41:00+00:00,4403.10010,4404.89990,4402.00000,4404.89990,91.0000
2026-09-21T02:42:00+00:00,4404.60010,4404.60010,4402.70020,4403.89990,89.0000
2026-09-21T02:43:00+00:00,4404.60010,4407.70020,4404.00000,4407.00000,131.0000
2026-09-21T02:44:00+00:00,4406.89990,4407.10010,4404.20020,4404.20020,54.0000
2026-09-21T02:45:00+00:00,4404.39990,4406.00000,4404.29980,4405.60010,37.0000
2026-09-21T02:46:00+00:00,4405.20020,4408.00000,4405.20020,4408.00000,36.0000
2026-09-21T02:47:00+00:00,4408.00000,4408.00000,4405.79980,4406.00000,36.0000
2026-09-21T02:48:00+00:00,4405.70020,4406.39990,4404.60010,4405.00000,62.0000
2026-09-21T02:49:00+00:00,4405.79980,4406.29980,4405.10010,4406.20020,12.0000
2026-09-21T02:50:00+00:00,4406.10010,4406.60010,4405.60010,4406.10010,27.0000
2026-09-21T02:51:00+00:00,4406.10010,4407.00000,4404.20020,4404.20020,48.0000
2026-09-21T02:52:00+00:00,4404.70020,4405.79980,4404.50000,4405.60010,27.0000
2026-09-21T02:53:00+00:00,4405.89990,4406.00000,4404.89990,4405.00000,22.0000
2026-09-21T02:54:00+00:00,4404.89990,4405.00000,4403.29980,4403.39990,96.0000
2026-09-21T02:55:00+00:00,4402.89990,4404.00000,4402.10010,4403.70020,64.0000
2026-09-21T02:56:00+00:00,4402.70020,4404.39990,4402.60010,4403.29980,191.0000
2026-09-21T02:57:00+00:00,4403.00000,4404.89990,4402.70020,4403.39990,71.0000
2026-09-21T02:58:00+00:00,4403.10010,4403.20020,4400.50000,4401.70020,119.0000
2026-09-21T02:59:00+00:00,4401.10010,4401.79980,4400.60010,4401.50000,38.0000
2026-09-21T03:00:00+00:00,4401.70020,4402.00000,4401.10010,4401.29980,41.0000
2026-09-21T03:01:00+00:00,4401.20020,4401.39990,4398.70020,4399.29980,203.0000
2026-09-21T03:02:00+00:00,4399.39990,4400.10010,4396.79980,4398.89990,236.0000
2026-09-21T03:03:00+00:00,4399.10010,4403.39990,4399.10010,4402.89990,145.0000
2026-09-21T03:04:00+00:00,4402.70020,4404.60010,4402.29980,4404.50000,81.0000
2026-09-21T03:05:00+00:00,4404.20020,4404.29980,4403.29980,4404.20020,55.0000
2026-09-21T03:06:00+00:00,4403.70020,4404.29980,4402.70020,4403.50000,50.0000
2026-09-21T03:07:00+00:00,4403.70020,4404.50000,4398.60010,4398.79980,260.0000
2026-09-21T03:08:00+00:00,4398.79980,4399.79980,4398.39990,4398.50000,43.0000
2026-09-21T03:09:00+00:00,4398.39990,4398.70020,4396.89990,4398.70020,171.0000
2026-09-21T03:10:00+00:00,4398.70020,4400.29980,4398.39990,4400.20020,66.0000
2026-09-21T03:11:00+00:00,4400.20020,4400.50000,4399.10010,4399.10010,26.0000
2026-09-21T03:12:00+00:00,4399.20020,4400.29980,4399.20020,4399.79980,44.0000
2026-09-21T03:13:00+00:00,4399.70020,4400.79980,4399.70020,4400.29980,64.0000
2026-09-21T03:14:00+00:00,4400.89990,4401.10010,4400.39990,4400.79980,40.0000
2026-09-21T03:15:00+00:00,4400.89990,4401.20020,4400.00000,4401.00000,59.0000
2026-09-21T03:16:00+00:00,4401.29980,4402.10010,4400.50000,4401.60010,88.0000
2026-09-21T03:17:00+00:00,4401.60010,4401.70020,4399.70020,4399.79980,57.0000
2026-09-21T03:18:00+00:00,4399.50000,4402.89990,4399.00000,4402.60010,117.0000
2026-09-21T03:19:00+00:00,4402.29980,4403.39990,4401.10010,4401.70020,97.0000
2026-09-21T03:20:00+00:00,4401.50000,4401.60010,4400.60010,4400.70020,86.0000
2026-09-21T03:21:00+00:00,4400.20020,4400.20020,4398.50000,4399.60010,63.0000
2026-09-21T03:22:00+00:00,4399.70020,4400.20020,4399.70020,4400.00000,8.0000
2026-09-21T03:23:00+00:00,4399.89990,4400.29980,4399.39990,4399.39990,19.0000
2026-09-21T03:24:00+00:00,4399.60010,4400.10010,4399.29980,4400.10010,18.0000
2026-09-21T03:25:00+00:00,4399.79980,4400.29980,4399.50000,4399.50000,33.0000
2026-09-21T03:26:00+00:00,4399.20020,4399.29980,4398.20020,4398.20020,28.0000
2026-09-21T03:27:00+00:00,4398.20020,4399.00000,4396.70020,4397.20020,70.0000
2026-09-21T03:28:00+00:00,4397.50000,4398.29980,4397.29980,4397.50000,24.0000
2026-09-21T03:29:00+00:00,4397.60010,4397.89990,4397.39990,4397.79980,32.0000
2026-09-21T03:30:00+00:00,4397.50000,4398.79980,4397.20020,4398.60010,64.0000
2026-09-21T03:31:00+00:00,4398.79980,4399.50000,4398.60010,4398.79980,31.0000
2026-09-21T03:32:00+00:00,4398.89990,4400.29980,4398.89990,4400.10010,33.0000
2026-09-21T03:33:00+00:00,4399.89990,4401.29980,4399.70020,4400.70020,53.0000
2026-09-21T03:34:00+00:00,4400.70020,4403.20020,4400.60010,4402.89990,150.0000
2026-09-21T03:35:00+00:00,4403.00000,4405.60010,4402.20020,4402.29980,197.0000
2026-09-21T03:36:00+00:00,4402.20020,4403.10010,4401.79980,4403.10010,41.0000
2026-09-21T03:37:00+00:00,4403.20020,4404.89990,4402.79980,4403.10010,62.0000
2026-09-21T03:38:00+00:00,4402.89990,4405.00000,4402.89990,4404.79980,20.0000
2026-09-21T03:39:00+00:00,4404.89990,4405.00000,4403.70020,4403.70020,43.0000
2026-09-21T03:40:00+00:00,4403.50000,4403.70020,4402.89990,4403.60010,41.0000
2026-09-21T03:41:00+00:00,4403.89990,4404.89990,4403.50000,4404.39990,42.0000
2026-09-21T03:42:00+00:00,4404.79980,4405.60010,4404.60010,4405.20020,43.0000
2026-09-21T03:43:00+00:00,4405.29980,4405.79980,4404.60010,4405.50000,60.0000
2026-09-21T03:44:00+00:00,4405.50000,4405.60010,4404.79980,4405.10010,14.0000
2026-09-21T03:45:00+00:00,4405.20020,4406.00000,4405.00000,4405.50000,41.0000
2026-09-21T03:46:00+00:00,4405.29980,4405.29980,4403.60010,4404.39990,68.0000
2026-09-21T03:47:00+00:00,4404.00000,4404.00000,4402.50000,4403.00000,44.0000
2026-09-21T03:48:00+00:00,4403.20020,4403.20020,4401.89990,4402.00000,48.0000
2026-09-21T03:49:00+00:00,4402.20020,4402.20020,4401.00000,4401.00000,12.0000
2026-09-21T03:50:00+00:00,4400.70020,4400.70020,4399.50000,4399.70020,33.0000
2026-09-21T03:51:00+00:00,4399.89990,4400.29980,4399.50000,4400.00000,24.0000
2026-09-21T03:52:00+00:00,4400.20020,4401.29980,4400.20020,4401.20020,29.0000
2026-09-21T03:53:00+00:00,4400.60010,4401.00000,4398.00000,4398.39990,94.0000
2026-09-21T03:54:00+00:00,4398.29980,4398.29980,4395.79980,4396.89990,148.0000
2026-09-21T03:55:00+00:00,4397.00000,4397.00000,4395.89990,4395.89990,45.0000
2026-09-21T03:56:00+00:00,4396.00000,4397.29980,4395.70020,4396.00000,30.0000
2026-09-21T03:57:00+00:00,4396.29980,4396.60010,4395.70020,4395.89990,16.0000
2026-09-21T03:58:00+00:00,4395.89990,4395.89990,4395.39990,4395.79980,25.0000
2026-09-21T04:00:00+00:00,4396.79980,4398.20020,4396.50000,4398.10010,72.0000
2026-09-21T04:01:00+00:00,4397.89990,4398.39990,4396.79980,4398.39990,38.0000
2026-09-21T04:02:00+00:00,4398.50000,4398.50000,4397.89990,4397.89990,17.0000
2026-09-21T04:03:00+00:00,4397.89990,4398.00000,4397.10010,4397.29980,15.0000
2026-09-21T04:04:00+00:00,4397.00000,4397.00000,4395.20020,4395.70020,33.0000
2026-09-21T04:05:00+00:00,4395.89990,4396.20020,4394.70020,4395.70020,52.0000
2026-09-21T04:06:00+00:00,4395.50000,4395.50000,4394.70020,4395.29980,21.0000
2026-09-21T04:07:00+00:00,4395.29980,4395.39990,4393.39990,4393.89990,104.0000
2026-09-21T04:08:00+00:00,4394.10010,4395.79980,4393.89990,4395.70020,41.0000
2026-09-21T04:09:00+00:00,4395.79980,4396.39990,4395.10010,4395.70020,70.0000
2026-09-21T04:10:00+00:00,4395.89990,4396.50000,4395.79980,4395.79980,20.0000
2026-09-21T04:11:00+00:00,4396.00000,4397.60010,4395.79980,4396.29980,69.0000
2026-09-21T04:12:00+00:00,4396.60010,4398.60010,4396.60010,4398.60010,41.0000
2026-09-21T04:13:00+00:00,4398.39990,4398.70020,4397.89990,4397.89990,21.0000
2026-09-21T04:14:00+00:00,4398.00000,4398.20020,4397.20020,4397.29980,25.0000
2026-09-21T04:15:00+00:00,4397.29980,4397.70020,4396.70020,4396.79980,35.0000
2026-09-21T04:16:00+00:00,4396.89990,4399.89990,4396.89990,4399.89990,35.0000
2026-09-21T04:17:00+00:00,4400.00000,4400.70020,4398.79980,4398.89990,41.0000
2026-09-21T04:18:00+00:00,4399.29980,4400.79980,4399.29980,4400.79980,41.0000
2026-09-21T04:19:00+00:00,4400.70020,4401.70020,4400.20020,4401.70020,36.0000
2026-09-21T04:20:00+00:00,4401.79980,4402.89990,4401.70020,4402.20020,36.0000
2026-09-21T04:21:00+00:00,4401.89990,4402.20020,4401.50000,4401.70020,27.0000
2026-09-21T04:22:00+00:00,4401.50000,4401.70020,4401.20020,4401.50000,23.0000
2026-09-21T04:23:00+00:00,4401.29980,4401.89990,4401.20020,4401.39990,19.0000
2026-09-21T04:24:00+00:00,4401.50000,4401.50000,4401.00000,4401.29980,18.0000
2026-09-21T04:25:00+00:00,4401.10010,4401.79980,4401.10010,4401.29980,21.0000
2026-09-21T04:26:00+00:00,4401.39990,4402.00000,4400.79980,4401.79980,39.0000
2026-09-21T04:27:00+00:00,4401.79980,4402.70020,4401.79980,4402.50000,28.0000
2026-09-21T04:28:00+00:00,4402.00000,4402.00000,4399.89990,4400.39990,44.0000
2026-09-21T04:29:00+00:00,4400.20020,4400.29980,4399.00000,4399.20020,22.0000
2026-09-21T04:30:00+00:00,4399.20020,4399.39990,4395.60010,4396.79980,220.0000
2026-09-21T04:31:00+00:00,4396.70020,4399.00000,4396.00000,4398.10010,102.0000
2026-09-21T04:32:00+00:00,4397.79980,4398.29980,4395.70020,4397.50000,97.0000
2026-09-21T04:33:00+00:00,4397.50000,4397.79980,4396.39990,4397.29980,48.0000
2026-09-21T04:34:00+00:00,4397.60010,4399.20020,4397.50000,4399.00000,45.0000
2026-09-21T04:35:00+00:00,4399.00000,4400.29980,4398.89990,4400.29980,31.0000
2026-09-21T04:36:00+00:00,4400.29980,4400.29980,4398.70020,4399.10010,16.0000
2026-09-21T04:38:00+00:00,4398.79980,4398.79980,4398.10010,4398.60010,20.0000
2026-09-21T04:39:00+00:00,4398.50000,4398.79980,4398.29980,4398.70020,12.0000
2026-09-21T04:40:00+00:00,4398.70020,4399.10010,4398.50000,4399.10010,23.0000
2026-09-21T04:41:00+00:00,4398.89990,4399.29980,4398.79980,4399.29980,10.0000
2026-09-21T04:42:00+00:00,4399.39990,4399.70020,4398.70020,4399.00000,27.0000
2026-09-21T04:43:00+00:00,4399.39990,4400.70020,4399.39990,4400.29980,70.0000
2026-09-21T04:44:00+00:00,4400.20020,4400.20020,4398.79980,4399.10010,37.0000
2026-09-21T04:45:00+00:00,4398.89990,4399.70020,4398.89990,4399.70020,13.0000
2026-09-21T04:46:00+00:00,4399.50000,4399.60010,4398.39990,4398.70020,31.0000
2026-09-21T04:47:00+00:00,4398.39990,4399.00000,4398.00000,4398.00000,18.0000
2026-09-21T04:48:00+00:00,4397.89990,4399.39990,4397.89990,4398.79980,31.0000
2026-09-21T04:49:00+00:00,4398.60010,4399.00000,4396.89990,4398.00000,59.0000
2026-09-21T04:50:00+00:00,4397.60010,4397.60010,4396.60010,4396.89990,8.0000
2026-09-21T04:51:00+00:00,4396.70020,4396.79980,4396.00000,4396.00000,28.0000
2026-09-21T04:52:00+00:00,4396.39990,4397.20020,4396.29980,4396.70020,38.0000
2026-09-21T04:53:00+00:00,4396.00000,4396.29980,4395.50000,4395.50000,16.0000
2026-09-21T04:54:00+00:00,4395.50000,4395.60010,4394.50000,4394.60010,45.0000
2026-09-21T04:55:00+00:00,4394.60010,4395.60010,4394.29980,4394.70020,88.0000
2026-09-21T04:56:00+00:00,4394.89990,4396.50000,4394.89990,4396.50000,23.0000
2026-09-21T04:57:00+00:00,4396.60010,4397.10010,4394.60010,4394.70020,44.0000
2026-09-21T04:58:00+00:00,4394.70020,4394.89990,4392.29980,4392.29980,76.0000
2026-09-21T04:59:00+00:00,4392.39990,4393.20020,4392.20020,4393.10010,41.0000
2026-09-21T05:00:00+00:00,4392.89990,4393.50000,4391.00000,4391.79980,145.0000
2026-09-21T05:01:00+00:00,4392.00000,4394.29980,4392.00000,4394.20020,78.0000
2026-09-21T05:02:00+00:00,4393.89990,4394.39990,4393.39990,4394.29980,17.0000
2026-09-21T05:03:00+00:00,4394.00000,4394.60010,4393.60010,4394.20020,31.0000
2026-09-21T05:04:00+00:00,4394.29980,4394.60010,4392.70020,4392.79980,25.0000
2026-09-21T05:05:00+00:00,4392.70020,4392.89990,4392.50000,4392.70020,27.0000
2026-09-21T05:06:00+00:00,4392.60010,4393.50000,4391.50000,4392.70020,102.0000
2026-09-21T05:07:00+00:00,4392.70020,4392.89990,4391.60010,4391.89990,40.0000
2026-09-21T05:08:00+00:00,4391.79980,4392.89990,4391.79980,4392.20020,38.0000
2026-09-21T05:09:00+00:00,4392.39990,4393.29980,4392.10010,4392.20020,37.0000
2026-09-21T05:10:00+00:00,4391.79980,4392.60010,4390.50000,4390.70020,74.0000
2026-09-21T05:11:00+00:00,4390.50000,4392.29980,4389.70020,4392.29980,116.0000
2026-09-21T05:12:00+00:00,4392.39990,4392.79980,4391.79980,4392.79980,34.0000
2026-09-21T05:13:00+00:00,4392.20020,4392.79980,4391.70020,4392.50000,33.0000
2026-09-21T05:14:00+00:00,4392.60010,4393.29980,4392.60010,4393.00000,42.0000
2026-09-21T05:15:00+00:00,4393.39990,4393.60010,4391.60010,4391.70020,51.0000
2026-09-21T05:16:00+00:00,4391.60010,4392.10010,4391.50000,4391.60010,22.0000
2026-09-21T05:17:00+00:00,4391.29980,4392.00000,4391.29980,4391.50000,23.0000
2026-09-21T05:18:00+00:00,4391.39990,4392.89990,4391.39990,4392.29980,51.0000
2026-09-21T05:19:00+00:00,4392.39990,4393.20020,4391.00000,4392.20020,39.0000
2026-09-21T05:20:00+00:00,4392.39990,4393.60010,4392.20020,4393.60010,16.0000
2026-09-21T05:21:00+00:00,4393.79980,4395.29980,4393.79980,4395.10010,59.0000
2026-09-21T05:22:00+00:00,4394.79980,4396.50000,4394.79980,4396.10010,88.0000
2026-09-21T05:23:00+00:00,4396.00000,4398.29980,4396.00000,4397.39990,135.0000
2026-09-21T05:24:00+00:00,4397.29980,4398.00000,4396.89990,4397.10010,59.0000
2026-09-21T05:25:00+00:00,4396.89990,4397.89990,4395.00000,4396.50000,147.0000
2026-09-21T05:26:00+00:00,4396.70020,4398.00000,4396.50000,4398.00000,76.0000
2026-09-21T05:27:00+00:00,4398.00000,4398.29980,4396.10010,4396.10010,49.0000
2026-09-21T05:28:00+00:00,4396.10010,4396.10010,4394.50000,4394.79980,58.0000
2026-09-21T05:29:00+00:00,4394.70020,4395.79980,4394.50000,4394.60010,77.0000
2026-09-21T05:30:00+00:00,4394.50000,4399.29980,4393.10010,4398.50000,360.0000
2026-09-21T05:31:00+00:00,4398.29980,4399.10010,4397.39990,4399.00000,50.0000
2026-09-21T05:32:00+00:00,4398.79980,4398.79980,4394.00000,4394.00000,78.0000
2026-09-21T05:33:00+00:00,4394.00000,4394.29980,4391.20020,4393.00000,119.0000
2026-09-21T05:34:00+00:00,4393.29980,4393.60010,4391.29980,4392.29980,98.0000
2026-09-21T05:35:00+00:00,4392.29980,4392.29980,4389.20020,4390.60010,219.0000
2026-09-21T05:36:00+00:00,4390.70020,4393.79980,4390.70020,4393.10010,117.0000
2026-09-21T05:37:00+00:00,4393.00000,4393.79980,4392.20020,4393.60010,48.0000
2026-09-21T05:38:00+00:00,4393.50000,4394.60010,4393.00000,4394.29980,50.0000
2026-09-21T05:39:00+00:00,4394.50000,4394.70020,4393.60010,4393.79980,29.0000
2026-09-21T05:40:00+00:00,4394.29980,4395.29980,4394.20020,4394.60010,34.0000
2026-09-21T05:41:00+00:00,4394.79980,4394.79980,4392.39990,4392.39990,85.0000
2026-09-21T05:42:00+00:00,4391.60010,4392.79980,4391.50000,4391.70020,53.0000
2026-09-21T05:43:00+00:00,4391.79980,4393.39990,4391.39990,4392.50000,58.0000
2026-09-21T05:44:00+00:00,4392.10010,4392.50000,4392.00000,4392.20020,26.0000
2026-09-21T05:45:00+00:00,4391.60010,4391.60010,4387.50000,4389.20020,257.0000
2026-09-21T05:46:00+00:00,4389.29980,4391.00000,4389.20020,4389.89990,87.0000
2026-09-21T05:47:00+00:00,4390.00000,4390.29980,4389.50000,4389.70020,60.0000
2026-09-21T05:48:00+00:00,4389.60010,4389.79980,4388.10010,4388.70020,36.0000
2026-09-21T05:49:00+00:00,4389.10010,4389.79980,4387.60010,4387.70020,73.0000
2026-09-21T05:50:00+00:00,4387.79980,4389.89990,4387.70020,4389.39990,76.0000
2026-09-21T05:51:00+00:00,4389.39990,4389.39990,4386.29980,4388.50000,162.0000
2026-09-21T05:52:00+00:00,4388.39990,4391.39990,4388.39990,4391.00000,59.0000
2026-09-21T05:53:00+00:00,4391.00000,4393.20020,4391.00000,4393.00000,96.0000
2026-09-21T05:54:00+00:00,4392.70020,4392.70020,4391.10010,4391.50000,82.0000
2026-09-21T05:55:00+00:00,4391.20020,4391.50000,4390.29980,4391.50000,40.0000
2026-09-21T05:56:00+00:00,4391.39990,4392.50000,4390.00000,4390.79980,28.0000
2026-09-21T05:57:00+00:00,4390.60010,4391.60010,4390.39990,4391.00000,62.0000
2026-09-21T05:58:00+00:00,4391.29980,4391.39990,4390.60010,4390.70020,18.0000
2026-09-21T05:59:00+00:00,4390.29980,4390.60010,4388.00000,4388.00000,73.0000
2026-09-21T06:00:00+00:00,4387.89990,4390.39990,4387.79980,4390.39990,172.0000
2026-09-21T06:01:00+00:00,4390.39990,4391.00000,4389.00000,4390.39990,112.0000
2026-09-21T06:02:00+00:00,4390.79980,4390.79980,4389.20020,4389.50000,43.0000
2026-09-21T06:03:00+00:00,4389.29980,4389.79980,4388.89990,4389.29980,33.0000
2026-09-21T06:04:00+00:00,4388.89990,4389.39990,4386.50000,4389.29980,100.0000
2026-09-21T06:05:00+00:00,4389.00000,4391.60010,4388.70020,4391.50000,144.0000
2026-09-21T06:06:00+00:00,4391.79980,4392.79980,4389.89990,4392.10010,141.0000
2026-09-21T06:07:00+00:00,4392.20020,4392.29980,4390.89990,4391.20020,45.0000
2026-09-21T06:08:00+00:00,4391.29980,4391.89990,4389.20020,4391.60010,67.0000
2026-09-21T06:09:00+00:00,4392.00000,4392.39990,4391.29980,4391.60010,24.0000
2026-09-21T06:10:00+00:00,4392.29980,4392.39990,4391.60010,4392.29980,42.0000
2026-09-21T06:11:00+00:00,4392.00000,4393.10010,4391.00000,4392.10010,74.0000
2026-09-21T06:12:00+00:00,4391.79980,4392.10010,4389.79980,4390.00000,26.0000
2026-09-21T06:13:00+00:00,4390.00000,4390.70020,4388.70020,4390.70020,64.0000
2026-09-21T06:14:00+00:00,4391.00000,4391.60010,4390.10010,4390.39990,48.0000
2026-09-21T06:15:00+00:00,4390.39990,4390.89990,4390.00000,4390.39990,22.0000
2026-09-21T06:16:00+00:00,4390.70020,4391.20020,4390.10010,4390.50000,21.0000
2026-09-21T06:17:00+00:00,4390.20020,4392.00000,4387.50000,4388.79980,193.0000
2026-09-21T06:18:00+00:00,4388.89990,4389.50000,4387.10010,4389.50000,74.0000
2026-09-21T06:19:00+00:00,4389.60010,4389.89990,4385.70020,4386.10010,92.0000
2026-09-21T06:20:00+00:00,4386.00000,4388.39990,4385.20020,4387.29980,226.0000
2026-09-21T06:21:00+00:00,4387.60010,4387.79980,4385.39990,4387.50000,103.0000
2026-09-21T06:22:00+00:00,4387.20020,4387.50000,4385.60010,4386.10010,86.0000
2026-09-21T06:23:00+00:00,4386.00000,4386.50000,4386.00000,4386.00000,26.0000
2026-09-21T06:24:00+00:00,4386.10010,4386.70020,4384.10010,4384.39990,97.0000
2026-09-21T06:25:00+00:00,4384.50000,4385.39990,4383.50000,4385.39990,80.0000
2026-09-21T06:26:00+00:00,4385.50000,4385.50000,4383.70020,4384.60010,43.0000
2026-09-21T06:27:00+00:00,4384.39990,4386.29980,4384.39990,4386.00000,44.0000
2026-09-21T06:28:00+00:00,4385.79980,4385.79980,4385.00000,4385.00000,27.0000
2026-09-21T06:29:00+00:00,4385.00000,4385.50000,4384.20020,4384.39990,41.0000
2026-09-21T06:30:00+00:00,4384.60010,4385.60010,4384.60010,4384.79980,65.0000
2026-09-21T06:31:00+00:00,4384.89990,4386.60010,4384.60010,4385.89990,43.0000
2026-09-21T06:32:00+00:00,4385.39990,4386.20020,4385.00000,4385.50000,51.0000
2026-09-21T06:33:00+00:00,4385.29980,4386.20020,4384.89990,4386.00000,41.0000
2026-09-21T06:34:00+00:00,4386.00000,4387.60010,4386.00000,4387.20020,57.0000
2026-09-21T06:35:00+00:00,4387.10010,4387.79980,4386.60010,4387.50000,32.0000
2026-09-21T06:36:00+00:00,4387.29980,4388.89990,4387.29980,4388.50000,42.0000
2026-09-21T06:37:00+00:00,4388.39990,4388.79980,4387.29980,4388.10010,136.0000
2026-09-21T06:38:00+00:00,4388.60010,4389.00000,4388.29980,4388.29980,13.0000
2026-09-21T06:39:00+00:00,4388.29980,4389.20020,4387.89990,4388.89990,21.0000
2026-09-21T06:40:00+00:00,4388.89990,4391.50000,4388.50000,4391.29980,127.0000
2026-09-21T06:41:00+00:00,4391.20020,4391.29980,4390.00000,4390.79980,66.0000
2026-09-21T06:42:00+00:00,4390.70020,4391.20020,4389.10010,4389.50000,63.0000
2026-09-21T06:43:00+00:00,4389.50000,4389.79980,4388.70020,4389.00000,14.0000
2026-09-21T06:44:00+00:00,4389.00000,4389.70020,4388.50000,4389.60010,24.0000
2026-09-21T06:45:00+00:00,4389.50000,4391.29980,4389.50000,4391.10010,70.0000
2026-09-21T06:46:00+00:00,4391.20020,4392.20020,4390.70020,4390.89990,52.0000
2026-09-21T06:47:00+00:00,4390.50000,4391.79980,4389.60010,4391.79980,50.0000
2026-09-21T06:48:00+00:00,4391.29980,4392.29980,4391.29980,4391.29980,36.0000
2026-09-21T06:49:00+00:00,4391.29980,4392.20020,4390.70020,4391.70020,57.0000
2026-09-21T06:50:00+00:00,4391.79980,4391.79980,4388.89990,4388.89990,79.0000
2026-09-21T06:51:00+00:00,4388.70020,4390.10010,4387.70020,4389.79980,185.0000
2026-09-21T06:52:00+00:00,4389.60010,4390.60010,4389.50000,4390.60010,72.0000
2026-09-21T06:53:00+00:00,4390.60010,4391.10010,4388.79980,4390.20020,53.0000
2026-09-21T06:54:00+00:00,4390.00000,4390.29980,4389.60010,4389.60010,32.0000
2026-09-21T06:55:00+00:00,4389.70020,4390.10010,4388.79980,4389.70020,56.0000
2026-09-21T06:56:00+00:00,4390.50000,4391.89990,4389.50000,4391.39990,129.0000
2026-09-21T06:57:00+00:00,4391.29980,4392.00000,4390.60010,4391.00000,67.0000
2026-09-21T06:58:00+00:00,4390.79980,4391.10010,4390.60010,4391.00000,21.0000
2026-09-21T06:59:00+00:00,4390.89990,4391.50000,4390.60010,4390.70020,40.0000
2026-09-21T07:00:00+00:00,4390.79980,4390.79980,4384.00000,4384.79980,227.0000
2026-09-21T07:01:00+00:00,4384.60010,4385.10010,4383.10010,4385.00000,200.0000
2026-09-21T07:02:00+00:00,4385.20020,4388.39990,4385.10010,4387.89990,157.0000
2026-09-21T07:03:00+00:00,4387.89990,4393.60010,4387.50000,4392.79980,395.0000
2026-09-21T07:04:00+00:00,4393.00000,4393.00000,4390.39990,4392.50000,112.0000
2026-09-21T07:05:00+00:00,4392.70020,4392.79980,4390.10010,4392.00000,58.0000
2026-09-21T07:06:00+00:00,4391.70020,4393.70020,4391.70020,4392.20020,79.0000
2026-09-21T07:07:00+00:00,4392.10010,4392.79980,4391.50000,4392.60010,103.0000
2026-09-21T07:08:00+00:00,4392.50000,4392.50000,4389.00000,4389.20020,98.0000
2026-09-21T07:09:00+00:00,4389.29980,4390.79980,4388.50000,4389.89990,77.0000
2026-09-21T07:10:00+00:00,4389.60010,4389.79980,4388.00000,4388.89990,48.0000
2026-09-21T07:11:00+00:00,4388.20020,4388.60010,4386.50000,4386.50000,105.0000
2026-09-21T07:12:00+00:00,4386.39990,4387.39990,4383.50000,4384.50000,140.0000
2026-09-21T07:13:00+00:00,4384.29980,4386.70020,4384.00000,4386.60010,117.0000
2026-09-21T07:14:00+00:00,4386.79980,4391.10010,4386.79980,4390.39990,129.0000
2026-09-21T07:15:00+00:00,4390.29980,4392.29980,4388.29980,4388.89990,150.0000
2026-09-21T07:16:00+00:00,4388.39990,4391.89990,4388.39990,4391.89990,96.0000
2026-09-21T07:17:00+00:00,4392.00000,4393.00000,4390.20020,4390.29980,106.0000
2026-09-21T07:18:00+00:00,4390.50000,4391.60010,4389.60010,4391.39990,50.0000
2026-09-21T07:19:00+00:00,4392.00000,4392.20020,4391.29980,4391.50000,28.0000
2026-09-21T07:20:00+00:00,4391.20020,4391.60010,4390.10010,4391.10010,42.0000
2026-09-21T07:21:00+00:00,4391.20020,4391.39990,4389.29980,4389.60010,39.0000
2026-09-21T07:22:00+00:00,4389.29980,4389.70020,4388.00000,4389.29980,66.0000
2026-09-21T07:23:00+00:00,4389.00000,4389.79980,4388.79980,4389.20020,27.0000
2026-09-21T07:24:00+00:00,4388.79980,4389.89990,4388.39990,4388.39990,15.0000
2026-09-21T07:25:00+00:00,4388.79980,4389.10010,4386.60010,4387.00000,56.0000
2026-09-21T07:26:00+00:00,4387.20020,4387.20020,4384.29980,4385.20020,112.0000
2026-09-21T07:27:00+00:00,4384.89990,4387.89990,4384.89990,4387.70020,76.0000
2026-09-21T07:28:00+00:00,4387.60010,4388.39990,4387.20020,4388.20020,24.0000
2026-09-21T07:29:00+00:00,4387.50000,4389.39990,4387.39990,4387.89990,72.0000
2026-09-21T07:30:00+00:00,4388.39990,4388.60010,4386.39990,4386.79980,39.0000
2026-09-21T07:31:00+00:00,4386.60010,4388.60010,4386.60010,4388.29980,25.0000
2026-09-21T07:32:00+00:00,4388.89990,4389.20020,4387.00000,4387.00000,14.0000
2026-09-21T07:33:00+00:00,4387.10010,4390.00000,4387.00000,4389.70020,24.0000
2026-09-21T07:34:00+00:00,4389.50000,4390.20020,4389.10010,4390.00000,14.0000
2026-09-21T07:35:00+00:00,4389.50000,4390.79980,4388.70020,4390.00000,33.0000
2026-09-21T07:36:00+00:00,4389.79980,4390.39990,4388.20020,4389.89990,78.0000
2026-09-21T07:37:00+00:00,4389.70020,4391.39990,4389.50000,4391.39990,78.0000
2026-09-21T07:38:00+00:00,4391.50000,4392.70020,4388.89990,4389.10010,302.0000
2026-09-21T07:39:00+00:00,4389.00000,4389.00000,4387.20020,4387.60010,99.0000
2026-09-21T07:40:00+00:00,4387.70020,4388.00000,4384.70020,4385.00000,146.0000
2026-09-21T07:41:00+00:00,4384.70020,4385.20020,4383.29980,4384.29980,332.0000
2026-09-21T07:42:00+00:00,4384.29980,4386.60010,4384.00000,4384.39990,148.0000
2026-09-21T07:43:00+00:00,4384.39990,4384.89990,4379.00000,4379.79980,722.0000
2026-09-21T07:44:00+00:00,4380.10010,4385.70020,4379.89990,4384.39990,300.0000
2026-09-21T07:45:00+00:00,4384.29980,4387.29980,4382.79980,4387.20020,183.0000
2026-09-21T07:46:00+00:00,4387.20020,4387.20020,4384.00000,4384.20020,93.0000
2026-09-21T07:47:00+00:00,4384.39990,4385.79980,4384.10010,4384.39990,65.0000
2026-09-21T07:48:00+00:00,4384.10010,4386.20020,4384.00000,4385.79980,42.0000
2026-09-21T07:49:00+00:00,4385.70020,4385.70020,4383.89990,4384.39990,50.0000
2026-09-21T07:50:00+00:00,4383.79980,4385.39990,4383.79980,4385.29980,60.0000
2026-09-21T07:51:00+00:00,4385.79980,4386.50000,4385.70020,4386.00000,53.0000
2026-09-21T07:52:00+00:00,4386.00000,4386.60010,4385.89990,4386.60010,32.0000
2026-09-21T07:53:00+00:00,4386.29980,4386.79980,4383.89990,4384.60010,113.0000
2026-09-21T07:54:00+00:00,4384.70020,4385.79980,4383.79980,4385.79980,56.0000
2026-09-21T07:55:00+00:00,4385.89990,4386.29980,4385.20020,4385.79980,37.0000
2026-09-21T07:56:00+00:00,4385.79980,4386.20020,4384.89990,4385.70020,42.0000
2026-09-21T07:57:00+00:00,4385.50000,4385.60010,4383.50000,4383.50000,58.0000
2026-09-21T07:58:00+00:00,4383.70020,4383.89990,4382.00000,4382.39990,74.0000
2026-09-21T07:59:00+00:00,4382.50000,4382.89990,4381.50000,4381.60010,62.0000
2026-09-21T08:00:00+00:00,4381.50000,4382.70020,4380.79980,4382.20020,133.0000
2026-09-21T08:01:00+00:00,4382.10010,4384.10010,4381.89990,4383.70020,77.0000
2026-09-21T08:02:00+00:00,4384.00000,4384.89990,4383.00000,4383.20020,143.0000
2026-09-21T08:03:00+00:00,4383.20020,4384.00000,4382.20020,4383.60010,79.0000
2026-09-21T08:04:00+00:00,4383.79980,4386.20020,4383.79980,4385.89990,52.0000
2026-09-21T08:05:00+00:00,4386.00000,4386.89990,4385.50000,4385.70020,117.0000
2026-09-21T08:06:00+00:00,4386.00000,4388.79980,4386.00000,4388.29980,93.0000
2026-09-21T08:07:00+00:00,4388.00000,4388.00000,4385.00000,4385.10010,85.0000
2026-09-21T08:08:00+00:00,4385.29980,4387.10010,4385.29980,4386.70020,49.0000
2026-09-21T08:09:00+00:00,4386.60010,4386.60010,4383.20020,4384.39990,116.0000
2026-09-21T08:10:00+00:00,4384.29980,4386.29980,4383.70020,4386.29980,76.0000
2026-09-21T08:11:00+00:00,4386.39990,4388.89990,4386.20020,4388.89990,73.0000
2026-09-21T08:12:00+00:00,4388.79980,4390.70020,4388.10010,4389.79980,132.0000
2026-09-21T08:13:00+00:00,4389.89990,4389.89990,4387.70020,4387.70020,32.0000
2026-09-21T08:14:00+00:00,4388.20020,4389.29980,4387.50000,4388.20020,74.0000
2026-09-21T08:15:00+00:00,4387.60010,4388.70020,4387.29980,4388.20020,35.0000
2026-09-21T08:16:00+00:00,4388.10010,4391.39990,4387.89990,4390.79980,143.0000
2026-09-21T08:17:00+00:00,4390.70020,4391.50000,4390.20020,4390.70020,43.0000
2026-09-21T08:18:00+00:00,4390.79980,4391.00000,4390.20020,4390.50000,32.0000
2026-09-21T08:19:00+00:00,4390.89990,4392.60010,4390.20020,4391.50000,105.0000
2026-09-21T08:20:00+00:00,4391.50000,4391.50000,4390.00000,4390.39990,64.0000
2026-09-21T08:21:00+00:00,4390.29980,4391.10010,4390.00000,4391.00000,75.0000
2026-09-21T08:22:00+00:00,4390.79980,4391.00000,4390.39990,4390.79980,18.0000
2026-09-21T08:23:00+00:00,4391.10010,4392.50000,4391.00000,4392.29980,46.0000
2026-09-21T08:24:00+00:00,4392.29980,4392.89990,4391.29980,4392.60010,84.0000
2026-09-21T08:25:00+00:00,4392.39990,4393.00000,4391.89990,4392.79980,74.0000
2026-09-21T08:26:00+00:00,4392.60010,4392.60010,4391.10010,4391.70020,48.0000
2026-09-21T08:27:00+00:00,4392.00000,4392.60010,4391.29980,4391.29980,26.0000
2026-09-21T08:28:00+00:00,4391.79980,4392.10010,4391.29980,4391.89990,36.0000
2026-09-21T08:29:00+00:00,4391.39990,4391.89990,4390.60010,4390.79980,82.0000
2026-09-21T08:30:00+00:00,4390.50000,4391.50000,4388.39990,4391.50000,151.0000
2026-09-21T08:31:00+00:00,4391.29980,4392.60010,4391.20020,4392.60010,61.0000
2026-09-21T08:32:00+00:00,4392.60010,4393.39990,4391.89990,4392.29980,107.0000
2026-09-21T08:33:00+00:00,4392.10010,4393.50000,4392.10010,4392.70020,94.0000
2026-09-21T08:34:00+00:00,4392.29980,4392.70020,4392.10010,4392.50000,38.0000
2026-09-21T08:35:00+00:00,4392.39990,4394.00000,4391.70020,4392.89990,90.0000
2026-09-21T08:36:00+00:00,4392.79980,4393.39990,4392.60010,4393.20020,30.0000
2026-09-21T08:37:00+00:00,4393.39990,4393.60010,4391.10010,4391.79980,101.0000
2026-09-21T08:38:00+00:00,4391.89990,4393.70020,4391.29980,4392.60010,54.0000
2026-09-21T08:39:00+00:00,4392.79980,4394.50000,4392.70020,4392.70020,193.0000
2026-09-21T08:40:00+00:00,4392.70020,4392.70020,4390.70020,4391.60010,75.0000
2026-09-21T08:41:00+00:00,4391.79980,4394.10010,4391.79980,4393.89990,135.0000
2026-09-21T08:42:00+00:00,4393.60010,4393.89990,4393.00000,4393.70020,24.0000
2026-09-21T08:43:00+00:00,4393.60010,4394.20020,4392.79980,4393.20020,34.0000
2026-09-21T08:44:00+00:00,4393.29980,4395.20020,4393.29980,4395.10010,71.0000
2026-09-21T08:45:00+00:00,4395.10010,4395.10010,4393.20020,4393.60010,73.0000
2026-09-21T08:46:00+00:00,4393.60010,4394.00000,4393.10010,4393.10010,34.0000
2026-09-21T08:47:00+00:00,4393.10010,4393.29980,4391.20020,4391.79980,112.0000
2026-09-21T08:48:00+00:00,4392.10010,4393.50000,4392.10010,4393.00000,32.0000
2026-09-21T08:49:00+00:00,4393.20020,4393.79980,4392.60010,4393.50000,21.0000
2026-09-21T08:50:00+00:00,4393.29980,4393.29980,4391.39990,4391.50000,47.0000
2026-09-21T08:51:00+00:00,4391.60010,4392.50000,4391.50000,4392.10010,16.0000
2026-09-21T08:52:00+00:00,4392.29980,4392.29980,4391.29980,4391.60010,32.0000
2026-09-21T08:53:00+00:00,4391.39990,4391.60010,4390.60010,4391.20020,78.0000
2026-09-21T08:54:00+00:00,4390.70020,4390.89990,4388.20020,4388.20020,51.0000
2026-09-21T08:55:00+00:00,4388.70020,4389.29980,4387.29980,4389.10010,84.0000
2026-09-21T08:56:00+00:00,4389.10010,4389.60010,4388.39990,4388.60010,65.0000
2026-09-21T08:57:00+00:00,4388.50000,4390.39990,4388.39990,4390.39990,58.0000
2026-09-21T08:58:00+00:00,4390.10010,4390.50000,4390.10010,4390.10010,30.0000
2026-09-21T08:59:00+00:00,4390.20020,4391.00000,4390.20020,4390.70020,36.0000
2026-09-21T09:00:00+00:00,4390.70020,4391.39990,4390.20020,4390.70020,57.0000
2026-09-21T09:01:00+00:00,4390.60010,4391.20020,4389.20020,4389.50000,42.0000
2026-09-21T09:02:00+00:00,4389.29980,4389.89990,4388.79980,4389.10010,36.0000
2026-09-21T09:03:00+00:00,4389.20020,4390.79980,4388.50000,4390.39990,69.0000
2026-09-21T09:04:00+00:00,4390.60010,4391.10010,4386.79980,4387.89990,137.0000
2026-09-21T09:05:00+00:00,4387.70020,4388.60010,4387.70020,4388.50000,38.0000
2026-09-21T09:06:00+00:00,4388.50000,4390.20020,4388.50000,4390.20020,34.0000
2026-09-21T09:07:00+00:00,4389.89990,4390.70020,4389.89990,4390.50000,29.0000
2026-09-21T09:08:00+00:00,4390.39990,4391.29980,4390.39990,4390.89990,24.0000
2026-09-21T09:09:00+00:00,4391.10010,4391.20020,4390.00000,4390.60010,35.0000
2026-09-21T09:10:00+00:00,4390.70020,4391.00000,4390.00000,4390.29980,16.0000
2026-09-21T09:11:00+00:00,4390.00000,4391.00000,4390.00000,4391.00000,27.0000
2026-09-21T09:12:00+00:00,4390.70020,4391.00000,4390.20020,4390.20020,6.0000
2026-09-21T09:13:00+00:00,4389.89990,4391.00000,4389.50000,4391.00000,24.0000
2026-09-21T09:14:00+00:00,4391.10010,4391.50000,4390.50000,4391.39990,27.0000
2026-09-21T09:15:00+00:00,4391.10010,4392.00000,4391.10010,4391.79980,51.0000
2026-09-21T09:16:00+00:00,4391.60010,4392.29980,4390.89990,4390.89990,43.0000
2026-09-21T09:17:00+00:00,4391.39990,4392.39990,4390.29980,4391.79980,67.0000
2026-09-21T09:18:00+00:00,4391.20020,4391.60010,4390.10010,4390.60010,50.0000
2026-09-21T09:19:00+00:00,4390.00000,4390.00000,4388.70020,4388.89990,43.0000
2026-09-21T09:20:00+00:00,4389.10010,4391.29980,4389.00000,4389.79980,96.0000
2026-09-21T09:21:00+00:00,4389.60010,4391.29980,4389.60010,4390.60010,67.0000
2026-09-21T09:22:00+00:00,4390.50000,4391.29980,4389.89990,4391.29980,71.0000
2026-09-21T09:23:00+00:00,4391.39990,4391.39990,4389.79980,4389.79980,49.0000
2026-09-21T09:24:00+00:00,4389.50000,4389.50000,4387.60010,4388.00000,104.0000
2026-09-21T09:25:00+00:00,4388.20020,4388.29980,4386.79980,4387.00000,71.0000
2026-09-21T09:26:00+00:00,4386.89990,4387.50000,4386.79980,4387.00000,55.0000
2026-09-21T09:27:00+00:00,4387.10010,4387.89990,4387.00000,4387.29980,40.0000
2026-09-21T09:28:00+00:00,4387.39990,4388.00000,4386.20020,4386.20020,123.0000
2026-09-21T09:29:00+00:00,4386.00000,4386.39990,4383.70020,4383.70020,227.0000
2026-09-21T09:30:00+00:00,4383.70020,4383.79980,4381.50000,4383.50000,283.0000
2026-09-21T09:31:00+00:00,4383.60010,4383.60010,4380.89990,4381.60010,274.0000
2026-09-21T09:32:00+00:00,4381.50000,4381.89990,4377.50000,4379.89990,624.0000
2026-09-21T09:33:00+00:00,4379.39990,4381.50000,4378.39990,4380.70020,351.0000
2026-09-21T09:34:00+00:00,4380.70020,4380.70020,4379.20020,4379.79980,114.0000
2026-09-21T09:35:00+00:00,4379.70020,4379.89990,4377.70020,4378.79980,223.0000
2026-09-21T09:36:00+00:00,4378.70020,4381.10010,4378.60010,4380.60010,171.0000
2026-09-21T09:37:00+00:00,4380.70020,4382.60010,4380.10010,4381.10010,123.0000
2026-09-21T09:38:00+00:00,4380.70020,4382.00000,4380.20020,4381.60010,82.0000
2026-09-21T09:39:00+00:00,4381.39990,4382.00000,4379.50000,4382.00000,82.0000
2026-09-21T09:40:00+00:00,4381.70020,4382.20020,4380.29980,4382.10010,53.0000
2026-09-21T09:41:00+00:00,4382.39990,4383.50000,4382.39990,4382.79980,141.0000
2026-09-21T09:42:00+00:00,4383.00000,4383.29980,4382.60010,4382.70020,16.0000
2026-09-21T09:43:00+00:00,4382.39990,4383.70020,4382.29980,4382.60010,87.0000
2026-09-21T09:44:00+00:00,4382.89990,4385.70020,4382.89990,4385.39990,83.0000
2026-09-21T09:45:00+00:00,4385.29980,4386.29980,4385.29980,4385.79980,70.0000
2026-09-21T09:46:00+00:00,4385.70020,4386.00000,4384.39990,4385.00000,94.0000
2026-09-21T09:47:00+00:00,4384.89990,4385.20020,4384.00000,4384.10010,36.0000
2026-09-21T09:48:00+00:00,4383.79980,4384.29980,4383.70020,4384.29980,32.0000
2026-09-21T09:49:00+00:00,4383.89990,4383.89990,4381.39990,4381.89990,51.0000
2026-09-21T09:50:00+00:00,4381.70020,4383.89990,4381.70020,4383.10010,49.0000
2026-09-21T09:51:00+00:00,4382.89990,4384.29980,4382.70020,4384.00000,28.0000
2026-09-21T09:52:00+00:00,4383.70020,4384.39990,4382.00000,4382.00000,106.0000
2026-09-21T09:53:00+00:00,4381.89990,4382.79980,4381.89990,4382.79980,39.0000
2026-09-21T09:54:00+00:00,4383.10010,4385.00000,4383.10010,4384.79980,58.0000
2026-09-21T09:55:00+00:00,4384.89990,4384.89990,4383.39990,4384.20020,78.0000
2026-09-21T09:56:00+00:00,4384.29980,4384.79980,4383.00000,4383.00000,50.0000
2026-09-21T09:57:00+00:00,4383.20020,4383.20020,4381.29980,4382.60010,54.0000
2026-09-21T09:58:00+00:00,4382.50000,4383.50000,4382.00000,4383.10010,30.0000
2026-09-21T09:59:00+00:00,4383.70020,4384.10010,4383.50000,4383.60010,29.0000
2026-09-21T10:00:00+00:00,4383.39990,4384.10010,4383.20020,4384.10010,34.0000
2026-09-21T10:01:00+00:00,4384.10010,4384.89990,4383.20020,4384.89990,49.0000
2026-09-21T10:02:00+00:00,4384.89990,4386.79980,4384.79980,4386.50000,63.0000
2026-09-21T10:03:00+00:00,4386.29980,4387.60010,4386.29980,4386.70020,44.0000
2026-09-21T10:04:00+00:00,4386.60010,4387.50000,4386.39990,4387.39990,15.0000
2026-09-21T10:05:00+00:00,4387.50000,4388.29980,4386.50000,4386.60010,247.0000
2026-09-21T10:06:00+00:00,4386.79980,4389.50000,4386.79980,4389.50000,75.0000
2026-09-21T10:07:00+00:00,4389.60010,4390.10010,4388.79980,4389.10010,58.0000
2026-09-21T10:08:00+00:00,4389.10010,4389.50000,4388.60010,4388.60010,30.0000
2026-09-21T10:09:00+00:00,4389.29980,4389.29980,4388.20020,4388.79980,90.0000
2026-09-21T10:10:00+00:00,4388.70020,4389.10010,4387.89990,4389.00000,63.0000
2026-09-21T10:11:00+00:00,4389.10010,4390.20020,4388.60010,4390.10010,56.0000
2026-09-21T10:12:00+00:00,4390.10010,4390.20020,4389.50000,4390.10010,51.0000
2026-09-21T10:13:00+00:00,4390.00000,4390.79980,4389.10010,4390.29980,57.0000
2026-09-21T10:14:00+00:00,4390.10010,4391.00000,4389.70020,4391.00000,37.0000
2026-09-21T10:15:00+00:00,4391.50000,4394.39990,4391.50000,4394.10010,249.0000
2026-09-21T10:16:00+00:00,4394.10010,4394.60010,4393.29980,4393.70020,95.0000
2026-09-21T10:17:00+00:00,4394.00000,4394.10010,4393.00000,4393.00000,51.0000
2026-09-21T10:18:00+00:00,4393.10010,4393.10010,4391.89990,4392.29980,38.0000
2026-09-21T10:19:00+00:00,4392.60010,4392.60010,4390.50000,4390.89990,78.0000
2026-09-21T10:20:00+00:00,4390.79980,4390.79980,4389.50000,4390.29980,57.0000
2026-09-21T10:21:00+00:00,4390.10010,4390.10010,4389.50000,4389.79980,44.0000
2026-09-21T10:22:00+00:00,4389.60010,4389.60010,4389.00000,4389.20020,47.0000
2026-09-21T10:23:00+00:00,4389.20020,4389.50000,4388.39990,4389.29980,27.0000
2026-09-21T10:24:00+00:00,4389.00000,4389.50000,4388.79980,4389.00000,45.0000
2026-09-21T10:25:00+00:00,4388.89990,4390.29980,4388.89990,4389.29980,58.0000
2026-09-21T10:26:00+00:00,4388.89990,4389.29980,4388.29980,4388.89990,74.0000
2026-09-21T10:27:00+00:00,4389.20020,4390.00000,4388.60010,4389.39990,41.0000
2026-09-21T10:28:00+00:00,4389.29980,4390.00000,4388.60010,4389.00000,36.0000
2026-09-21T10:29:00+00:00,4389.00000,4389.00000,4387.79980,4388.70020,22.0000
2026-09-21T10:30:00+00:00,4388.60010,4389.10010,4387.89990,4388.79980,36.0000
2026-09-21T10:31:00+00:00,4388.29980,4388.89990,4387.60010,4388.89990,20.0000
2026-09-21T10:32:00+00:00,4388.79980,4389.50000,4388.79980,4389.00000,40.0000
2026-09-21T10:33:00+00:00,4388.50000,4389.00000,4388.39990,4388.50000,22.0000
2026-09-21T10:34:00+00:00,4388.60010,4388.79980,4388.20020,4388.60010,9.0000
2026-09-21T10:35:00+00:00,4388.60010,4390.20020,4387.10010,4387.50000,52.0000
2026-09-21T10:36:00+00:00,4387.50000,4387.89990,4386.39990,4386.79980,93.0000
2026-09-21T10:37:00+00:00,4387.10010,4387.39990,4385.79980,4385.79980,33.0000
2026-09-21T10:38:00+00:00,4386.00000,4386.79980,4385.70020,4386.79980,28.0000
2026-09-21T10:39:00+00:00,4386.60010,4387.00000,4386.20020,4386.20020,18.0000
2026-09-21T10:40:00+00:00,4386.20020,4386.79980,4385.50000,4386.50000,47.0000
2026-09-21T10:41:00+00:00,4386.39990,4386.89990,4386.10010,4386.29980,23.0000
2026-09-21T10:42:00+00:00,4386.60010,4387.20020,4386.60010,4387.10010,23.0000
2026-09-21T10:43:00+00:00,4387.00000,4387.10010,4386.60010,4386.70020,48.0000
2026-09-21T10:44:00+00:00,4386.79980,4386.79980,4385.70020,4386.10010,84.0000
2026-09-21T10:45:00+00:00,4385.70020,4386.39990,4385.50000,4386.10010,27.0000
2026-09-21T10:46:00+00:00,4386.39990,4388.50000,4386.39990,4387.29980,51.0000
2026-09-21T10:47:00+00:00,4387.20020,4387.89990,4387.20020,4387.60010,7.0000
2026-09-21T10:48:00+00:00,4387.29980,4387.39990,4386.39990,4386.39990,14.0000
2026-09-21T10:49:00+00:00,4386.39990,4386.89990,4385.79980,4385.79980,24.0000
2026-09-21T10:50:00+00:00,4386.00000,4387.39990,4386.00000,4386.70020,14.0000
2026-09-21T10:51:00+00:00,4386.70020,4386.79980,4385.70020,4386.00000,18.0000
2026-09-21T10:52:00+00:00,4385.50000,4386.20020,4385.29980,4385.39990,29.0000
2026-09-21T10:53:00+00:00,4385.29980,4385.70020,4385.00000,4385.29980,21.0000
2026-09-21T10:54:00+00:00,4385.29980,4385.50000,4384.79980,4385.20020,34.0000
2026-09-21T10:55:00+00:00,4385.10010,4385.29980,4384.60010,4385.20020,61.0000
2026-09-21T10:56:00+00:00,4385.29980,4385.89990,4384.79980,4385.50000,31.0000
2026-09-21T10:57:00+00:00,4385.10010,4385.29980,4384.70020,4384.79980,22.0000
2026-09-21T10:58:00+00:00,4384.50000,4384.50000,4382.29980,4382.60010,48.0000
2026-09-21T10:59:00+00:00,4382.50000,4382.79980,4380.10010,4380.39990,91.0000
2026-09-21T11:00:00+00:00,4380.20020,4382.00000,4379.50000,4381.00000,112.0000
2026-09-21T11:01:00+00:00,4381.20020,4381.60010,4380.39990,4381.39990,76.0000
2026-09-21T11:02:00+00:00,4381.50000,4381.50000,4379.70020,4379.79980,66.0000
2026-09-21T11:03:00+00:00,4379.79980,4382.10010,4379.60010,4382.10010,93.0000
2026-09-21T11:04:00+00:00,4381.79980,4382.60010,4381.50000,4382.60010,28.0000
2026-09-21T11:05:00+00:00,4382.60010,4383.89990,4382.60010,4383.29980,60.0000
2026-09-21T11:06:00+00:00,4383.29980,4383.29980,4381.39990,4381.60010,78.0000
2026-09-21T11:07:00+00:00,4382.20020,4382.50000,4381.50000,4381.60010,17.0000
2026-09-21T11:08:00+00:00,4381.50000,4382.20020,4381.29980,4382.20020,19.0000
2026-09-21T11:09:00+00:00,4382.39990,4383.60010,4382.39990,4383.00000,49.0000
2026-09-21T11:10:00+00:00,4383.29980,4384.50000,4382.29980,4384.10010,31.0000
2026-09-21T11:11:00+00:00,4384.20020,4384.60010,4383.29980,4383.60010,54.0000
2026-09-21T11:12:00+00:00,4383.50000,4384.70020,4383.50000,4384.29980,37.0000
2026-09-21T11:13:00+00:00,4384.50000,4385.20020,4384.50000,4385.00000,26.0000
2026-09-21T11:14:00+00:00,4385.00000,4386.00000,4385.00000,4385.60010,37.0000
2026-09-21T11:15:00+00:00,4386.10010,4388.89990,4386.10010,4388.89990,54.0000
2026-09-21T11:16:00+00:00,4388.79980,4388.79980,4387.89990,4388.50000,31.0000
2026-09-21T11:17:00+00:00,4388.70020,4390.20020,4388.50000,4390.20020,146.0000
2026-09-21T11:18:00+00:00,4390.20020,4391.20020,4389.89990,4391.00000,85.0000
2026-09-21T11:19:00+00:00,4391.10010,4392.70020,4391.10010,4392.70020,96.0000
2026-09-21T11:20:00+00:00,4392.89990,4393.00000,4391.00000,4391.29980,41.0000
2026-09-21T11:21:00+00:00,4391.29980,4392.29980,4391.29980,4391.89990,25.0000
2026-09-21T11:22:00+00:00,4391.79980,4392.79980,4391.20020,4392.60010,66.0000
2026-09-21T11:23:00+00:00,4391.89990,4391.89990,4390.60010,4390.79980,26.0000
2026-09-21T11:24:00+00:00,4390.50000,4390.70020,4389.89990,4390.20020,48.0000
2026-09-21T11:25:00+00:00,4390.39990,4390.89990,4389.70020,4389.70020,27.0000
2026-09-21T11:26:00+00:00,4390.20020,4391.00000,4390.00000,4390.29980,42.0000
2026-09-21T11:27:00+00:00,4390.10010,4390.79980,4390.10010,4390.50000,28.0000
2026-09-21T11:28:00+00:00,4390.89990,4391.50000,4390.89990,4391.39990,13.0000
2026-09-21T11:29:00+00:00,4391.39990,4391.50000,4390.89990,4391.50000,22.0000
2026-09-21T11:30:00+00:00,4391.10010,4391.29980,4389.70020,4391.00000,99.0000
2026-09-21T11:31:00+00:00,4391.10010,4394.29980,4390.89990,4394.29980,54.0000
2026-09-21T11:32:00+00:00,4394.39990,4394.89990,4393.60010,4393.60010,93.0000
2026-09-21T11:33:00+00:00,4393.70020,4394.20020,4393.10010,4393.89990,47.0000
2026-09-21T11:34:00+00:00,4394.00000,4396.29980,4393.79980,4395.60010,147.0000
2026-09-21T11:35:00+00:00,4395.70020,4397.79980,4395.29980,4397.79980,123.0000
2026-09-21T11:36:00+00:00,4397.50000,4398.39990,4397.00000,4397.10010,126.0000
2026-09-21T11:37:00+00:00,4397.10010,4398.60010,4397.10010,4398.29980,94.0000
2026-09-21T11:38:00+00:00,4398.50000,4399.00000,4397.60010,4398.39990,144.0000
2026-09-21T11:39:00+00:00,4398.50000,4401.00000,4397.89990,4399.00000,192.0000
2026-09-21T11:40:00+00:00,4399.00000,4399.50000,4397.89990,4399.50000,50.0000
2026-09-21T11:41:00+00:00,4398.70020,4400.60010,4398.70020,4400.50000,61.0000
2026-09-21T11:42:00+00:00,4400.60010,4402.10010,4400.29980,4401.00000,204.0000
2026-09-21T11:43:00+00:00,4401.10010,4401.79980,4400.79980,4401.79980,253.0000
2026-09-21T11:44:00+00:00,4401.89990,4405.39990,4401.89990,4404.39990,350.0000
2026-09-21T11:45:00+00:00,4404.60010,4405.29980,4403.20020,4403.60010,166.0000
2026-09-21T11:46:00+00:00,4403.89990,4406.00000,4403.50000,4404.79980,111.0000
2026-09-21T11:47:00+00:00,4404.89990,4405.10010,4403.79980,4403.89990,56.0000
2026-09-21T11:48:00+00:00,4404.29980,4404.29980,4402.60010,4403.10010,64.0000
2026-09-21T11:49:00+00:00,4403.29980,4405.39990,4403.20020,4405.00000,63.0000
2026-09-21T11:50:00+00:00,4405.00000,4406.10010,4404.29980,4405.10010,217.0000
2026-09-21T11:51:00+00:00,4405.20020,4405.60010,4403.29980,4404.89990,96.0000
2026-09-21T11:52:00+00:00,4404.89990,4407.29980,4404.89990,4406.79980,115.0000
2026-09-21T11:53:00+00:00,4406.70020,4407.20020,4406.00000,4406.29980,89.0000
2026-09-21T11:54:00+00:00,4406.50000,4409.00000,4406.50000,4408.89990,275.0000
2026-09-21T11:55:00+00:00,4408.70020,4409.39990,4408.10010,4408.60010,133.0000
2026-09-21T11:56:00+00:00,4408.89990,4409.00000,4405.39990,4406.00000,135.0000
2026-09-21T11:57:00+00:00,4405.89990,4406.29980,4404.39990,4405.10010,109.0000
2026-09-21T11:58:00+00:00,4405.60010,4406.29980,4405.10010,4405.39990,134.0000
2026-09-21T11:59:00+00:00,4405.50000,4407.60010,4405.50000,4407.29980,69.0000
2026-09-21T12:00:00+00:00,4407.10010,4407.10010,4404.29980,4404.29980,135.0000
2026-09-21T12:01:00+00:00,4404.50000,4405.20020,4402.60010,4402.89990,163.0000
2026-09-21T12:02:00+00:00,4403.10010,4404.00000,4400.10010,4403.29980,296.0000
2026-09-21T12:03:00+00:00,4403.29980,4406.50000,4402.79980,4405.50000,176.0000
2026-09-21T12:04:00+00:00,4405.60010,4408.60010,4405.60010,4408.50000,179.0000
2026-09-21T12:05:00+00:00,4408.70020,4413.00000,4408.70020,4411.10010,497.0000
2026-09-21T12:06:00+00:00,4410.89990,4411.10010,4408.60010,4409.60010,158.0000
2026-09-21T12:07:00+00:00,4409.39990,4409.39990,4406.39990,4406.39990,100.0000
2026-09-21T12:08:00+00:00,4406.60010,4407.89990,4406.29980,4407.89990,84.0000
2026-09-21T12:09:00+00:00,4407.60010,4408.10010,4405.20020,4405.20020,100.0000
2026-09-21T12:10:00+00:00,4405.20020,4406.10010,4404.70020,4406.00000,84.0000
2026-09-21T12:11:00+00:00,4406.20020,4407.29980,4405.20020,4406.60010,110.0000
2026-09-21T12:12:00+00:00,4406.60010,4407.10010,4405.70020,4406.60010,45.0000
2026-09-21T12:13:00+00:00,4406.60010,4407.29980,4406.10010,4407.20020,63.0000
2026-09-21T12:14:00+00:00,4407.50000,4408.10010,4406.60010,4407.39990,47.0000
2026-09-21T12:15:00+00:00,4407.70020,4407.70020,4405.60010,4405.79980,106.0000
2026-09-21T12:16:00+00:00,4405.70020,4409.20020,4405.39990,4406.89990,96.0000
2026-09-21T12:17:00+00:00,4406.79980,4408.20020,4405.89990,4408.00000,86.0000
2026-09-21T12:18:00+00:00,4408.39990,4408.39990,4406.29980,4406.79980,59.0000
2026-09-21T12:19:00+00:00,4406.70020,4406.79980,4405.29980,4405.29980,49.0000
2026-09-21T12:20:00+00:00,4405.60010,4405.70020,4398.60010,4398.89990,451.0000
2026-09-21T12:21:00+00:00,4398.79980,4399.29980,4396.39990,4396.79980,408.0000
2026-09-21T12:22:00+00:00,4396.89990,4398.70020,4396.29980,4398.10010,245.0000
2026-09-21T12:23:00+00:00,4398.10010,4398.60010,4396.00000,4396.20020,181.0000
2026-09-21T12:24:00+00:00,4396.50000,4396.60010,4392.50000,4392.60010,267.0000
2026-09-21T12:25:00+00:00,4392.29980,4394.70020,4392.20020,4394.39990,234.0000
2026-09-21T12:26:00+00:00,4394.10010,4394.10010,4392.29980,4392.79980,134.0000
2026-09-21T12:27:00+00:00,4393.10010,4393.89990,4388.79980,4390.10010,240.0000
2026-09-21T12:28:00+00:00,4389.89990,4391.50000,4389.29980,4390.60010,148.0000
2026-09-21T12:29:00+00:00,4390.39990,4393.29980,4390.20020,4393.00000,164.0000
2026-09-21T12:30:00+00:00,4393.00000,4396.39990,4391.70020,4394.20020,472.0000
2026-09-21T12:31:00+00:00,4394.10010,4395.89990,4393.39990,4395.70020,189.0000
2026-09-21T12:32:00+00:00,4396.10010,4397.29980,4394.29980,4395.60010,229.0000
2026-09-21T12:33:00+00:00,4395.50000,4396.00000,4394.29980,4395.29980,113.0000
2026-09-21T12:34:00+00:00,4395.79980,4395.79980,4393.29980,4395.50000,129.0000
2026-09-21T12:35:00+00:00,4395.39990,4395.79980,4393.00000,4393.20020,98.0000
2026-09-21T12:36:00+00:00,4392.79980,4393.20020,4389.50000,4389.50000,195.0000
2026-09-21T12:37:00+00:00,4389.39990,4391.10010,4388.70020,4390.79980,179.0000
2026-09-21T12:38:00+00:00,4390.79980,4392.10010,4390.20020,4391.70020,66.0000
2026-09-21T12:39:00+00:00,4392.10010,4394.79980,4391.70020,4394.79980,185.0000
2026-09-21T12:40:00+00:00,4394.50000,4396.20020,4393.20020,4393.70020,124.0000
2026-09-21T12:41:00+00:00,4394.10010,4397.00000,4394.10010,4396.89990,129.0000
2026-09-21T12:42:00+00:00,4396.79980,4397.79980,4396.10010,4397.60010,125.0000
2026-09-21T12:43:00+00:00,4397.60010,4398.70020,4396.20020,4397.00000,169.0000
2026-09-21T12:44:00+00:00,4397.29980,4401.39990,4394.60010,4401.00000,571.0000
2026-09-21T12:45:00+00:00,4400.79980,4401.70020,4397.20020,4397.20020,234.0000
2026-09-21T12:46:00+00:00,4397.20020,4397.79980,4393.50000,4394.00000,140.0000
2026-09-21T12:47:00+00:00,4393.50000,4394.50000,4393.00000,4394.00000,95.0000
2026-09-21T12:48:00+00:00,4394.10010,4396.50000,4394.10010,4396.00000,111.0000
2026-09-21T12:49:00+00:00,4396.10010,4396.10010,4394.60010,4395.39990,131.0000
2026-09-21T12:50:00+00:00,4395.70020,4396.20020,4394.79980,4395.39990,86.0000
2026-09-21T12:51:00+00:00,4395.60010,4396.89990,4395.60010,4396.10010,56.0000
2026-09-21T12:52:00+00:00,4396.10010,4397.10010,4395.29980,4396.70020,57.0000
2026-09-21T12:53:00+00:00,4397.00000,4397.10010,4393.89990,4394.60010,84.0000
2026-09-21T12:54:00+00:00,4394.39990,4395.70020,4394.00000,4394.60010,78.0000
2026-09-21T12:55:00+00:00,4394.39990,4394.39990,4391.89990,4392.70020,96.0000
2026-09-21T12:56:00+00:00,4392.89990,4393.29980,4391.60010,4392.60010,74.0000
2026-09-21T12:57:00+00:00,4392.50000,4396.70020,4392.50000,4396.39990,107.0000
2026-09-21T12:58:00+00:00,4396.00000,4399.29980,4395.89990,4399.10010,208.0000
2026-09-21T12:59:00+00:00,4398.39990,4398.39990,4397.00000,4397.39990,58.0000
2026-09-21T13:00:00+00:00,4397.20020,4398.79980,4395.60010,4398.50000,297.0000
2026-09-21T13:01:00+00:00,4398.10010,4398.10010,4396.20020,4396.60010,82.0000
2026-09-21T13:02:00+00:00,4396.60010,4398.00000,4395.79980,4396.89990,64.0000
2026-09-21T13:03:00+00:00,4396.50000,4396.89990,4394.79980,4394.89990,174.0000
2026-09-21T13:04:00+00:00,4394.89990,4395.39990,4393.70020,4395.00000,73.0000
2026-09-21T13:05:00+00:00,4395.29980,4398.00000,4394.50000,4397.00000,275.0000
2026-09-21T13:06:00+00:00,4397.39990,4398.10010,4396.39990,4396.60010,51.0000
2026-09-21T13:07:00+00:00,4396.50000,4399.10010,4396.20020,4398.60010,111.0000
2026-09-21T13:08:00+00:00,4398.70020,4400.29980,4397.50000,4400.10010,114.0000
2026-09-21T13:09:00+00:00,4399.89990,4401.89990,4399.70020,4399.79980,154.0000
2026-09-21T13:10:00+00:00,4399.89990,4401.10010,4399.60010,4399.89990,38.0000
2026-09-21T13:11:00+00:00,4399.29980,4401.20020,4398.79980,4400.29980,99.0000
2026-09-21T13:12:00+00:00,4400.10010,4401.50000,4399.79980,4401.00000,72.0000
2026-09-21T13:13:00+00:00,4401.20020,4402.29980,4400.50000,4401.00000,56.0000
2026-09-21T13:14:00+00:00,4401.10010,4401.70020,4400.39990,4400.79980,50.0000
2026-09-21T13:15:00+00:00,4401.10010,4401.39990,4400.20020,4400.70020,70.0000
2026-09-21T13:16:00+00:00,4401.00000,4401.60010,4399.20020,4399.70020,141.0000
2026-09-21T13:17:00+00:00,4400.00000,4401.39990,4398.39990,4401.39990,72.0000
2026-09-21T13:18:00+00:00,4401.20020,4401.20020,4399.60010,4400.00000,20.0000
2026-09-21T13:19:00+00:00,4400.00000,4402.20020,4400.00000,4400.50000,64.0000
2026-09-21T13:20:00+00:00,4400.29980,4400.79980,4398.70020,4399.39990,139.0000
2026-09-21T13:21:00+00:00,4399.50000,4401.39990,4399.50000,4400.79980,68.0000
2026-09-21T13:22:00+00:00,4401.10010,4402.20020,4399.39990,4399.89990,78.0000
2026-09-21T13:23:00+00:00,4400.70020,4403.00000,4400.50000,4402.10010,98.0000
2026-09-21T13:24:00+00:00,4402.10010,4404.20020,4401.79980,4403.20020,134.0000
2026-09-21T13:25:00+00:00,4403.20020,4404.39990,4402.89990,4404.10010,54.0000
2026-09-21T13:26:00+00:00,4403.79980,4407.79980,4401.89990,4402.20020,717.0000
2026-09-21T13:27:00+00:00,4402.29980,4403.10010,4401.10010,4403.10010,102.0000
2026-09-21T13:28:00+00:00,4403.00000,4403.00000,4401.50000,4401.50000,66.0000
2026-09-21T13:29:00+00:00,4401.70020,4402.39990,4401.60010,4402.29980,33.0000
2026-09-21T13:30:00+00:00,4402.29980,4402.50000,4396.50000,4398.39990,332.0000
2026-09-21T13:31:00+00:00,4398.20020,4400.79980,4397.10010,4398.89990,226.0000
2026-09-21T13:32:00+00:00,4399.29980,4399.39990,4392.60010,4393.00000,325.0000
2026-09-21T13:33:00+00:00,4392.89990,4393.29980,4390.10010,4390.79980,285.0000
2026-09-21T13:34:00+00:00,4390.50000,4391.79980,4390.00000,4391.10010,524.0000
2026-09-21T13:35:00+00:00,4391.10010,4393.70020,4390.20020,4391.20020,380.0000
2026-09-21T13:36:00+00:00,4391.20020,4393.50000,4389.60010,4393.20020,213.0000
2026-09-21T13:37:00+00:00,4393.00000,4394.29980,4392.00000,4392.60010,174.0000
2026-09-21T13:38:00+00:00,4392.29980,4393.10010,4390.60010,4390.70020,151.0000
2026-09-21T13:39:00+00:00,4390.39990,4392.00000,4389.39990,4391.70020,150.0000
2026-09-21T13:40:00+00:00,4391.39990,4393.20020,4390.50000,4393.10010,137.0000
2026-09-21T13:41:00+00:00,4392.89990,4394.00000,4388.29980,4389.60010,224.0000
2026-09-21T13:42:00+00:00,4389.20020,4389.89990,4387.39990,4387.39990,171.0000
2026-09-21T13:43:00+00:00,4387.60010,4388.89990,4386.79980,4388.50000,331.0000
2026-09-21T13:44:00+00:00,4388.60010,4391.50000,4388.60010,4390.60010,316.0000
2026-09-21T13:45:00+00:00,4390.50000,4390.50000,4387.29980,4389.39990,171.0000
2026-09-21T13:46:00+00:00,4389.29980,4392.60010,4388.00000,4392.39990,130.0000
2026-09-21T13:47:00+00:00,4391.89990,4392.60010,4389.70020,4390.20020,93.0000
2026-09-21T13:48:00+00:00,4390.00000,4391.10010,4387.10010,4388.00000,155.0000
2026-09-21T13:49:00+00:00,4388.20020,4393.70020,4388.20020,4393.50000,171.0000
2026-09-21T13:50:00+00:00,4393.89990,4393.89990,4390.10010,4391.20020,115.0000
2026-09-21T13:51:00+00:00,4391.00000,4391.60010,4389.79980,4391.00000,84.0000
2026-09-21T13:52:00+00:00,4390.70020,4392.29980,4388.39990,4388.39990,122.0000
2026-09-21T13:53:00+00:00,4388.29980,4388.70020,4387.10010,4387.89990,90.0000
2026-09-21T13:54:00+00:00,4388.10010,4388.10010,4386.10010,4386.20020,348.0000
2026-09-21T13:55:00+00:00,4386.10010,4386.70020,4384.39990,4386.00000,219.0000
2026-09-21T13:56:00+00:00,4386.00000,4386.79980,4384.39990,4386.39990,178.0000
2026-09-21T13:57:00+00:00,4386.39990,4388.10010,4386.29980,4387.29980,179.0000
2026-09-21T13:58:00+00:00,4387.20020,4387.50000,4385.29980,4386.20020,178.0000
2026-09-21T13:59:00+00:00,4386.00000,4386.29980,4383.60010,4383.79980,215.0000
2026-09-21T14:00:00+00:00,4383.70020,4384.79980,4381.20020,4381.79980,551.0000
2026-09-21T14:01:00+00:00,4381.89990,4383.00000,4380.60010,4381.89990,478.0000
2026-09-21T14:02:00+00:00,4382.00000,4382.29980,4375.10010,4377.70020,1259.0000
2026-09-21T14:03:00+00:00,4377.50000,4378.70020,4363.29980,4363.70020,2683.0000
2026-09-21T14:04:00+00:00,4363.60010,4371.29980,4363.60010,4365.00000,1457.0000
2026-09-21T14:05:00+00:00,4365.20020,4366.70020,4360.70020,4362.10010,797.0000
2026-09-21T14:06:00+00:00,4362.10010,4366.60010,4360.29980,4366.60010,567.0000
2026-09-21T14:07:00+00:00,4366.50000,4372.00000,4364.70020,4370.70020,723.0000
2026-09-21T14:08:00+00:00,4370.39990,4371.79980,4368.60010,4371.00000,331.0000
2026-09-21T14:09:00+00:00,4371.20020,4375.20020,4370.79980,4375.20020,658.0000
2026-09-21T14:10:00+00:00,4375.20020,4377.20020,4372.79980,4373.60010,664.0000
2026-09-21T14:11:00+00:00,4373.70020,4377.29980,4373.10010,4376.29980,339.0000
2026-09-21T14:12:00+00:00,4376.20020,4377.89990,4375.39990,4376.50000,193.0000
2026-09-21T14:13:00+00:00,4376.70020,4379.00000,4376.20020,4377.39990,222.0000
2026-09-21T14:14:00+00:00,4377.50000,4379.10010,4376.79980,4378.39990,138.0000
2026-09-21T14:15:00+00:00,4378.20020,4379.50000,4375.70020,4376.00000,323.0000
2026-09-21T14:16:00+00:00,4376.10010,4377.50000,4375.70020,4376.79980,235.0000
2026-09-21T14:17:00+00:00,4376.29980,4376.89990,4374.60010,4374.89990,233.0000
2026-09-21T14:18:00+00:00,4374.79980,4376.29980,4374.20020,4374.79980,171.0000
2026-09-21T14:19:00+00:00,4374.79980,4376.50000,4374.29980,4375.70020,97.0000
2026-09-21T14:20:00+00:00,4375.89990,4376.79980,4372.00000,4372.79980,200.0000
2026-09-21T14:21:00+00:00,4372.79980,4376.29980,4372.10010,4374.70020,350.0000
2026-09-21T14:22:00+00:00,4374.79980,4376.79980,4374.50000,4376.00000,152.0000
2026-09-21T14:23:00+00:00,4375.79980,4375.79980,4373.79980,4375.10010,216.0000
2026-09-21T14:24:00+00:00,4375.79980,4376.60010,4374.00000,4375.70020,152.0000
2026-09-21T14:25:00+00:00,4375.79980,4378.10010,4374.50000,4377.39990,217.0000
2026-09-21T14:26:00+00:00,4378.20020,4379.00000,4375.29980,4376.79980,222.0000
2026-09-21T14:27:00+00:00,4376.50000,4380.10010,4376.29980,4378.79980,211.0000
2026-09-21T14:28:00+00:00,4378.79980,4380.10010,4377.60010,4377.89990,200.0000
2026-09-21T14:29:00+00:00,4378.20020,4381.20020,4378.20020,4379.60010,354.0000
2026-09-21T14:30:00+00:00,4379.60010,4382.00000,4378.20020,4379.70020,356.0000
2026-09-21T14:31:00+00:00,4379.79980,4380.70020,4377.20020,4377.60010,210.0000
2026-09-21T14:32:00+00:00,4377.50000,4377.89990,4376.20020,4377.50000,195.0000
2026-09-21T14:33:00+00:00,4377.50000,4380.89990,4377.50000,4380.20020,291.0000
2026-09-21T14:34:00+00:00,4380.00000,4380.00000,4373.89990,4374.00000,270.0000
2026-09-21T14:35:00+00:00,4374.00000,4377.89990,4374.00000,4377.89990,176.0000
2026-09-21T14:36:00+00:00,4378.00000,4378.00000,4374.39990,4374.39990,118.0000
2026-09-21T14:37:00+00:00,4374.00000,4375.89990,4373.20020,4374.29980,131.0000
2026-09-21T14:38:00+00:00,4374.20020,4375.60010,4373.60010,4373.79980,114.0000
2026-09-21T14:39:00+00:00,4373.89990,4374.60010,4373.00000,4373.20020,89.0000
2026-09-21T14:40:00+00:00,4373.00000,4375.60010,4373.00000,4374.89990,137.0000
2026-09-21T14:41:00+00:00,4374.39990,4379.29980,4374.39990,4375.60010,293.0000
2026-09-21T14:42:00+00:00,4375.60010,4376.20020,4374.00000,4375.20020,94.0000
2026-09-21T14:43:00+00:00,4375.39990,4376.20020,4372.39990,4372.79980,120.0000
2026-09-21T14:44:00+00:00,4372.89990,4373.20020,4370.00000,4370.29980,274.0000
2026-09-21T14:45:00+00:00,4370.20020,4374.89990,4370.20020,4373.79980,385.0000
2026-09-21T14:46:00+00:00,4373.60010,4375.00000,4372.50000,4374.70020,103.0000
2026-09-21T14:47:00+00:00,4374.79980,4377.50000,4374.10010,4377.00000,181.0000
2026-09-21T14:48:00+00:00,4377.10010,4379.50000,4374.89990,4375.20020,211.0000
2026-09-21T14:49:00+00:00,4375.20020,4375.20020,4373.60010,4374.50000,160.0000
2026-09-21T14:50:00+00:00,4374.89990,4376.29980,4374.29980,4375.50000,104.0000
2026-09-21T14:51:00+00:00,4375.89990,4379.10010,4375.89990,4378.20020,204.0000
2026-09-21T14:52:00+00:00,4378.29980,4379.50000,4377.10010,4379.20020,115.0000
2026-09-21T14:53:00+00:00,4379.00000,4380.79980,4378.50000,4378.60010,127.0000
2026-09-21T14:54:00+00:00,4378.60010,4380.89990,4378.60010,4380.20020,90.0000
2026-09-21T14:55:00+00:00,4380.10010,4380.20020,4376.50000,4376.89990,130.0000
2026-09-21T14:56:00+00:00,4376.89990,4377.70020,4376.00000,4376.50000,165.0000
2026-09-21T14:57:00+00:00,4376.70020,4376.70020,4374.60010,4374.79980,134.0000
2026-09-21T14:58:00+00:00,4374.70020,4376.70020,4373.70020,4375.79980,176.0000
2026-09-21T14:59:00+00:00,4375.79980,4377.39990,4374.89990,4376.89990,87.0000
2026-09-21T15:00:00+00:00,4377.10010,4379.79980,4377.00000,4379.10010,174.0000
2026-09-21T15:01:00+00:00,4379.29980,4380.70020,4378.60010,4380.00000,123.0000
2026-09-21T15:02:00+00:00,4380.00000,4382.50000,4379.60010,4381.89990,214.0000
2026-09-21T15:03:00+00:00,4382.20020,4383.79980,4381.50000,4382.10010,261.0000
2026-09-21T15:04:00+00:00,4382.39990,4384.70020,4381.89990,4384.39990,119.0000
2026-09-21T15:05:00+00:00,4384.60010,4385.39990,4383.50000,4384.89990,202.0000
2026-09-21T15:06:00+00:00,4384.70020,4386.79980,4384.29980,4384.89990,282.0000
2026-09-21T15:07:00+00:00,4385.00000,4386.50000,4384.79980,4386.50000,257.0000
2026-09-21T15:08:00+00:00,4386.50000,4386.70020,4385.20020,4386.39990,135.0000
2026-09-21T15:09:00+00:00,4386.60010,4388.00000,4385.39990,4388.00000,131.0000
2026-09-21T15:10:00+00:00,4388.50000,4388.50000,4386.29980,4387.29980,148.0000
2026-09-21T15:11:00+00:00,4387.20020,4388.20020,4385.60010,4386.10010,141.0000
2026-09-21T15:12:00+00:00,4386.20020,4387.20020,4385.20020,4387.00000,159.0000
2026-09-21T15:13:00+00:00,4387.20020,4388.60010,4386.00000,4387.70020,142.0000
2026-09-21T15:14:00+00:00,4388.00000,4388.10010,4386.70020,4387.39990,211.0000
2026-09-21T15:15:00+00:00,4387.70020,4388.29980,4386.79980,4387.00000,89.0000
2026-09-21T15:16:00+00:00,4386.89990,4388.89990,4386.79980,4388.70020,137.0000
2026-09-21T15:17:00+00:00,4388.89990,4389.79980,4387.60010,4389.00000,96.0000
2026-09-21T15:18:00+00:00,4388.79980,4389.79980,4387.50000,4388.60010,160.0000
2026-09-21T15:19:00+00:00,4388.70020,4389.60010,4388.29980,4388.29980,67.0000
2026-09-21T15:20:00+00:00,4388.39990,4389.29980,4387.10010,4387.39990,134.0000
2026-09-21T15:21:00+00:00,4387.50000,4389.39990,4387.00000,4388.60010,146.0000
2026-09-21T15:22:00+00:00,4388.70020,4389.10010,4387.70020,4389.10010,107.0000
2026-09-21T15:23:00+00:00,4389.10010,4389.79980,4388.00000,4389.79980,61.0000
2026-09-21T15:24:00+00:00,4389.70020,4390.79980,4388.60010,4389.79980,209.0000
2026-09-21T15:25:00+00:00,4389.89990,4392.39990,4389.70020,4389.79980,420.0000
2026-09-21T15:26:00+00:00,4390.20020,4390.60010,4388.60010,4389.70020,90.0000
2026-09-21T15:27:00+00:00,4389.39990,4389.89990,4388.39990,4389.00000,125.0000
2026-09-21T15:28:00+00:00,4388.50000,4390.10010,4388.10010,4389.89990,61.0000
2026-09-21T15:29:00+00:00,4389.89990,4390.50000,4389.00000,4389.20020,152.0000
2026-09-21T15:30:00+00:00,4389.50000,4390.60010,4389.10010,4389.39990,120.0000
2026-09-21T15:31:00+00:00,4388.89990,4390.00000,4388.20020,4389.79980,121.0000
2026-09-21T15:32:00+00:00,4389.89990,4391.20020,4389.70020,4389.89990,98.0000
2026-09-21T15:33:00+00:00,4390.29980,4392.70020,4390.20020,4392.20020,169.0000
2026-09-21T15:34:00+00:00,4392.29980,4392.79980,4391.70020,4392.70020,80.0000
2026-09-21T15:35:00+00:00,4392.50000,4393.00000,4391.10010,4391.29980,140.0000
2026-09-21T15:36:00+00:00,4391.20020,4394.60010,4390.89990,4392.60010,359.0000
2026-09-21T15:37:00+00:00,4393.00000,4393.39990,4389.89990,4390.20020,170.0000
2026-09-21T15:38:00+00:00,4390.20020,4390.20020,4388.89990,4389.29980,155.0000
2026-09-21T15:39:00+00:00,4389.29980,4389.50000,4388.20020,4388.20020,62.0000
2026-09-21T15:40:00+00:00,4388.39990,4389.20020,4386.79980,4386.89990,122.0000
2026-09-21T15:41:00+00:00,4386.79980,4388.39990,4386.79980,4387.89990,115.0000
2026-09-21T15:42:00+00:00,4387.70020,4388.79980,4386.50000,4388.20020,127.0000
2026-09-21T15:43:00+00:00,4388.20020,4388.20020,4386.79980,4387.00000,76.0000
2026-09-21T15:44:00+00:00,4387.00000,4388.39990,4386.79980,4388.10010,47.0000
2026-09-21T15:45:00+00:00,4388.29980,4389.10010,4387.20020,4387.89990,166.0000
2026-09-21T15:46:00+00:00,4387.60010,4388.89990,4387.39990,4388.50000,283.0000
2026-09-21T15:47:00+00:00,4388.50000,4389.00000,4388.00000,4388.70020,57.0000
2026-09-21T15:48:00+00:00,4388.79980,4388.89990,4386.70020,4386.70020,52.0000
2026-09-21T15:49:00+00:00,4386.70020,4386.70020,4385.70020,4386.39990,90.0000
2026-09-21T15:50:00+00:00,4386.70020,4392.89990,4386.10010,4388.60010,818.0000
2026-09-21T15:51:00+00:00,4388.79980,4389.00000,4386.20020,4386.29980,162.0000
2026-09-21T15:52:00+00:00,4386.39990,4386.70020,4385.20020,4385.29980,93.0000
2026-09-21T15:53:00+00:00,4385.60010,4385.60010,4384.60010,4385.29980,112.0000
2026-09-21T15:54:00+00:00,4385.89990,4387.20020,4385.60010,4386.10010,120.0000
2026-09-21T15:55:00+00:00,4386.00000,4387.10010,4385.20020,4387.00000,105.0000
2026-09-21T15:56:00+00:00,4386.79980,4388.20020,4386.60010,4387.50000,63.0000
2026-09-21T15:57:00+00:00,4387.50000,4387.70020,4385.00000,4386.10010,68.0000
2026-09-21T15:58:00+00:00,4386.20020,4386.50000,4385.20020,4386.10010,78.0000
2026-09-21T15:59:00+00:00,4386.00000,4386.29980,4385.20020,4386.29980,64.0000
2026-09-21T16:00:00+00:00,4386.50000,4386.50000,4383.00000,4384.10010,236.0000
2026-09-21T16:01:00+00:00,4383.89990,4385.70020,4383.79980,4384.60010,102.0000
2026-09-21T16:02:00+00:00,4384.70020,4387.00000,4384.50000,4386.79980,104.0000
2026-09-21T16:03:00+00:00,4386.89990,4389.39990,4386.70020,4388.29980,171.0000
2026-09-21T16:04:00+00:00,4388.20020,4389.50000,4388.00000,4388.89990,68.0000
2026-09-21T16:05:00+00:00,4388.39990,4389.10010,4387.70020,4388.20020,84.0000
2026-09-21T16:06:00+00:00,4388.10010,4388.89990,4387.39990,4388.29980,66.0000
2026-09-21T16:07:00+00:00,4387.60010,4394.10010,4387.29980,4390.79980,1148.0000
2026-09-21T16:08:00+00:00,4390.89990,4391.70020,4389.79980,4389.89990,72.0000
2026-09-21T16:09:00+00:00,4389.89990,4392.70020,4388.79980,4392.50000,301.0000
2026-09-21T16:10:00+00:00,4392.70020,4394.20020,4391.39990,4393.89990,156.0000
2026-09-21T16:11:00+00:00,4393.79980,4394.20020,4393.00000,4393.79980,120.0000
2026-09-21T16:12:00+00:00,4393.29980,4393.39990,4390.70020,4392.00000,94.0000
2026-09-21T16:13:00+00:00,4392.00000,4392.89990,4390.89990,4390.89990,79.0000
2026-09-21T16:14:00+00:00,4390.60010,4390.60010,4388.39990,4390.00000,373.0000
2026-09-21T16:15:00+00:00,4390.20020,4391.70020,4390.00000,4391.10010,145.0000
2026-09-21T16:16:00+00:00,4391.20020,4392.70020,4390.70020,4392.50000,168.0000
2026-09-21T16:17:00+00:00,4392.50000,4392.50000,4390.50000,4391.29980,167.0000
2026-09-21T16:18:00+00:00,4391.60010,4393.60010,4391.50000,4392.79980,185.0000
2026-09-21T16:19:00+00:00,4393.00000,4395.70020,4392.70020,4394.89990,276.0000
2026-09-21T16:20:00+00:00,4395.00000,4395.29980,4394.20020,4395.00000,97.0000
2026-09-21T16:21:00+00:00,4395.10010,4395.10010,4391.79980,4392.50000,454.0000
2026-09-21T16:22:00+00:00,4392.50000,4393.20020,4391.29980,4391.29980,65.0000
2026-09-21T16:23:00+00:00,4391.20020,4391.29980,4389.79980,4389.89990,68.0000
2026-09-21T16:24:00+00:00,4389.79980,4390.29980,4388.60010,4389.10010,193.0000
2026-09-21T16:25:00+00:00,4389.29980,4389.39990,4387.50000,4387.50000,69.0000
2026-09-21T16:26:00+00:00,4387.50000,4388.20020,4387.20020,4387.89990,92.0000
2026-09-21T16:27:00+00:00,4387.70020,4390.00000,4387.39990,4389.29980,113.0000
2026-09-21T16:28:00+00:00,4389.20020,4389.50000,4388.20020,4388.79980,93.0000
2026-09-21T16:29:00+00:00,4388.70020,4389.50000,4388.10010,4389.20020,56.0000
2026-09-21T16:30:00+00:00,4389.20020,4389.70020,4387.79980,4388.39990,62.0000
2026-09-21T16:31:00+00:00,4388.39990,4389.10010,4387.89990,4388.20020,42.0000
2026-09-21T16:32:00+00:00,4388.60010,4389.79980,4388.39990,4389.79980,76.0000
2026-09-21T16:33:00+00:00,4389.60010,4391.00000,4389.60010,4390.00000,66.0000
2026-09-21T16:34:00+00:00,4390.10010,4390.10010,4389.39990,4389.50000,50.0000
2026-09-21T16:35:00+00:00,4389.50000,4389.50000,4388.00000,4388.29980,73.0000
2026-09-21T16:36:00+00:00,4388.20020,4388.39990,4387.20020,4388.20020,66.0000
2026-09-21T16:37:00+00:00,4388.29980,4388.70020,4387.89990,4388.39990,23.0000
2026-09-21T16:38:00+00:00,4388.29980,4389.29980,4388.10010,4388.39990,57.0000
2026-09-21T16:39:00+00:00,4388.29980,4388.50000,4387.39990,4387.70020,50.0000
2026-09-21T16:40:00+00:00,4387.60010,4388.20020,4387.39990,4388.00000,26.0000
2026-09-21T16:41:00+00:00,4388.00000,4388.00000,4386.20020,4386.70020,76.0000
2026-09-21T16:42:00+00:00,4386.79980,4387.10010,4385.39990,4385.70020,110.0000
2026-09-21T16:43:00+00:00,4385.79980,4385.89990,4384.00000,4384.20020,141.0000
2026-09-21T16:44:00+00:00,4384.29980,4384.70020,4381.60010,4382.20020,242.0000
2026-09-21T16:45:00+00:00,4381.89990,4382.50000,4381.39990,4382.39990,122.0000
2026-09-21T16:46:00+00:00,4382.39990,4383.10010,4381.50000,4382.10010,132.0000
2026-09-21T16:47:00+00:00,4382.10010,4383.50000,4382.10010,4383.50000,74.0000
2026-09-21T16:48:00+00:00,4383.50000,4384.39990,4382.89990,4383.79980,57.0000
2026-09-21T16:49:00+00:00,4383.60010,4384.10010,4383.00000,4384.00000,55.0000
2026-09-21T16:50:00+00:00,4384.29980,4384.89990,4383.70020,4384.39990,114.0000
2026-09-21T16:51:00+00:00,4384.39990,4384.50000,4382.79980,4384.00000,188.0000
2026-09-21T16:52:00+00:00,4383.79980,4383.79980,4381.10010,4382.79980,94.0000
2026-09-21T16:53:00+00:00,4382.60010,4382.70020,4381.60010,4382.20020,153.0000
2026-09-21T16:54:00+00:00,4382.29980,4382.39990,4381.79980,4382.10010,75.0000
2026-09-21T16:55:00+00:00,4382.00000,4383.29980,4382.00000,4383.29980,50.0000
2026-09-21T16:56:00+00:00,4383.10010,4383.10010,4382.00000,4382.20020,40.0000
2026-09-21T16:57:00+00:00,4382.29980,4383.20020,4382.29980,4382.60010,31.0000
2026-09-21T16:58:00+00:00,4382.50000,4382.50000,4381.70020,4381.70020,57.0000
2026-09-21T16:59:00+00:00,4382.00000,4382.10010,4381.00000,4381.39990,79.0000
2026-09-21T17:00:00+00:00,4381.50000,4381.89990,4379.89990,4381.70020,163.0000
2026-09-21T17:01:00+00:00,4381.60010,4382.00000,4380.89990,4381.50000,91.0000
2026-09-21T17:02:00+00:00,4381.60010,4382.20020,4380.60010,4382.20020,107.0000
2026-09-21T17:03:00+00:00,4382.39990,4382.70020,4381.39990,4381.60010,68.0000
2026-09-21T17:04:00+00:00,4381.50000,4382.20020,4380.89990,4382.10010,38.0000
2026-09-21T17:05:00+00:00,4382.20020,4382.79980,4381.89990,4382.29980,94.0000
2026-09-21T17:06:00+00:00,4382.39990,4383.20020,4382.00000,4382.60010,66.0000
2026-09-21T17:07:00+00:00,4382.89990,4383.79980,4382.70020,4382.70020,59.0000
2026-09-21T17:08:00+00:00,4382.60010,4383.70020,4382.39990,4383.20020,74.0000
2026-09-21T17:09:00+00:00,4383.39990,4384.10010,4382.79980,4383.89990,50.0000
2026-09-21T17:10:00+00:00,4384.00000,4384.10010,4383.20020,4383.50000,57.0000
2026-09-21T17:11:00+00:00,4383.50000,4384.20020,4383.39990,4383.60010,36.0000
2026-09-21T17:12:00+00:00,4384.10010,4385.29980,4383.79980,4384.70020,125.0000
2026-09-21T17:13:00+00:00,4384.79980,4385.29980,4384.39990,4384.50000,45.0000
2026-09-21T17:14:00+00:00,4384.50000,4384.50000,4384.00000,4384.20020,53.0000
2026-09-21T17:15:00+00:00,4384.29980,4384.70020,4382.39990,4382.89990,131.0000
2026-09-21T17:16:00+00:00,4382.79980,4383.70020,4382.20020,4383.39990,130.0000
2026-09-21T17:17:00+00:00,4383.29980,4383.29980,4381.70020,4381.70020,126.0000
2026-09-21T17:18:00+00:00,4381.89990,4383.10010,4381.29980,4382.39990,84.0000
2026-09-21T17:19:00+00:00,4382.29980,4382.60010,4380.20020,4380.39990,106.0000
2026-09-21T17:20:00+00:00,4380.60010,4380.79980,4379.50000,4380.60010,177.0000
2026-09-21T17:21:00+00:00,4381.00000,4382.00000,4379.60010,4380.29980,180.0000
2026-09-21T17:22:00+00:00,4380.20020,4381.79980,4379.79980,4381.10010,185.0000
2026-09-21T17:23:00+00:00,4381.20020,4381.79980,4380.79980,4381.20020,60.0000
2026-09-21T17:24:00+00:00,4381.20020,4381.39990,4380.50000,4381.00000,65.0000
2026-09-21T17:25:00+00:00,4381.20020,4382.00000,4380.50000,4381.20020,117.0000
2026-09-21T17:26:00+00:00,4381.20020,4381.79980,4380.79980,4381.60010,95.0000
2026-09-21T17:27:00+00:00,4381.60010,4382.20020,4381.10010,4381.60010,128.0000
2026-09-21T17:28:00+00:00,4381.60010,4382.10010,4380.89990,4382.10010,185.0000
2026-09-21T17:29:00+00:00,4382.00000,4384.89990,4382.00000,4384.39990,655.0000
2026-09-21T17:30:00+00:00,4384.39990,4385.10010,4381.00000,4381.10010,243.0000
2026-09-21T17:31:00+00:00,4381.00000,4381.00000,4378.60010,4380.29980,449.0000
2026-09-21T17:32:00+00:00,4380.20020,4380.20020,4378.20020,4378.79980,127.0000
2026-09-21T17:33:00+00:00,4378.70020,4379.10010,4377.29980,4377.89990,170.0000
2026-09-21T17:34:00+00:00,4377.70020,4378.70020,4376.20020,4376.89990,337.0000
2026-09-21T17:35:00+00:00,4377.20020,4378.10010,4377.00000,4377.70020,120.0000
2026-09-21T17:36:00+00:00,4377.50000,4378.70020,4376.89990,4377.89990,97.0000
2026-09-21T17:37:00+00:00,4377.79980,4378.10010,4375.70020,4376.20020,159.0000
2026-09-21T17:38:00+00:00,4376.29980,4377.79980,4376.20020,4377.60010,119.0000
2026-09-21T17:39:00+00:00,4377.89990,4378.10010,4376.89990,4376.89990,51.0000
2026-09-21T17:40:00+00:00,4376.79980,4379.29980,4376.79980,4379.10010,122.0000
2026-09-21T17:41:00+00:00,4378.89990,4380.20020,4378.89990,4380.20020,133.0000
2026-09-21T17:42:00+00:00,4380.10010,4381.00000,4379.29980,4379.89990,77.0000
2026-09-21T17:43:00+00:00,4379.70020,4380.10010,4378.39990,4378.89990,134.0000
2026-09-21T17:44:00+00:00,4379.00000,4379.20020,4378.39990,4379.00000,87.0000
2026-09-21T17:45:00+00:00,4378.70020,4378.70020,4377.60010,4378.29980,57.0000
2026-09-21T17:46:00+00:00,4378.20020,4380.29980,4378.20020,4379.79980,111.0000
2026-09-21T17:47:00+00:00,4379.70020,4380.89990,4379.70020,4380.00000,52.0000
2026-09-21T17:48:00+00:00,4380.29980,4381.20020,4380.29980,4381.00000,36.0000
2026-09-21T17:49:00+00:00,4381.39990,4381.60010,4380.89990,4381.39990,91.0000
2026-09-21T17:50:00+00:00,4381.29980,4381.39990,4380.89990,4381.20020,20.0000
2026-09-21T17:51:00+00:00,4381.00000,4382.50000,4381.00000,4382.10010,135.0000
2026-09-21T17:52:00+00:00,4382.20020,4383.20020,4381.60010,4382.70020,68.0000
2026-09-21T17:53:00+00:00,4383.00000,4383.50000,4382.39990,4382.70020,64.0000
2026-09-21T17:54:00+00:00,4383.00000,4383.20020,4382.29980,4382.29980,32.0000
2026-09-21T17:55:00+00:00,4382.10010,4384.39990,4381.79980,4384.29980,134.0000
2026-09-21T17:56:00+00:00,4384.39990,4384.50000,4381.70020,4381.70020,100.0000
2026-09-21T17:57:00+00:00,4381.79980,4383.89990,4381.79980,4383.29980,199.0000
2026-09-21T17:58:00+00:00,4383.39990,4383.60010,4382.79980,4383.29980,68.0000
2026-09-21T17:59:00+00:00,4383.10010,4383.50000,4382.60010,4383.00000,60.0000
2026-09-21T18:00:00+00:00,4383.00000,4383.00000,4382.29980,4382.79980,109.0000
2026-09-21T18:01:00+00:00,4382.60010,4383.00000,4382.20020,4382.79980,80.0000
2026-09-21T18:02:00+00:00,4383.00000,4383.70020,4382.89990,4383.20020,74.0000
2026-09-21T18:03:00+00:00,4383.29980,4384.00000,4383.00000,4383.20020,38.0000
2026-09-21T18:04:00+00:00,4383.29980,4384.39990,4382.60010,4384.00000,99.0000
2026-09-21T18:05:00+00:00,4384.20020,4384.50000,4383.70020,4384.20020,35.0000
2026-09-21T18:06:00+00:00,4384.39990,4386.00000,4384.20020,4385.70020,157.0000
2026-09-21T18:07:00+00:00,4385.60010,4388.10010,4385.60010,4388.10010,199.0000
2026-09-21T18:08:00+00:00,4388.20020,4388.89990,4388.00000,4388.70020,411.0000
2026-09-21T18:09:00+00:00,4388.70020,4389.00000,4387.89990,4389.00000,48.0000
2026-09-21T18:10:00+00:00,4388.70020,4388.89990,4386.79980,4387.00000,93.0000
2026-09-21T18:11:00+00:00,4387.00000,4388.89990,4387.00000,4388.20020,77.0000
2026-09-21T18:12:00+00:00,4388.50000,4388.50000,4387.39990,4388.00000,60.0000
2026-09-21T18:13:00+00:00,4388.50000,4389.29980,4388.10010,4388.10010,58.0000
2026-09-21T18:14:00+00:00,4388.70020,4388.70020,4387.89990,4388.29980,29.0000
2026-09-21T18:15:00+00:00,4388.50000,4389.79980,4388.00000,4389.29980,40.0000
2026-09-21T18:16:00+00:00,4389.60010,4389.89990,4388.50000,4389.60010,83.0000
2026-09-21T18:17:00+00:00,4389.70020,4390.89990,4389.70020,4389.79980,76.0000
2026-09-21T18:18:00+00:00,4390.20020,4390.70020,4389.60010,4389.79980,56.0000
2026-09-21T18:19:00+00:00,4389.89990,4390.10010,4388.70020,4389.20020,50.0000
2026-09-21T18:20:00+00:00,4389.20020,4390.20020,4388.79980,4389.39990,393.0000
2026-09-21T18:21:00+00:00,4389.39990,4390.00000,4388.79980,4389.39990,82.0000
2026-09-21T18:22:00+00:00,4389.29980,4389.70020,4388.79980,4388.89990,58.0000
2026-09-21T18:23:00+00:00,4389.20020,4390.00000,4389.10010,4389.50000,69.0000
2026-09-21T18:24:00+00:00,4389.29980,4389.29980,4388.70020,4388.79980,47.0000
2026-09-21T18:25:00+00:00,4388.79980,4389.29980,4388.70020,4389.20020,21.0000
2026-09-21T18:26:00+00:00,4389.39990,4389.39990,4387.20020,4387.79980,49.0000
2026-09-21T18:27:00+00:00,4387.79980,4388.10010,4387.39990,4387.70020,26.0000
2026-09-21T18:28:00+00:00,4387.89990,4389.79980,4387.79980,4389.10010,88.0000
2026-09-21T18:29:00+00:00,4389.10010,4389.79980,4388.50000,4388.79980,78.0000
2026-09-21T18:30:00+00:00,4388.89990,4389.20020,4388.20020,4388.60010,57.0000
2026-09-21T18:31:00+00:00,4388.60010,4389.79980,4388.39990,4389.39990,62.0000
2026-09-21T18:32:00+00:00,4389.39990,4390.00000,4389.00000,4389.39990,114.0000
2026-09-21T18:33:00+00:00,4389.50000,4389.50000,4388.29980,4388.39990,91.0000
2026-09-21T18:34:00+00:00,4388.50000,4388.79980,4387.79980,4388.10010,49.0000
2026-09-21T18:35:00+00:00,4387.89990,4388.29980,4386.10010,4386.39990,106.0000
2026-09-21T18:36:00+00:00,4386.50000,4386.89990,4385.50000,4385.50000,126.0000
2026-09-21T18:37:00+00:00,4385.70020,4386.39990,4385.60010,4385.89990,73.0000
2026-09-21T18:38:00+00:00,4386.00000,4386.29980,4385.39990,4385.50000,78.0000
2026-09-21T18:39:00+00:00,4385.60010,4385.89990,4385.60010,4385.70020,11.0000
2026-09-21T18:40:00+00:00,4385.89990,4386.20020,4385.10010,4385.39990,79.0000
2026-09-21T18:41:00+00:00,4385.39990,4386.00000,4384.79980,4385.20020,113.0000
2026-09-21T18:42:00+00:00,4385.00000,4385.29980,4384.70020,4385.20020,32.0000
2026-09-21T18:43:00+00:00,4384.89990,4385.60010,4384.79980,4385.10010,39.0000
2026-09-21T18:44:00+00:00,4385.20020,4386.00000,4385.20020,4385.39990,33.0000
2026-09-21T18:45:00+00:00,4385.79980,4386.39990,4385.39990,4385.70020,64.0000
2026-09-21T18:46:00+00:00,4385.50000,4385.70020,4385.10010,4385.20020,21.0000
2026-09-21T18:47:00+00:00,4385.10010,4386.70020,4384.89990,4386.39990,93.0000
2026-09-21T18:48:00+00:00,4386.20020,4386.50000,4385.79980,4385.89990,45.0000
2026-09-21T18:49:00+00:00,4386.00000,4386.10010,4385.89990,4386.10010,10.0000
2026-09-21T18:50:00+00:00,4386.00000,4387.00000,4386.00000,4386.70020,66.0000
2026-09-21T18:51:00+00:00,4386.50000,4387.00000,4385.39990,4386.79980,61.0000
2026-09-21T18:52:00+00:00,4386.70020,4387.29980,4386.60010,4387.00000,32.0000
2026-09-21T18:53:00+00:00,4387.00000,4387.10010,4386.50000,4386.89990,17.0000
2026-09-21T18:54:00+00:00,4386.79980,4387.29980,4385.79980,4385.89990,40.0000
2026-09-21T18:55:00+00:00,4385.60010,4386.39990,4385.50000,4386.29980,32.0000
2026-09-21T18:56:00+00:00,4386.20020,4386.70020,4386.20020,4386.60010,21.0000
2026-09-21T18:57:00+00:00,4386.60010,4386.60010,4384.89990,4385.00000,55.0000
2026-09-21T18:58:00+00:00,4385.00000,4385.29980,4384.29980,4384.70020,68.0000
2026-09-21T18:59:00+00:00,4384.50000,4385.00000,4384.29980,4384.39990,71.0000
2026-09-21T19:00:00+00:00,4384.29980,4384.29980,4382.79980,4383.00000,96.0000
2026-09-21T19:01:00+00:00,4382.79980,4383.70020,4381.79980,4381.79980,118.0000
2026-09-21T19:02:00+00:00,4381.70020,4382.70020,4381.29980,4381.89990,83.0000
2026-09-21T19:03:00+00:00,4382.00000,4382.20020,4380.89990,4380.89990,44.0000
2026-09-21T19:04:00+00:00,4381.00000,4381.70020,4380.39990,4381.70020,56.0000
2026-09-21T19:05:00+00:00,4381.50000,4382.00000,4381.20020,4381.70020,42.0000
2026-09-21T19:06:00+00:00,4381.79980,4381.79980,4380.70020,4381.60010,47.0000
2026-09-21T19:07:00+00:00,4381.70020,4382.20020,4381.20020,4382.10010,56.0000
2026-09-21T19:08:00+00:00,4382.20020,4382.89990,4381.39990,4382.79980,77.0000
2026-09-21T19:09:00+00:00,4382.70020,4384.10010,4382.70020,4383.79980,34.0000
2026-09-21T19:10:00+00:00,4384.10010,4384.20020,4383.20020,4384.00000,54.0000
2026-09-21T19:11:00+00:00,4383.79980,4384.50000,4382.89990,4384.39990,59.0000
2026-09-21T19:12:00+00:00,4384.39990,4384.39990,4383.39990,4383.79980,38.0000
2026-09-21T19:13:00+00:00,4383.89990,4384.50000,4383.50000,4384.29980,27.0000
2026-09-21T19:14:00+00:00,4384.29980,4384.89990,4383.79980,4383.79980,71.0000
2026-09-21T19:15:00+00:00,4383.50000,4383.70020,4382.89990,4383.39990,44.0000
2026-09-21T19:16:00+00:00,4383.39990,4384.50000,4383.39990,4384.39990,52.0000
2026-09-21T19:17:00+00:00,4384.20020,4384.20020,4383.10010,4383.20020,41.0000
2026-09-21T19:18:00+00:00,4383.29980,4383.70020,4383.20020,4383.60010,20.0000
2026-09-21T19:19:00+00:00,4383.60010,4383.89990,4383.20020,4383.20020,31.0000
2026-09-21T19:20:00+00:00,4383.00000,4384.29980,4383.00000,4384.10010,55.0000
2026-09-21T19:21:00+00:00,4384.10010,4384.60010,4383.39990,4383.39990,46.0000
2026-09-21T19:22:00+00:00,4383.60010,4384.39990,4383.50000,4384.29980,20.0000
2026-09-21T19:23:00+00:00,4384.39990,4384.70020,4384.00000,4384.29980,46.0000
2026-09-21T19:24:00+00:00,4384.60010,4384.70020,4383.89990,4384.00000,24.0000
2026-09-21T19:25:00+00:00,4383.89990,4384.20020,4383.29980,4384.00000,38.0000
2026-09-21T19:26:00+00:00,4384.20020,4385.70020,4384.10010,4385.60010,42.0000
2026-09-21T19:27:00+00:00,4385.79980,4387.79980,4385.60010,4387.70020,66.0000
2026-09-21T19:28:00+00:00,4387.89990,4388.50000,4387.39990,4387.70020,79.0000
2026-09-21T19:29:00+00:00,4387.79980,4388.10010,4386.89990,4387.10010,67.0000
2026-09-21T19:30:00+00:00,4387.00000,4388.50000,4387.00000,4388.20020,60.0000
2026-09-21T19:31:00+00:00,4388.39990,4389.79980,4387.89990,4389.60010,96.0000
2026-09-21T19:32:00+00:00,4389.39990,4390.39990,4389.10010,4389.89990,64.0000
2026-09-21T19:33:00+00:00,4390.00000,4390.29980,4389.29980,4389.60010,42.0000
2026-09-21T19:34:00+00:00,4389.70020,4391.20020,4389.70020,4390.39990,86.0000
2026-09-21T19:35:00+00:00,4390.20020,4391.39990,4389.70020,4390.79980,130.0000
2026-09-21T19:36:00+00:00,4390.79980,4391.00000,4390.10010,4391.00000,48.0000
2026-09-21T19:37:00+00:00,4391.00000,4391.20020,4389.20020,4390.00000,85.0000
2026-09-21T19:38:00+00:00,4390.00000,4390.10010,4389.50000,4390.00000,38.0000
2026-09-21T19:39:00+00:00,4390.00000,4391.89990,4390.00000,4391.00000,79.0000
2026-09-21T19:40:00+00:00,4391.10010,4391.60010,4389.20020,4389.70020,147.0000
2026-09-21T19:41:00+00:00,4389.70020,4389.70020,4387.29980,4387.60010,210.0000
2026-09-21T19:42:00+00:00,4387.39990,4387.70020,4386.50000,4387.00000,95.0000
2026-09-21T19:43:00+00:00,4387.20020,4387.20020,4386.20020,4386.20020,56.0000
2026-09-21T19:44:00+00:00,4386.20020,4386.39990,4385.29980,4386.10010,47.0000
2026-09-21T19:45:00+00:00,4385.79980,4386.29980,4384.50000,4385.79980,93.0000
2026-09-21T19:46:00+00:00,4385.70020,4386.10010,4385.20020,4385.89990,26.0000
2026-09-21T19:47:00+00:00,4385.89990,4385.89990,4384.89990,4385.10010,50.0000
2026-09-21T19:48:00+00:00,4384.89990,4385.29980,4384.00000,4384.70020,90.0000
2026-09-21T19:49:00+00:00,4384.70020,4385.00000,4384.00000,4384.20020,53.0000
2026-09-21T19:50:00+00:00,4383.89990,4384.50000,4383.50000,4384.20020,68.0000
2026-09-21T19:51:00+00:00,4384.29980,4384.29980,4382.60010,4383.39990,116.0000
2026-09-21T19:52:00+00:00,4383.39990,4384.20020,4383.10010,4384.00000,83.0000
2026-09-21T19:53:00+00:00,4383.89990,4384.10010,4382.79980,4383.29980,75.0000
2026-09-21T19:54:00+00:00,4383.10010,4384.20020,4383.10010,4384.20020,47.0000
2026-09-21T19:55:00+00:00,4384.29980,4384.29980,4382.89990,4383.50000,74.0000
2026-09-21T19:56:00+00:00,4383.39990,4383.60010,4382.89990,4383.29980,43.0000
2026-09-21T19:57:00+00:00,4383.39990,4384.10010,4383.29980,4383.50000,39.0000
2026-09-21T19:58:00+00:00,4383.50000,4384.20020,4383.20020,4383.20020,65.0000
2026-09-21T19:59:00+00:00,4383.20020,4383.50000,4382.39990,4383.00000,104.0000
2026-09-21T20:00:00+00:00,4383.00000,4383.29980,4380.10010,4380.39990,203.0000
2026-09-21T20:01:00+00:00,4380.50000,4381.10010,4379.50000,4380.70020,114.0000
2026-09-21T20:02:00+00:00,4380.50000,4380.60010,4380.10010,4380.60010,12.0000
2026-09-21T20:03:00+00:00,4380.39990,4381.20020,4380.39990,4381.20020,27.0000
2026-09-21T20:04:00+00:00,4381.00000,4381.00000,4380.70020,4380.70020,4.0000
2026-09-21T20:05:00+00:00,4381.20020,4381.70020,4381.20020,4381.70020,22.0000
2026-09-21T20:06:00+00:00,4381.60010,4381.79980,4381.39990,4381.70020,10.0000
2026-09-21T20:07:00+00:00,4381.79980,4382.00000,4381.29980,4381.29980,15.0000
2026-09-21T20:08:00+00:00,4381.79980,4381.89990,4381.70020,4381.79980,7.0000
2026-09-21T20:09:00+00:00,4381.70020,4381.79980,4381.39990,4381.39990,11.0000
2026-09-21T20:10:00+00:00,4381.70020,4382.00000,4381.60010,4382.00000,3.0000
2026-09-21T20:11:00+00:00,4382.00000,4382.00000,4381.39990,4381.50000,24.0000
2026-09-21T20:12:00+00:00,4381.50000,4381.50000,4380.60010,4380.70020,17.0000
2026-09-21T20:13:00+00:00,4380.70020,4380.79980,4380.50000,4380.79980,17.0000
2026-09-21T20:14:00+00:00,4380.79980,4380.79980,4379.50000,4379.60010,25.0000
2026-09-21T20:15:00+00:00,4379.79980,4379.79980,4378.89990,4379.00000,44.0000
2026-09-21T20:16:00+00:00,4379.20020,4379.29980,4378.39990,4378.50000,40.0000
2026-09-21T20:17:00+00:00,4378.50000,4378.70020,4378.29980,4378.50000,29.0000
2026-09-21T20:18:00+00:00,4378.60010,4379.10010,4378.50000,4378.50000,22.0000
2026-09-21T20:19:00+00:00,4378.60010,4378.79980,4378.60010,4378.79980,3.0000
2026-09-21T20:20:00+00:00,4378.79980,4379.60010,4378.70020,4379.00000,34.0000
2026-09-21T20:21:00+00:00,4379.10010,4379.70020,4379.10010,4379.70020,12.0000
2026-09-21T20:22:00+00:00,4379.70020,4379.89990,4379.60010,4379.60010,7.0000
2026-09-21T20:23:00+00:00,4379.70020,4379.70020,4379.10010,4379.10010,6.0000
2026-09-21T20:24:00+00:00,4378.79980,4378.89990,4378.50000,4378.79980,11.0000
2026-09-21T20:25:00+00:00,4378.79980,4379.00000,4378.79980,4378.89990,8.0000
2026-09-21T20:26:00+00:00,4378.70020,4379.50000,4378.70020,4379.39990,14.0000
2026-09-21T20:27:00+00:00,4379.29980,4379.39990,4379.00000,4379.39990,10.0000
2026-09-21T20:28:00+00:00,4379.39990,4379.39990,4379.00000,4379.00000,20.0000
2026-09-21T20:29:00+00:00,4379.10010,4379.10010,4378.00000,4378.70020,34.0000
2026-09-21T20:30:00+00:00,4378.50000,4378.50000,4378.10010,4378.10010,8.0000
2026-09-21T20:31:00+00:00,4378.00000,4378.20020,4377.29980,4378.20020,20.0000
2026-09-21T20:32:00+00:00,4378.50000,4378.50000,4378.20020,4378.20020,4.0000
2026-09-21T20:33:00+00:00,4378.10010,4378.10010,4378.10010,4378.10010,6.0000
2026-09-21T20:34:00+00:00,4378.20020,4378.70020,4378.00000,4378.70020,27.0000
2026-09-21T20:35:00+00:00,4378.70020,4380.00000,4378.60010,4379.10010,27.0000
2026-09-21T20:36:00+00:00,4379.10010,4379.20020,4378.70020,4379.20020,15.0000
2026-09-21T20:37:00+00:00,4379.10010,4379.60010,4379.10010,4379.60010,13.0000
2026-09-21T20:38:00+00:00,4379.79980,4380.29980,4379.60010,4380.29980,15.0000
2026-09-21T20:39:00+00:00,4380.10010,4380.29980,4379.79980,4380.00000,16.0000
2026-09-21T20:40:00+00:00,4380.20020,4381.10010,4380.10010,4380.70020,11.0000
2026-09-21T20:41:00+00:00,4380.79980,4380.79980,4380.60010,4380.60010,2.0000
2026-09-21T20:42:00+00:00,4380.50000,4380.50000,4380.20020,4380.20020,14.0000
2026-09-21T20:43:00+00:00,4380.10010,4380.20020,4379.60010,4380.20020,22.0000
2026-09-21T20:44:00+00:00,4379.70020,4380.20020,4379.70020,4380.10010,10.0000
2026-09-21T20:45:00+00:00,4380.39990,4380.39990,4379.70020,4379.70020,20.0000
2026-09-21T20:46:00+00:00,4379.70020,4380.20020,4379.39990,4379.39990,46.0000
2026-09-21T20:47:00+00:00,4379.39990,4379.39990,4378.70020,4379.00000,39.0000
2026-09-21T20:48:00+00:00,4379.29980,4379.79980,4379.29980,4379.79980,14.0000
2026-09-21T20:49:00+00:00,4379.89990,4379.89990,4379.29980,4379.70020,12.0000
2026-09-21T20:50:00+00:00,4379.79980,4380.39990,4379.70020,4380.29980,35.0000
2026-09-21T20:51:00+00:00,4380.39990,4381.29980,4380.39990,4381.29980,22.0000
2026-09-21T20:52:00+00:00,4381.00000,4381.60010,4381.00000,4381.39990,16.0000
2026-09-21T20:53:00+00:00,4381.50000,4382.29980,4381.50000,4382.29980,23.0000
2026-09-21T20:54:00+00:00,4382.00000,4382.00000,4381.50000,4381.89990,37.0000
2026-09-21T20:55:00+00:00,4382.00000,4382.20020,4381.39990,4381.89990,32.0000
2026-09-21T20:56:00+00:00,4381.89990,4382.20020,4381.50000,4382.20020,32.0000
2026-09-21T20:57:00+00:00,4382.00000,4382.20020,4381.39990,4381.70020,38.0000
2026-09-21T20:58:00+00:00,4381.70020,4382.00000,4381.60010,4381.79980,31.0000
2026-09-21T20:59:00+00:00,4381.50000,4381.89990,4381.00000,4381.00000,25.0000
2026-09-21T22:00:00+00:00,4382.50000,4386.50000,4382.00000,4385.89990,0.0000
2026-09-21T22:01:00+00:00,4386.10010,4386.20020,4384.79980,4385.10010,54.0000
2026-09-21T22:02:00+00:00,4385.60010,4386.29980,4385.00000,4386.20020,30.0000
2026-09-21T22:03:00+00:00,4386.20020,4386.29980,4385.50000,4385.50000,26.0000
2026-09-21T22:04:00+00:00,4385.79980,4386.00000,4385.50000,4385.89990,43.0000
2026-09-21T22:05:00+00:00,4385.60010,4385.60010,4384.60010,4384.60010,28.0000
2026-09-21T22:06:00+00:00,4384.29980,4384.39990,4384.00000,4384.10010,17.0000
2026-09-21T22:07:00+00:00,4384.20020,4386.39990,4384.20020,4386.39990,38.0000
2026-09-21T22:08:00+00:00,4386.50000,4387.60010,4386.50000,4387.10010,62.0000
2026-09-21T22:09:00+00:00,4387.60010,4387.60010,4386.20020,4386.60010,27.0000
2026-09-21T22:10:00+00:00,4387.00000,4387.20020,4386.39990,4387.10010,27.0000
2026-09-21T22:11:00+00:00,4387.29980,4387.50000,4387.00000,4387.50000,9.0000
2026-09-21T22:12:00+00:00,4387.60010,4387.79980,4387.39990,4387.60010,10.0000
2026-09-21T22:13:00+00:00,4387.39990,4388.00000,4387.39990,4388.00000,13.0000
2026-09-21T22:14:00+00:00,4387.79980,4388.20020,4386.89990,4387.00000,18.0000
2026-09-21T22:15:00+00:00,4387.29980,4387.89990,4386.79980,4386.79980,56.0000
2026-09-21T22:16:00+00:00,4386.79980,4387.60010,4386.79980,4387.10010,22.0000
2026-09-21T22:17:00+00:00,4387.29980,4389.20020,4386.79980,4388.89990,54.0000
2026-09-21T22:18:00+00:00,4389.20020,4389.70020,4388.60010,4389.20020,39.0000
2026-09-21T22:19:00+00:00,4388.89990,4390.20020,4388.39990,4389.70020,148.0000
2026-09-21T22:20:00+00:00,4390.10010,4390.39990,4388.89990,4388.89990,38.0000
2026-09-21T22:21:00+00:00,4388.89990,4389.79980,4388.89990,4389.29980,20.0000
2026-09-21T22:22:00+00:00,4389.10010,4389.70020,4388.50000,4388.89990,24.0000
2026-09-21T22:23:00+00:00,4389.00000,4389.29980,4388.60010,4389.29980,69.0000
2026-09-21T22:24:00+00:00,4389.39990,4389.89990,4389.00000,4389.89990,81.0000
2026-09-21T22:25:00+00:00,4389.89990,4390.39990,4388.00000,4388.89990,116.0000
2026-09-21T22:26:00+00:00,4388.89990,4389.20020,4387.89990,4389.20020,111.0000
2026-09-21T22:27:00+00:00,4389.00000,4389.29980,4387.60010,4388.39990,181.0000
2026-09-21T22:28:00+00:00,4388.79980,4390.29980,4388.10010,4388.89990,60.0000
2026-09-21T22:29:00+00:00,4388.89990,4390.10010,4388.89990,4390.10010,27.0000
2026-09-21T22:30:00+00:00,4390.29980,4390.70020,4389.70020,4390.00000,52.0000
2026-09-21T22:31:00+00:00,4390.29980,4390.50000,4389.00000,4389.00000,29.0000
2026-09-21T22:32:00+00:00,4389.29980,4389.29980,4388.70020,4389.00000,17.0000
2026-09-21T22:33:00+00:00,4389.29980,4389.89990,4388.70020,4389.39990,30.0000
2026-09-21T22:34:00+00:00,4389.60010,4389.60010,4388.89990,4389.00000,4.0000
2026-09-21T22:35:00+00:00,4389.10010,4389.60010,4389.00000,4389.39990,8.0000
2026-09-21T22:36:00+00:00,4388.89990,4389.60010,4388.79980,4389.39990,16.0000
2026-09-21T22:37:00+00:00,4389.60010,4389.89990,4389.20020,4389.79980,47.0000
2026-09-21T22:38:00+00:00,4389.70020,4389.70020,4389.10010,4389.39990,25.0000
2026-09-21T22:39:00+00:00,4389.39990,4389.60010,4389.10010,4389.50000,27.0000
2026-09-21T22:40:00+00:00,4389.50000,4389.50000,4389.00000,4389.00000,9.0000
2026-09-21T22:41:00+00:00,4389.10010,4390.50000,4389.00000,4390.50000,13.0000
2026-09-21T22:42:00+00:00,4390.29980,4390.39990,4389.60010,4390.00000,27.0000
2026-09-21T22:43:00+00:00,4389.89990,4390.20020,4389.89990,4390.20020,12.0000
2026-09-21T22:44:00+00:00,4390.29980,4390.39990,4389.79980,4389.89990,23.0000
2026-09-21T22:45:00+00:00,4390.20020,4392.70020,4390.20020,4392.39990,188.0000
2026-09-21T22:46:00+00:00,4392.10010,4392.89990,4391.89990,4392.20020,94.0000
2026-09-21T22:47:00+00:00,4392.00000,4395.70020,4391.79980,4395.29980,79.0000
2026-09-21T22:48:00+00:00,4395.20020,4396.89990,4394.70020,4396.89990,48.0000
2026-09-21T22:49:00+00:00,4396.60010,4397.20020,4396.60010,4397.00000,27.0000
2026-09-21T22:50:00+00:00,4397.00000,4397.89990,4397.00000,4397.60010,44.0000
2026-09-21T22:51:00+00:00,4397.60010,4399.39990,4397.60010,4398.79980,95.0000
2026-09-21T22:52:00+00:00,4398.39990,4399.39990,4398.29980,4399.29980,43.0000
2026-09-21T22:53:00+00:00,4399.39990,4399.70020,4398.89990,4399.10010,38.0000
2026-09-21T22:54:00+00:00,4399.10010,4400.29980,4399.00000,4399.89990,33.0000
2026-09-21T22:55:00+00:00,4400.10010,4401.39990,4399.79980,4401.00000,71.0000
2026-09-21T22:56:00+00:00,4401.20020,4402.50000,4400.20020,4400.70020,121.0000
2026-09-21T22:57:00+00:00,4400.79980,4402.79980,4400.79980,4402.39990,115.0000
2026-09-21T22:58:00+00:00,4402.50000,4402.50000,4401.39990,4401.60010,45.0000
2026-09-21T22:59:00+00:00,4401.79980,4402.00000,4398.39990,4398.70020,300.0000
2026-09-21T23:00:00+00:00,4398.70020,4401.00000,4397.60010,4400.79980,240.0000
2026-09-21T23:01:00+00:00,4400.89990,4401.10010,4399.20020,4400.20020,15.0000
2026-09-21T23:02:00+00:00,4400.50000,4401.70020,4400.29980,4401.29980,75.0000
2026-09-21T23:03:00+00:00,4401.50000,4403.70020,4401.50000,4403.00000,131.0000
2026-09-21T23:04:00+00:00,4403.10010,4403.20020,4402.60010,4403.00000,45.0000
2026-09-21T23:05:00+00:00,4402.70020,4402.70020,4401.10010,4401.50000,21.0000
2026-09-21T23:06:00+00:00,4401.39990,4402.00000,4401.29980,4401.60010,20.0000
2026-09-21T23:07:00+00:00,4401.50000,4401.70020,4400.79980,4401.20020,32.0000
2026-09-21T23:08:00+00:00,4401.29980,4401.70020,4401.00000,4401.29980,20.0000
2026-09-21T23:09:00+00:00,4401.20020,4402.20020,4400.89990,4402.20020,62.0000
2026-09-21T23:10:00+00:00,4401.70020,4402.29980,4401.39990,4402.10010,84.0000
2026-09-21T23:11:00+00:00,4402.29980,4403.39990,4402.10010,4403.10010,41.0000
2026-09-21T23:12:00+00:00,4403.39990,4403.70020,4399.70020,4400.10010,133.0000
2026-09-21T23:13:00+00:00,4400.50000,4401.20020,4399.10010,4399.10010,42.0000
2026-09-21T23:14:00+00:00,4399.39990,4399.39990,4397.20020,4397.20020,196.0000
2026-09-21T23:15:00+00:00,4397.39990,4400.50000,4397.29980,4399.89990,95.0000
2026-09-21T23:16:00+00:00,4400.10010,4402.10010,4400.10010,4401.10010,105.0000
2026-09-21T23:17:00+00:00,4401.39990,4401.89990,4399.29980,4399.89990,138.0000
2026-09-21T23:18:00+00:00,4400.10010,4401.29980,4400.00000,4400.79980,64.0000
2026-09-21T23:19:00+00:00,4400.79980,4401.29980,4397.89990,4399.20020,102.0000
2026-09-21T23:20:00+00:00,4398.89990,4398.89990,4396.20020,4397.89990,157.0000
2026-09-21T23:21:00+00:00,4397.89990,4398.50000,4396.39990,4398.00000,138.0000
2026-09-21T23:22:00+00:00,4398.29980,4399.29980,4398.29980,4398.89990,29.0000
2026-09-21T23:23:00+00:00,4398.79980,4399.20020,4397.70020,4398.79980,60.0000
2026-09-21T23:24:00+00:00,4399.10010,4399.89990,4397.00000,4397.60010,205.0000
2026-09-21T23:25:00+00:00,4397.50000,4397.50000,4396.20020,4396.70020,56.0000
2026-09-21T23:26:00+00:00,4396.50000,4397.29980,4395.79980,4397.29980,43.0000
2026-09-21T23:27:00+00:00,4397.39990,4398.00000,4396.20020,4398.00000,103.0000
2026-09-21T23:28:00+00:00,4398.00000,4398.29980,4395.50000,4395.70020,159.0000
2026-09-21T23:29:00+00:00,4395.50000,4397.50000,4395.50000,4396.79980,52.0000
2026-09-21T23:30:00+00:00,4397.29980,4398.70020,4397.29980,4397.39990,86.0000
2026-09-21T23:31:00+00:00,4397.39990,4399.00000,4396.00000,4396.50000,187.0000
2026-09-21T23:32:00+00:00,4396.20020,4397.29980,4395.70020,4397.00000,82.0000
2026-09-21T23:33:00+00:00,4397.29980,4398.20020,4396.70020,4397.89990,76.0000
2026-09-21T23:34:00+00:00,4397.89990,4398.89990,4397.70020,4397.89990,52.0000
2026-09-21T23:35:00+00:00,4397.70020,4400.00000,4396.39990,4396.79980,234.0000
2026-09-21T23:36:00+00:00,4397.10010,4399.60010,4397.10010,4399.60010,205.0000
2026-09-21T23:37:00+00:00,4399.60010,4402.89990,4399.60010,4401.29980,177.0000
2026-09-21T23:38:00+00:00,4401.20020,4402.39990,4399.39990,4400.89990,281.0000
2026-09-21T23:39:00+00:00,4400.29980,4402.70020,4400.00000,4402.70020,247.0000
2026-09-21T23:40:00+00:00,4402.70020,4407.89990,4402.70020,4407.20020,227.0000
2026-09-21T23:41:00+00:00,4407.60010,4408.60010,4404.79980,4404.79980,169.0000
2026-09-21T23:42:00+00:00,4405.00000,4405.39990,4404.29980,4405.10010,27.0000
2026-09-21T23:43:00+00:00,4404.89990,4405.20020,4404.10010,4404.70020,22.0000
2026-09-21T23:44:00+00:00,4404.50000,4406.39990,4404.10010,4406.39990,28.0000
2026-09-21T23:45:00+00:00,4406.60010,4406.60010,4404.79980,4405.89990,44.0000
2026-09-21T23:46:00+00:00,4405.20020,4405.20020,4405.10010,4405.10010,123.0000
2026-09-21T23:47:00+00:00,4404.89990,4405.20020,4404.39990,4405.20020,16.0000
2026-09-21T23:48:00+00:00,4405.60010,4408.60010,4405.29980,4407.60010,145.0000
2026-09-21T23:49:00+00:00,4407.70020,4408.10010,4404.70020,4405.70020,152.0000
2026-09-21T23:50:00+00:00,4405.60010,4405.70020,4403.70020,4403.70020,164.0000
2026-09-21T23:51:00+00:00,4403.70020,4404.00000,4402.29980,4402.29980,45.0000
2026-09-21T23:52:00+00:00,4402.39990,4403.79980,4401.79980,4403.29980,64.0000
2026-09-21T23:53:00+00:00,4402.89990,4405.20020,4402.00000,4403.70020,118.0000
2026-09-21T23:54:00+00:00,4403.79980,4404.39990,4402.89990,4403.79980,50.0000
2026-09-21T23:55:00+00:00,4403.70020,4406.29980,4403.39990,4406.10010,67.0000
2026-09-21T23:56:00+00:00,4406.10010,4406.70020,4404.00000,4404.50000,110.0000
2026-09-21T23:57:00+00:00,4404.79980,4407.29980,4404.10010,4407.00000,108.0000
2026-09-21T23:58:00+00:00,4407.50000,4408.39990,4406.60010,4407.29980,54.0000
2026-09-21T23:59:00+00:00,4407.60010,4407.79980,4406.29980,4406.79980,60.0000
2026-09-22T00:00:00+00:00,4407.00000,4407.60010,4405.00000,4407.00000,131.0000
2026-09-22T00:01:00+00:00,4406.89990,4408.00000,4406.00000,4407.60010,128.0000
2026-09-22T00:02:00+00:00,4408.00000,4414.10010,4408.00000,4412.60010,551.0000
2026-09-22T00:03:00+00:00,4412.60010,4412.60010,4408.79980,4409.79980,169.0000
2026-09-22T00:04:00+00:00,4409.60010,4412.00000,4409.60010,4410.39990,74.0000
2026-09-22T00:05:00+00:00,4410.50000,4410.60010,4408.79980,4410.29980,140.0000
2026-09-22T00:06:00+00:00,4410.70020,4411.00000,4409.20020,4410.39990,43.0000
2026-09-22T00:07:00+00:00,4410.10010,4411.10010,4409.00000,4410.10010,88.0000
2026-09-22T00:08:00+00:00,4410.10010,4410.50000,4407.50000,4410.50000,159.0000
2026-09-22T00:09:00+00:00,4410.20020,4412.10010,4409.39990,4412.00000,99.0000
2026-09-22T00:10:00+00:00,4412.39990,4412.70020,4409.60010,4410.89990,85.0000
2026-09-22T00:11:00+00:00,4410.89990,4411.79980,4408.20020,4408.29980,71.0000
2026-09-22T00:12:00+00:00,4408.70020,4410.70020,4408.00000,4409.29980,86.0000
2026-09-22T00:13:00+00:00,4409.29980,4409.89990,4408.50000,4409.39990,48.0000
2026-09-22T00:14:00+00:00,4409.39990,4409.39990,4407.89990,4408.20020,15.0000
2026-09-22T00:15:00+00:00,4407.79980,4407.79980,4403.29980,4404.50000,250.0000
2026-09-22T00:16:00+00:00,4404.50000,4404.79980,4400.89990,4401.20020,168.0000
2026-09-22T00:17:00+00:00,4401.70020,4402.50000,4399.89990,4399.89990,116.0000
2026-09-22T00:18:00+00:00,4399.89990,4400.10010,4396.50000,4397.50000,280.0000
2026-09-22T00:19:00+00:00,4397.39990,4399.20020,4397.00000,4398.29980,161.0000
2026-09-22T00:20:00+00:00,4398.89990,4399.70020,4397.39990,4398.10010,66.0000
2026-09-22T00:21:00+00:00,4398.10010,4399.39990,4397.60010,4397.89990,63.0000
2026-09-22T00:22:00+00:00,4397.50000,4398.39990,4396.29980,4398.20020,50.0000
2026-09-22T00:23:00+00:00,4398.10010,4400.39990,4398.00000,4399.70020,61.0000
2026-09-22T00:24:00+00:00,4398.39990,4398.70020,4398.39990,4398.60010,9.0000
2026-09-22T00:25:00+00:00,4398.79980,4398.79980,4396.70020,4396.70020,36.0000
2026-09-22T00:26:00+00:00,4396.39990,4397.39990,4396.39990,4397.39990,23.0000
2026-09-22T00:27:00+00:00,4397.39990,4397.50000,4395.70020,4396.70020,65.0000
2026-09-22T00:28:00+00:00,4396.50000,4396.79980,4396.20020,4396.29980,30.0000
2026-09-22T00:29:00+00:00,4396.39990,4396.60010,4395.60010,4395.89990,26.0000
2026-09-22T00:30:00+00:00,4395.79980,4397.00000,4394.20020,4394.60010,89.0000
2026-09-22T00:31:00+00:00,4394.39990,4397.00000,4394.29980,4396.00000,39.0000
2026-09-22T00:32:00+00:00,4396.00000,4396.10010,4394.79980,4395.79980,36.0000
2026-09-22T00:33:00+00:00,4395.50000,4395.89990,4394.29980,4395.39990,40.0000
2026-09-22T00:34:00+00:00,4395.50000,4395.79980,4394.50000,4395.10010,29.0000
2026-09-22T00:35:00+00:00,4394.60010,4394.60010,4391.29980,4391.29980,107.0000
2026-09-22T00:36:00+00:00,4392.00000,4394.70020,4392.00000,4394.10010,46.0000
2026-09-22T00:37:00+00:00,4394.20020,4394.20020,4392.00000,4392.60010,37.0000
2026-09-22T00:38:00+00:00,4393.50000,4393.70020,4392.00000,4392.00000,18.0000
2026-09-22T00:39:00+00:00,4392.10010,4392.20020,4387.00000,4387.00000,308.0000
2026-09-22T00:40:00+00:00,4387.29980,4388.10010,4386.79980,4387.79980,157.0000
2026-09-22T00:41:00+00:00,4387.50000,4389.00000,4385.89990,4388.60010,220.0000
2026-09-22T00:42:00+00:00,4388.39990,4390.29980,4387.50000,4389.20020,108.0000
2026-09-22T00:43:00+00:00,4389.70020,4390.29980,4388.60010,4389.89990,83.0000
2026-09-22T00:44:00+00:00,4389.89990,4393.29980,4389.89990,4393.00000,91.0000
2026-09-22T00:45:00+00:00,4393.20020,4394.79980,4391.89990,4392.39990,167.0000
2026-09-22T00:46:00+00:00,4392.29980,4393.29980,4391.00000,4391.50000,80.0000
2026-09-22T00:47:00+00:00,4391.50000,4394.50000,4391.50000,4392.39990,115.0000
2026-09-22T00:48:00+00:00,4392.20020,4393.60010,4392.10010,4392.89990,84.0000
2026-09-22T00:49:00+00:00,4393.20020,4393.79980,4393.10010,4393.70020,10.0000
2026-09-22T00:50:00+00:00,4393.39990,4395.50000,4392.60010,4395.50000,90.0000
2026-09-22T00:51:00+00:00,4395.29980,4397.39990,4395.29980,4395.29980,103.0000
2026-09-22T00:52:00+00:00,4395.20020,4395.79980,4394.50000,4394.50000,37.0000
2026-09-22T00:53:00+00:00,4394.29980,4396.39990,4394.29980,4395.89990,23.0000
2026-09-22T00:54:00+00:00,4396.29980,4396.60010,4395.50000,4395.70020,18.0000
2026-09-22T00:55:00+00:00,4396.10010,4396.60010,4395.79980,4396.29980,32.0000
2026-09-22T00:56:00+00:00,4396.10010,4396.50000,4395.39990,4396.29980,32.0000
2026-09-22T00:57:00+00:00,4396.29980,4397.70020,4395.89990,4396.00000,59.0000
2026-09-22T00:58:00+00:00,4396.00000,4396.00000,4394.79980,4395.50000,25.0000
2026-09-22T00:59:00+00:00,4395.29980,4397.70020,4394.50000,4397.70020,119.0000
2026-09-22T01:00:00+00:00,4397.60010,4398.20020,4392.89990,4397.79980,486.0000
2026-09-22T01:01:00+00:00,4398.10010,4398.39990,4392.89990,4394.60010,151.0000
2026-09-22T01:02:00+00:00,4394.79980,4397.00000,4393.79980,4396.60010,64.0000
2026-09-22T01:03:00+00:00,4396.70020,4400.89990,4395.39990,4397.50000,207.0000
2026-09-22T01:04:00+00:00,4397.60010,4399.10010,4396.89990,4398.60010,69.0000
2026-09-22T01:05:00+00:00,4399.29980,4399.29980,4396.00000,4396.00000,48.0000
2026-09-22T01:06:00+00:00,4396.00000,4400.89990,4395.60010,4400.39990,88.0000
2026-09-22T01:07:00+00:00,4400.10010,4400.39990,4397.89990,4398.60010,71.0000
2026-09-22T01:08:00+00:00,4398.00000,4402.50000,4397.39990,4400.50000,213.0000
2026-09-22T01:09:00+00:00,4400.20020,4400.79980,4397.29980,4397.29980,58.0000
2026-09-22T01:10:00+00:00,4397.50000,4398.79980,4396.29980,4397.29980,67.0000
2026-09-22T01:11:00+00:00,4397.39990,4397.39990,4391.60010,4391.60010,210.0000
2026-09-22T01:12:00+00:00,4391.70020,4395.20020,4391.70020,4394.00000,53.0000
2026-09-22T01:13:00+00:00,4394.10010,4394.10010,4390.89990,4392.29980,67.0000
2026-09-22T01:14:00+00:00,4391.79980,4392.60010,4390.50000,4391.10010,102.0000
2026-09-22T01:15:00+00:00,4390.70020,4392.89990,4390.29980,4392.00000,73.0000
2026-09-22T01:16:00+00:00,4392.00000,4392.39990,4388.00000,4388.20020,122.0000
2026-09-22T01:17:00+00:00,4388.00000,4388.89990,4387.20020,4388.79980,106.0000
2026-09-22T01:18:00+00:00,4388.39990,4391.00000,4388.39990,4390.39990,56.0000
2026-09-22T01:19:00+00:00,4390.50000,4391.60010,4390.00000,4391.00000,59.0000
2026-09-22T01:20:00+00:00,4390.79980,4391.60010,4390.39990,4390.70020,19.0000
2026-09-22T01:21:00+00:00,4390.39990,4390.39990,4387.50000,4389.10010,71.0000
2026-09-22T01:22:00+00:00,4388.60010,4389.39990,4387.00000,4389.00000,100.0000
2026-09-22T01:23:00+00:00,4389.20020,4393.50000,4389.20020,4393.39990,96.0000
2026-09-22T01:24:00+00:00,4393.00000,4394.39990,4392.20020,4392.29980,101.0000
2026-09-22T01:25:00+00:00,4392.60010,4396.00000,4392.60010,4393.20020,110.0000
2026-09-22T01:26:00+00:00,4392.79980,4392.79980,4391.60010,4391.89990,45.0000
2026-09-22T01:27:00+00:00,4392.10010,4393.20020,4391.89990,4392.00000,67.0000
2026-09-22T01:28:00+00:00,4392.39990,4392.70020,4391.89990,4392.29980,51.0000
2026-09-22T01:29:00+00:00,4392.00000,4393.79980,4391.79980,4393.60010,15.0000
2026-09-22T01:30:00+00:00,4393.10010,4393.29980,4390.20020,4391.20020,38.0000
2026-09-22T01:31:00+00:00,4391.10010,4391.89990,4390.00000,4390.89990,22.0000
2026-09-22T01:32:00+00:00,4390.70020,4391.29980,4389.60010,4389.70020,23.0000
2026-09-22T01:33:00+00:00,4389.20020,4391.70020,4389.20020,4390.39990,24.0000
2026-09-22T01:34:00+00:00,4392.00000,4392.79980,4390.89990,4392.79980,38.0000
2026-09-22T01:35:00+00:00,4392.89990,4392.89990,4390.50000,4390.79980,111.0000
2026-09-22T01:36:00+00:00,4391.29980,4393.50000,4391.10010,4392.60010,50.0000
2026-09-22T01:37:00+00:00,4392.60010,4393.29980,4392.00000,4393.10010,43.0000
2026-09-22T01:38:00+00:00,4392.60010,4393.29980,4390.79980,4391.20020,42.0000
2026-09-22T01:39:00+00:00,4391.39990,4393.50000,4391.10010,4392.20020,31.0000
2026-09-22T01:40:00+00:00,4392.50000,4393.89990,4391.50000,4393.20020,72.0000
2026-09-22T01:41:00+00:00,4393.20020,4394.60010,4391.00000,4391.70020,51.0000
2026-09-22T01:42:00+00:00,4391.70020,4391.89990,4390.70020,4391.29980,15.0000
2026-09-22T01:43:00+00:00,4390.89990,4392.00000,4389.00000,4391.39990,65.0000
2026-09-22T01:44:00+00:00,4391.39990,4391.39990,4386.50000,4386.70020,115.0000
2026-09-22T01:45:00+00:00,4386.50000,4388.60010,4385.60010,4387.20020,178.0000
2026-09-22T01:46:00+00:00,4387.00000,4387.39990,4384.79980,4384.79980,88.0000
2026-09-22T01:47:00+00:00,4385.10010,4385.79980,4384.10010,4384.79980,92.0000
2026-09-22T01:48:00+00:00,4384.50000,4385.00000,4383.00000,4385.00000,77.0000
2026-09-22T01:49:00+00:00,4383.89990,4384.10010,4380.89990,4383.10010,218.0000
2026-09-22T01:50:00+00:00,4383.50000,4383.60010,4380.60010,4381.50000,123.0000
2026-09-22T01:51:00+00:00,4381.70020,4384.50000,4381.39990,4383.89990,137.0000
2026-09-22T01:52:00+00:00,4384.00000,4385.20020,4383.29980,4384.79980,56.0000
2026-09-22T01:53:00+00:00,4385.20020,4385.50000,4382.50000,4383.79980,78.0000
2026-09-22T01:54:00+00:00,4383.79980,4385.70020,4383.50000,4385.60010,19.0000
2026-09-22T01:55:00+00:00,4385.70020,4386.29980,4384.00000,4384.00000,35.0000
2026-09-22T01:56:00+00:00,4384.00000,4386.79980,4383.89990,4386.79980,45.0000
2026-09-22T01:57:00+00:00,4386.00000,4386.70020,4384.50000,4384.60010,28.0000
2026-09-22T01:58:00+00:00,4384.60010,4386.89990,4384.50000,4385.89990,87.0000
2026-09-22T01:59:00+00:00,4385.79980,4386.79980,4385.00000,4385.89990,58.0000
2026-09-22T02:00:00+00:00,4386.20020,4387.79980,4385.60010,4387.39990,55.0000
2026-09-22T02:01:00+00:00,4387.70020,4389.10010,4387.60010,4388.00000,57.0000
2026-09-22T02:02:00+00:00,4388.10010,4388.10010,4386.89990,4387.00000,33.0000
2026-09-22T02:03:00+00:00,4386.70020,4386.70020,4385.60010,4385.60010,23.0000
2026-09-22T02:04:00+00:00,4385.79980,4390.50000,4384.70020,4390.20020,397.0000
2026-09-22T02:05:00+00:00,4390.10010,4390.10010,4386.79980,4386.79980,116.0000
2026-09-22T02:06:00+00:00,4387.39990,4387.70020,4385.60010,4386.00000,15.0000
2026-09-22T02:07:00+00:00,4385.60010,4385.70020,4382.60010,4383.20020,98.0000
2026-09-22T02:08:00+00:00,4383.20020,4383.20020,4380.10010,4381.79980,127.0000
2026-09-22T02:09:00+00:00,4381.89990,4382.10010,4380.20020,4380.39990,92.0000
2026-09-22T02:10:00+00:00,4380.79980,4380.79980,4379.10010,4380.00000,190.0000
2026-09-22T02:11:00+00:00,4379.70020,4382.00000,4379.10010,4380.10010,303.0000
2026-09-22T02:12:00+00:00,4380.00000,4380.89990,4379.70020,4380.00000,39.0000
2026-09-22T02:13:00+00:00,4380.00000,4380.29980,4379.00000,4379.20020,14.0000
2026-09-22T02:14:00+00:00,4379.29980,4380.10010,4379.29980,4379.39990,38.0000
2026-09-22T02:15:00+00:00,4379.70020,4380.29980,4379.20020,4380.20020,42.0000
2026-09-22T02:16:00+00:00,4380.00000,4380.20020,4378.20020,4379.10010,116.0000
2026-09-22T02:17:00+00:00,4379.29980,4379.60010,4376.29980,4377.29980,101.0000
2026-09-22T02:18:00+00:00,4377.50000,4380.10010,4377.50000,4380.00000,92.0000
2026-09-22T02:19:00+00:00,4379.89990,4381.20020,4379.39990,4380.20020,103.0000
2026-09-22T02:20:00+00:00,4380.50000,4383.20020,4380.29980,4383.10010,162.0000
2026-09-22T02:21:00+00:00,4383.10010,4383.79980,4381.60010,4381.60010,52.0000
2026-09-22T02:22:00+00:00,4382.89990,4385.20020,4382.89990,4384.79980,83.0000
2026-09-22T02:23:00+00:00,4384.70020,4384.89990,4383.89990,4383.89990,60.0000
2026-09-22T02:24:00+00:00,4384.00000,4385.29980,4384.00000,4384.70020,26.0000
2026-09-22T02:25:00+00:00,4384.60010,4386.70020,4384.60010,4385.60010,79.0000
2026-09-22T02:26:00+00:00,4385.39990,4386.29980,4385.20020,4385.29980,103.0000
2026-09-22T02:27:00+00:00,4385.60010,4387.39990,4385.60010,4386.79980,73.0000
2026-09-22T02:28:00+00:00,4386.89990,4389.20020,4386.89990,4389.20020,63.0000
2026-09-22T02:29:00+00:00,4388.89990,4389.20020,4388.39990,4388.60010,42.0000
2026-09-22T02:30:00+00:00,4389.00000,4389.20020,4386.00000,4388.50000,226.0000
2026-09-22T02:31:00+00:00,4388.39990,4388.60010,4387.29980,4388.60010,41.0000
2026-09-22T02:32:00+00:00,4388.89990,4391.10010,4388.39990,4390.39990,167.0000
2026-09-22T02:33:00+00:00,4390.60010,4391.50000,4389.50000,4391.20020,76.0000
2026-09-22T02:34:00+00:00,4391.29980,4392.79980,4390.79980,4392.00000,140.0000
2026-09-22T02:35:00+00:00,4391.79980,4392.29980,4390.50000,4391.10010,40.0000
2026-09-22T02:36:00+00:00,4391.00000,4392.50000,4390.39990,4392.29980,47.0000
2026-09-22T02:37:00+00:00,4392.20020,4392.20020,4391.10010,4391.50000,40.0000
2026-09-22T02:38:00+00:00,4391.29980,4391.50000,4389.89990,4390.50000,41.0000
2026-09-22T02:39:00+00:00,4390.29980,4391.60010,4389.89990,4390.70020,44.0000
2026-09-22T02:40:00+00:00,4390.20020,4391.10010,4387.89990,4388.10010,80.0000
2026-09-22T02:41:00+00:00,4388.00000,4388.50000,4386.20020,4386.20020,99.0000
2026-09-22T02:42:00+00:00,4386.50000,4386.60010,4385.10010,4385.79980,71.0000
2026-09-22T02:43:00+00:00,4385.79980,4386.10010,4385.00000,4386.00000,34.0000
2026-09-22T02:44:00+00:00,4385.79980,4385.79980,4383.50000,4384.00000,225.0000
2026-09-22T02:45:00+00:00,4384.10010,4384.10010,4382.10010,4383.79980,519.0000
2026-09-22T02:46:00+00:00,4383.50000,4384.10010,4381.79980,4382.10010,173.0000
2026-09-22T02:47:00+00:00,4381.79980,4382.29980,4379.50000,4380.89990,99.0000
2026-09-22T02:48:00+00:00,4380.79980,4382.70020,4380.79980,4382.60010,77.0000
2026-09-22T02:49:00+00:00,4382.39990,4383.70020,4382.10010,4383.29980,311.0000
2026-09-22T02:50:00+00:00,4383.20020,4383.70020,4382.60010,4383.60010,57.0000
2026-09-22T02:51:00+00:00,4383.60010,4383.89990,4381.50000,4381.50000,46.0000
2026-09-22T02:52:00+00:00,4381.39990,4381.39990,4380.10010,4380.79980,31.0000
2026-09-22T02:53:00+00:00,4381.00000,4381.00000,4379.50000,4380.60010,44.0000
2026-09-22T02:54:00+00:00,4380.79980,4380.79980,4378.50000,4379.20020,83.0000
2026-09-22T02:55:00+00:00,4379.00000,4379.89990,4377.29980,4379.89990,100.0000
2026-09-22T02:56:00+00:00,4379.79980,4382.00000,4379.70020,4381.00000,94.0000
2026-09-22T02:57:00+00:00,4380.29980,4381.20020,4380.20020,4380.79980,22.0000
2026-09-22T02:58:00+00:00,4380.89990,4381.00000,4380.00000,4380.79980,22.0000
2026-09-22T02:59:00+00:00,4380.29980,4382.20020,4380.29980,4381.79980,42.0000
2026-09-22T03:00:00+00:00,4381.60010,4382.20020,4380.50000,4380.70020,46.0000
2026-09-22T03:01:00+00:00,4380.79980,4381.39990,4379.50000,4381.00000,29.0000
2026-09-22T03:02:00+00:00,4381.10010,4383.00000,4380.79980,4382.50000,62.0000
2026-09-22T03:03:00+00:00,4382.10010,4382.10010,4379.00000,4379.20020,37.0000
2026-09-22T03:04:00+00:00,4379.60010,4380.39990,4379.29980,4379.39990,30.0000
2026-09-22T03:05:00+00:00,4379.20020,4379.50000,4378.70020,4379.50000,60.0000
2026-09-22T03:06:00+00:00,4379.79980,4380.50000,4379.20020,4379.20020,26.0000
2026-09-22T03:07:00+00:00,4379.10010,4379.70020,4378.10010,4378.20020,25.0000
2026-09-22T03:08:00+00:00,4378.50000,4379.10010,4378.10010,4378.60010,35.0000
2026-09-22T03:09:00+00:00,4378.39990,4378.60010,4376.60010,4377.20020,220.0000
2026-09-22T03:10:00+00:00,4377.20020,4378.89990,4376.50000,4378.89990,67.0000
2026-09-22T03:11:00+00:00,4378.79980,4379.50000,4378.39990,4379.39990,31.0000
2026-09-22T03:12:00+00:00,4379.39990,4381.00000,4379.20020,4381.00000,43.0000
2026-09-22T03:13:00+00:00,4380.60010,4381.00000,4380.39990,4380.89990,27.0000
2026-09-22T03:14:00+00:00,4381.10010,4382.60010,4381.10010,4382.60010,101.0000
2026-09-22T03:15:00+00:00,4382.60010,4383.39990,4382.10010,4383.10010,28.0000
2026-09-22T03:16:00+00:00,4383.00000,4383.00000,4382.79980,4383.00000,8.0000
2026-09-22T03:17:00+00:00,4382.70020,4382.70020,4382.10010,4382.29980,12.0000
2026-09-22T03:18:00+00:00,4382.50000,4382.50000,4382.00000,4382.00000,2.0000
2026-09-22T03:19:00+00:00,4381.60010,4381.79980,4380.79980,4381.10010,24.0000
2026-09-22T03:20:00+00:00,4381.70020,4382.50000,4380.79980,4382.20020,67.0000
2026-09-22T03:21:00+00:00,4382.29980,4382.60010,4381.79980,4381.79980,24.0000
2026-09-22T03:22:00+00:00,4381.79980,4382.00000,4379.60010,4381.60010,93.0000
2026-09-22T03:23:00+00:00,4381.29980,4381.29980,4378.29980,4378.79980,59.0000
2026-09-22T03:24:00+00:00,4378.79980,4380.10010,4378.79980,4379.89990,38.0000
2026-09-22T03:25:00+00:00,4380.00000,4380.70020,4379.79980,4380.60010,16.0000
2026-09-22T03:26:00+00:00,4380.70020,4381.00000,4380.39990,4380.79980,14.0000
2026-09-22T03:27:00+00:00,4381.50000,4382.39990,4380.89990,4382.00000,36.0000
2026-09-22T03:28:00+00:00,4382.10010,4383.00000,4381.20020,4382.50000,42.0000
2026-09-22T03:29:00+00:00,4382.50000,4383.20020,4382.29980,4383.20020,16.0000
2026-09-22T03:30:00+00:00,4382.89990,4382.89990,4381.50000,4382.10010,33.0000
2026-09-22T03:31:00+00:00,4382.00000,4382.39990,4381.70020,4382.39990,10.0000
2026-09-22T03:32:00+00:00,4382.00000,4384.60010,4382.00000,4383.89990,75.0000
2026-09-22T03:33:00+00:00,4384.10010,4385.00000,4383.50000,4383.50000,107.0000
2026-09-22T03:34:00+00:00,4383.50000,4384.39990,4383.50000,4384.00000,16.0000
2026-09-22T03:35:00+00:00,4383.89990,4384.39990,4383.70020,4384.00000,19.0000
2026-09-22T03:36:00+00:00,4384.20020,4384.29980,4383.29980,4384.00000,19.0000
2026-09-22T03:37:00+00:00,4383.39990,4383.70020,4382.79980,4382.89990,15.0000
2026-09-22T03:38:00+00:00,4383.20020,4383.20020,4382.20020,4382.60010,27.0000
2026-09-22T03:39:00+00:00,4383.00000,4386.60010,4383.00000,4384.29980,403.0000
2026-09-22T03:40:00+00:00,4384.10010,4384.70020,4383.00000,4383.00000,32.0000
2026-09-22T03:41:00+00:00,4382.70020,4382.70020,4381.89990,4382.29980,30.0000
2026-09-22T03:42:00+00:00,4382.29980,4383.60010,4382.29980,4383.20020,20.0000
2026-09-22T03:43:00+00:00,4383.29980,4383.29980,4377.79980,4378.79980,314.0000
2026-09-22T03:44:00+00:00,4378.89990,4379.89990,4378.79980,4379.89990,50.0000
2026-09-22T03:45:00+00:00,4379.89990,4380.70020,4379.00000,4379.70020,27.0000
2026-09-22T03:46:00+00:00,4379.89990,4380.29980,4378.89990,4378.89990,24.0000
2026-09-22T03:47:00+00:00,4378.79980,4379.00000,4378.10010,4378.39990,54.0000
2026-09-22T03:48:00+00:00,4378.60010,4379.89990,4378.60010,4379.60010,10.0000
2026-09-22T03:49:00+00:00,4379.50000,4380.60010,4379.50000,4380.29980,18.0000
2026-09-22T03:50:00+00:00,4380.50000,4380.50000,4379.89990,4380.29980,10.0000
2026-09-22T03:51:00+00:00,4380.10010,4380.60010,4379.60010,4380.60010,11.0000
2026-09-22T03:52:00+00:00,4380.79980,4381.20020,4379.60010,4379.70020,28.0000
2026-09-22T03:53:00+00:00,4379.70020,4379.70020,4378.89990,4378.89990,11.0000
2026-09-22T03:54:00+00:00,4378.50000,4378.79980,4377.50000,4378.00000,60.0000
2026-09-22T03:55:00+00:00,4378.39990,4379.10010,4378.29980,4378.89990,26.0000
2026-09-22T03:56:00+00:00,4378.39990,4379.20020,4378.10010,4378.79980,18.0000
2026-09-22T03:57:00+00:00,4379.10010,4380.20020,4379.10010,4379.79980,34.0000
2026-09-22T03:58:00+00:00,4379.50000,4379.50000,4378.89990,4379.10010,11.0000
2026-09-22T04:00:00+00:00,4378.50000,4378.89990,4377.50000,4377.79980,42.0000
2026-09-22T04:01:00+00:00,4377.60010,4377.60010,4374.29980,4374.29980,189.0000
2026-09-22T04:02:00+00:00,4374.39990,4375.50000,4373.00000,4373.00000,174.0000
2026-09-22T04:03:00+00:00,4373.20020,4374.39990,4371.79980,4371.89990,168.0000
2026-09-22T04:04:00+00:00,4371.89990,4374.50000,4371.39990,4374.00000,124.0000
2026-09-22T04:05:00+00:00,4373.79980,4374.10010,4372.89990,4373.10010,32.0000
2026-09-22T04:06:00+00:00,4373.39990,4374.29980,4373.10010,4373.29980,67.0000
2026-09-22T04:07:00+00:00,4373.39990,4374.79980,4373.20020,4374.20020,63.0000
2026-09-22T04:08:00+00:00,4374.39990,4374.89990,4373.79980,4374.60010,67.0000
2026-09-22T04:09:00+00:00,4374.50000,4375.60010,4373.29980,4373.70020,87.0000
2026-09-22T04:10:00+00:00,4373.39990,4374.79980,4372.60010,4374.79980,81.0000
2026-09-22T04:11:00+00:00,4375.00000,4376.60010,4375.00000,4375.79980,74.0000
2026-09-22T04:12:00+00:00,4375.70020,4376.29980,4375.29980,4375.70020,51.0000
2026-09-22T04:13:00+00:00,4375.89990,4376.29980,4374.70020,4374.89990,67.0000
2026-09-22T04:14:00+00:00,4374.60010,4376.50000,4372.50000,4375.10010,400.0000
2026-09-22T04:15:00+00:00,4375.20020,4375.89990,4374.39990,4375.20020,88.0000
2026-09-22T04:16:00+00:00,4374.79980,4375.60010,4373.70020,4373.79980,50.0000
2026-09-22T04:17:00+00:00,4373.89990,4374.10010,4373.39990,4373.60010,19.0000
2026-09-22T04:18:00+00:00,4373.50000,4373.79980,4372.79980,4373.79980,27.0000
2026-09-22T04:19:00+00:00,4373.89990,4374.10010,4373.00000,4373.60010,20.0000
2026-09-22T04:20:00+00:00,4373.50000,4374.10010,4373.10010,4373.10010,20.0000
2026-09-22T04:21:00+00:00,4373.29980,4374.70020,4373.20020,4374.70020,24.0000
2026-09-22T04:22:00+00:00,4374.50000,4376.20020,4374.39990,4375.39990,47.0000
2026-09-22T04:23:00+00:00,4375.39990,4375.39990,4374.60010,4374.60010,16.0000
2026-09-22T04:24:00+00:00,4375.20020,4376.50000,4373.89990,4376.00000,232.0000
2026-09-22T04:25:00+00:00,4375.70020,4375.70020,4373.29980,4374.10010,99.0000
2026-09-22T04:26:00+00:00,4374.39990,4374.70020,4374.20020,4374.29980,13.0000
2026-09-22T04:27:00+00:00,4374.20020,4374.70020,4374.10010,4374.60010,28.0000
2026-09-22T04:28:00+00:00,4374.39990,4374.89990,4373.10010,4373.70020,77.0000
2026-09-22T04:29:00+00:00,4373.89990,4374.70020,4373.89990,4374.50000,35.0000
2026-09-22T04:30:00+00:00,4374.20020,4374.20020,4373.70020,4374.10010,25.0000
2026-09-22T04:31:00+00:00,4374.10010,4374.70020,4373.89990,4374.20020,24.0000
2026-09-22T04:32:00+00:00,4374.29980,4374.39990,4374.10010,4374.10010,5.0000
2026-09-22T04:33:00+00:00,4373.60010,4374.20020,4373.20020,4374.00000,26.0000
2026-09-22T04:34:00+00:00,4374.10010,4374.10010,4373.29980,4373.60010,12.0000
2026-09-22T04:35:00+00:00,4373.39990,4375.50000,4373.29980,4375.50000,34.0000
2026-09-22T04:36:00+00:00,4375.60010,4376.79980,4375.39990,4376.79980,32.0000
2026-09-22T04:37:00+00:00,4376.79980,4377.29980,4376.50000,4377.29980,37.0000
2026-09-22T04:38:00+00:00,4377.10010,4377.79980,4376.89990,4377.79980,42.0000
2026-09-22T04:39:00+00:00,4377.50000,4377.79980,4377.20020,4377.50000,19.0000
2026-09-22T04:40:00+00:00,4377.50000,4377.50000,4376.79980,4376.79980,11.0000
2026-09-22T04:41:00+00:00,4376.29980,4376.89990,4375.29980,4376.89990,64.0000
2026-09-22T04:42:00+00:00,4376.79980,4377.39990,4376.79980,4377.10010,7.0000
2026-09-22T04:43:00+00:00,4376.89990,4376.89990,4376.10010,4376.79980,44.0000
2026-09-22T04:44:00+00:00,4376.60010,4377.20020,4376.60010,4377.20020,15.0000
2026-09-22T04:45:00+00:00,4377.10010,4377.20020,4376.89990,4376.89990,6.0000
2026-09-22T04:46:00+00:00,4376.89990,4377.20020,4376.79980,4377.20020,9.0000
2026-09-22T04:47:00+00:00,4377.39990,4377.60010,4376.00000,4376.00000,45.0000
2026-09-22T04:48:00+00:00,4376.00000,4376.20020,4375.60010,4375.79980,17.0000
2026-09-22T04:49:00+00:00,4375.79980,4377.10010,4375.79980,4377.10010,25.0000
2026-09-22T04:50:00+00:00,4376.70020,4377.10010,4376.20020,4376.60010,11.0000
2026-09-22T04:51:00+00:00,4376.50000,4377.70020,4376.29980,4377.60010,21.0000
2026-09-22T04:52:00+00:00,4377.60010,4378.60010,4377.60010,4378.60010,31.0000
2026-09-22T04:53:00+00:00,4378.50000,4379.10010,4378.50000,4378.70020,30.0000
2026-09-22T04:54:00+00:00,4378.70020,4379.70020,4378.39990,4379.50000,39.0000
2026-09-22T04:55:00+00:00,4379.39990,4379.79980,4376.79980,4377.89990,195.0000
2026-09-22T04:56:00+00:00,4377.60010,4379.39990,4377.00000,4378.70020,228.0000
2026-09-22T04:57:00+00:00,4379.00000,4379.50000,4378.50000,4379.20020,39.0000
2026-09-22T04:58:00+00:00,4379.39990,4379.60010,4379.00000,4379.29980,26.0000
2026-09-22T04:59:00+00:00,4379.50000,4379.50000,4378.70020,4379.50000,33.0000
2026-09-22T05:00:00+00:00,4379.60010,4379.79980,4377.10010,4378.29980,351.0000
2026-09-22T05:01:00+00:00,4378.50000,4379.50000,4378.50000,4379.10010,79.0000
2026-09-22T05:02:00+00:00,4379.10010,4379.79980,4379.00000,4379.60010,43.0000
2026-09-22T05:03:00+00:00,4379.79980,4380.70020,4379.79980,4380.10010,51.0000
2026-09-22T05:04:00+00:00,4380.20020,4380.20020,4378.79980,4380.00000,45.0000
2026-09-22T05:05:00+00:00,4379.89990,4380.89990,4377.79980,4378.50000,348.0000
2026-09-22T05:06:00+00:00,4378.29980,4379.70020,4378.29980,4379.29980,48.0000
2026-09-22T05:07:00+00:00,4379.10010,4383.29980,4379.10010,4382.60010,144.0000
2026-09-22T05:08:00+00:00,4382.70020,4383.39990,4382.70020,4383.10010,13.0000
2026-09-22T05:09:00+00:00,4383.29980,4383.29980,4382.50000,4382.89990,9.0000
2026-09-22T05:10:00+00:00,4383.00000,4383.00000,4382.10010,4382.79980,28.0000
2026-09-22T05:11:00+00:00,4382.70020,4384.20020,4382.70020,4383.00000,106.0000
2026-09-22T05:12:00+00:00,4383.10010,4383.70020,4383.00000,4383.70020,18.0000
2026-09-22T05:13:00+00:00,4382.79980,4383.79980,4382.50000,4383.50000,21.0000
2026-09-22T05:14:00+00:00,4383.60010,4384.10010,4382.89990,4383.10010,33.0000
2026-09-22T05:15:00+00:00,4383.00000,4383.50000,4382.89990,4383.50000,19.0000
2026-09-22T05:16:00+00:00,4383.50000,4383.50000,4382.79980,4382.79980,12.0000
2026-09-22T05:17:00+00:00,4382.39990,4382.39990,4381.20020,4381.79980,36.0000
2026-09-22T05:18:00+00:00,4381.50000,4381.50000,4379.79980,4379.89990,34.0000
2026-09-22T05:19:00+00:00,4379.50000,4379.60010,4375.70020,4375.70020,190.0000
2026-09-22T05:20:00+00:00,4375.50000,4376.10010,4374.20020,4374.39990,100.0000
2026-09-22T05:21:00+00:00,4374.20020,4374.50000,4371.10010,4373.50000,289.0000
2026-09-22T05:22:00+00:00,4372.89990,4372.89990,4371.20020,4371.89990,91.0000
2026-09-22T05:23:00+00:00,4372.00000,4372.10010,4367.29980,4369.50000,491.0000
2026-09-22T05:24:00+00:00,4369.89990,4370.00000,4366.20020,4366.79980,127.0000
2026-09-22T05:25:00+00:00,4366.60010,4368.00000,4365.79980,4366.39990,185.0000
2026-09-22T05:26:00+00:00,4366.60010,4367.20020,4359.20020,4365.70020,1353.0000
2026-09-22T05:27:00+00:00,4365.60010,4368.10010,4365.39990,4367.20020,181.0000
2026-09-22T05:28:00+00:00,4367.60010,4370.20020,4366.70020,4369.50000,173.0000
2026-09-22T05:29:00+00:00,4369.50000,4369.89990,4367.89990,4368.70020,76.0000
2026-09-22T05:30:00+00:00,4368.50000,4370.00000,4361.50000,4362.79980,634.0000
2026-09-22T05:31:00+00:00,4362.79980,4362.79980,4360.00000,4361.29980,221.0000
2026-09-22T05:32:00+00:00,4361.70020,4366.29980,4361.70020,4364.89990,258.0000
2026-09-22T05:33:00+00:00,4364.70020,4369.10010,4363.79980,4368.39990,167.0000
2026-09-22T05:34:00+00:00,4368.70020,4368.79980,4362.50000,4362.50000,148.0000
2026-09-22T05:35:00+00:00,4362.39990,4362.50000,4355.29980,4355.70020,671.0000
2026-09-22T05:36:00+00:00,4355.60010,4359.10010,4352.70020,4357.50000,415.0000
2026-09-22T05:37:00+00:00,4357.60010,4359.10010,4356.39990,4357.20020,220.0000
2026-09-22T05:38:00+00:00,4357.29980,4357.29980,4353.50000,4356.10010,313.0000
2026-09-22T05:39:00+00:00,4356.20020,4360.10010,4355.89990,4359.70020,238.0000
2026-09-22T05:40:00+00:00,4359.39990,4360.10010,4358.50000,4359.00000,90.0000
2026-09-22T05:41:00+00:00,4358.89990,4361.29980,4358.89990,4360.39990,60.0000
2026-09-22T05:42:00+00:00,4360.79980,4363.20020,4360.39990,4363.20020,86.0000
2026-09-22T05:43:00+00:00,4363.29980,4363.50000,4359.79980,4360.39990,177.0000
2026-09-22T05:44:00+00:00,4360.10010,4360.39990,4357.00000,4357.29980,125.0000
2026-09-22T05:45:00+00:00,4357.60010,4360.00000,4356.60010,4357.79980,170.0000
2026-09-22T05:46:00+00:00,4357.60010,4362.50000,4357.60010,4362.29980,108.0000
2026-09-22T05:47:00+00:00,4362.00000,4364.79980,4362.00000,4364.29980,74.0000
2026-09-22T05:48:00+00:00,4364.10010,4366.39990,4363.70020,4365.89990,122.0000
2026-09-22T05:49:00+00:00,4365.89990,4368.29980,4365.70020,4366.79980,142.0000
2026-09-22T05:50:00+00:00,4366.70020,4367.70020,4365.39990,4367.10010,67.0000
2026-09-22T05:51:00+00:00,4366.79980,4369.70020,4366.70020,4369.70020,85.0000
2026-09-22T05:52:00+00:00,4369.70020,4369.79980,4368.70020,4368.89990,81.0000
2026-09-22T05:53:00+00:00,4368.89990,4369.39990,4365.79980,4366.20020,100.0000
2026-09-22T05:54:00+00:00,4366.39990,4366.50000,4364.50000,4364.60010,24.0000
2026-09-22T05:55:00+00:00,4364.50000,4365.60010,4364.00000,4364.00000,38.0000
2026-09-22T05:56:00+00:00,4363.70020,4363.89990,4361.00000,4362.70020,196.0000
2026-09-22T05:57:00+00:00,4362.10010,4362.20020,4361.39990,4362.00000,22.0000
2026-09-22T05:58:00+00:00,4362.29980,4362.29980,4360.89990,4361.29980,88.0000
2026-09-22T05:59:00+00:00,4361.79980,4362.00000,4359.50000,4360.29980,73.0000
2026-09-22T06:00:00+00:00,4360.39990,4361.00000,4358.50000,4360.39990,185.0000
2026-09-22T06:01:00+00:00,4360.39990,4360.39990,4356.20020,4357.20020,134.0000
2026-09-22T06:02:00+00:00,4357.50000,4358.89990,4356.60010,4358.89990,96.0000
2026-09-22T06:03:00+00:00,4358.79980,4360.00000,4357.79980,4358.10010,54.0000
2026-09-22T06:04:00+00:00,4358.50000,4359.10010,4354.50000,4355.29980,149.0000
2026-09-22T06:05:00+00:00,4354.89990,4356.00000,4353.29980,4355.70020,290.0000
2026-09-22T06:06:00+00:00,4355.39990,4356.50000,4355.29980,4356.20020,54.0000
2026-09-22T06:07:00+00:00,4356.10010,4356.10010,4352.20020,4352.39990,108.0000
2026-09-22T06:08:00+00:00,4352.39990,4354.29980,4351.79980,4354.10010,150.0000
2026-09-22T06:09:00+00:00,4353.79980,4355.70020,4353.50000,4355.50000,46.0000
2026-09-22T06:10:00+00:00,4355.89990,4357.20020,4354.60010,4355.50000,186.0000
2026-09-22T06:11:00+00:00,4355.29980,4355.70020,4352.00000,4352.50000,272.0000
2026-09-22T06:12:00+00:00,4352.60010,4353.60010,4351.79980,4353.39990,161.0000
2026-09-22T06:13:00+00:00,4353.79980,4356.00000,4353.79980,4354.60010,112.0000
2026-09-22T06:14:00+00:00,4355.20020,4356.70020,4355.20020,4356.29980,80.0000
2026-09-22T06:15:00+00:00,4356.10010,4357.39990,4355.60010,4357.39990,90.0000
2026-09-22T06:16:00+00:00,4357.00000,4357.20020,4355.70020,4355.79980,57.0000
2026-09-22T06:17:00+00:00,4356.00000,4357.20020,4355.29980,4355.79980,16.0000
2026-09-22T06:18:00+00:00,4356.20020,4356.39990,4355.20020,4356.00000,24.0000
2026-09-22T06:19:00+00:00,4355.39990,4355.79980,4354.00000,4354.00000,54.0000
2026-09-22T06:20:00+00:00,4353.79980,4354.10010,4352.29980,4353.79980,118.0000
2026-09-22T06:21:00+00:00,4353.60010,4354.50000,4352.20020,4352.89990,109.0000
2026-09-22T06:22:00+00:00,4352.70020,4355.10010,4352.70020,4354.89990,72.0000
2026-09-22T06:23:00+00:00,4354.70020,4356.39990,4354.10010,4356.20020,59.0000
2026-09-22T06:24:00+00:00,4355.89990,4356.39990,4354.20020,4354.50000,31.0000
2026-09-22T06:25:00+00:00,4354.00000,4356.70020,4353.79980,4356.70020,69.0000
2026-09-22T06:26:00+00:00,4356.89990,4357.10010,4354.89990,4355.60010,50.0000
2026-09-22T06:27:00+00:00,4355.60010,4356.39990,4355.20020,4356.00000,66.0000
2026-09-22T06:28:00+00:00,4356.20020,4356.29980,4354.20020,4354.60010,75.0000
2026-09-22T06:29:00+00:00,4354.70020,4355.20020,4353.89990,4354.70020,72.0000
2026-09-22T06:30:00+00:00,4354.79980,4357.20020,4354.10010,4357.10010,250.0000
2026-09-22T06:31:00+00:00,4357.00000,4357.29980,4355.20020,4355.70020,113.0000
2026-09-22T06:32:00+00:00,4355.39990,4357.00000,4354.79980,4356.20020,38.0000
2026-09-22T06:33:00+00:00,4356.50000,4356.70020,4354.60010,4354.79980,51.0000
2026-09-22T06:34:00+00:00,4355.20020,4355.89990,4354.89990,4354.89990,27.0000
2026-09-22T06:35:00+00:00,4355.20020,4355.79980,4353.70020,4355.79980,39.0000
2026-09-22T06:36:00+00:00,4355.89990,4356.10010,4354.79980,4355.89990,21.0000
2026-09-22T06:37:00+00:00,4355.70020,4356.10010,4354.00000,4355.89990,128.0000
2026-09-22T06:38:00+00:00,4356.00000,4356.39990,4355.60010,4356.29980,84.0000
2026-09-22T06:39:00+00:00,4355.79980,4356.10010,4352.10010,4353.39990,118.0000
2026-09-22T06:40:00+00:00,4353.89990,4356.29980,4353.89990,4356.00000,198.0000
2026-09-22T06:41:00+00:00,4355.60010,4357.10010,4355.00000,4356.70020,133.0000
2026-09-22T06:42:00+00:00,4357.10010,4357.39990,4355.70020,4356.20020,35.0000
2026-09-22T06:43:00+00:00,4355.60010,4356.00000,4354.89990,4355.20020,61.0000
2026-09-22T06:44:00+00:00,4355.70020,4357.29980,4355.70020,4357.00000,26.0000
2026-09-22T06:45:00+00:00,4357.00000,4357.60010,4356.20020,4356.70020,75.0000
2026-09-22T06:46:00+00:00,4356.79980,4358.29980,4356.39990,4356.50000,80.0000
2026-09-22T06:47:00+00:00,4356.39990,4356.79980,4354.20020,4355.60010,69.0000
2026-09-22T06:48:00+00:00,4355.89990,4357.50000,4355.89990,4357.00000,28.0000
2026-09-22T06:49:00+00:00,4357.10010,4358.39990,4357.10010,4357.60010,57.0000
2026-09-22T06:50:00+00:00,4357.79980,4357.79980,4356.70020,4356.79980,64.0000
2026-09-22T06:51:00+00:00,4356.60010,4358.20020,4356.60010,4357.29980,24.0000
2026-09-22T06:52:00+00:00,4357.70020,4357.70020,4355.60010,4356.39990,89.0000
2026-09-22T06:53:00+00:00,4356.29980,4356.70020,4355.29980,4355.50000,55.0000
2026-09-22T06:54:00+00:00,4355.00000,4355.00000,4353.60010,4353.79980,47.0000
2026-09-22T06:55:00+00:00,4353.70020,4354.10010,4352.60010,4352.70020,82.0000
2026-09-22T06:56:00+00:00,4352.50000,4355.00000,4351.89990,4354.39990,122.0000
2026-09-22T06:57:00+00:00,4354.20020,4355.50000,4353.79980,4354.29980,80.0000
2026-09-22T06:58:00+00:00,4354.70020,4355.70020,4354.50000,4355.70020,21.0000
2026-09-22T06:59:00+00:00,4355.29980,4356.20020,4354.89990,4355.00000,49.0000
2026-09-22T07:00:00+00:00,4354.29980,4356.79980,4354.20020,4355.10010,115.0000
2026-09-22T07:01:00+00:00,4355.70020,4357.20020,4354.89990,4355.29980,50.0000
2026-09-22T07:02:00+00:00,4355.70020,4357.79980,4355.39990,4356.39990,89.0000
2026-09-22T07:03:00+00:00,4356.29980,4357.20020,4355.60010,4355.60010,54.0000
2026-09-22T07:04:00+00:00,4355.60010,4358.00000,4354.89990,4355.00000,136.0000
2026-09-22T07:05:00+00:00,4355.20020,4356.29980,4354.50000,4354.89990,79.0000
2026-09-22T07:06:00+00:00,4354.79980,4354.79980,4351.29980,4353.20020,259.0000
2026-09-22T07:07:00+00:00,4352.89990,4355.10010,4352.89990,4354.50000,83.0000
2026-09-22T07:08:00+00:00,4354.29980,4355.70020,4353.89990,4355.70020,35.0000
2026-09-22T07:09:00+00:00,4354.70020,4357.20020,4354.70020,4356.70020,67.0000
2026-09-22T07:10:00+00:00,4355.89990,4357.29980,4354.70020,4357.00000,50.0000
2026-09-22T07:11:00+00:00,4357.10010,4358.70020,4357.10010,4357.60010,94.0000
2026-09-22T07:12:00+00:00,4357.89990,4360.00000,4357.89990,4359.70020,81.0000
2026-09-22T07:13:00+00:00,4359.29980,4359.29980,4356.29980,4356.60010,48.0000
2026-09-22T07:14:00+00:00,4356.70020,4356.89990,4355.29980,4356.89990,31.0000
2026-09-22T07:15:00+00:00,4357.00000,4358.60010,4357.00000,4358.50000,34.0000
2026-09-22T07:16:00+00:00,4358.39990,4359.60010,4358.20020,4359.00000,44.0000
2026-09-22T07:17:00+00:00,4359.00000,4360.10010,4358.70020,4360.10010,35.0000
2026-09-22T07:18:00+00:00,4359.39990,4360.79980,4359.39990,4360.39990,55.0000
2026-09-22T07:19:00+00:00,4360.29980,4361.00000,4359.70020,4359.70020,45.0000
2026-09-22T07:20:00+00:00,4359.29980,4359.79980,4358.60010,4359.20020,50.0000
2026-09-22T07:21:00+00:00,4359.50000,4360.70020,4359.10010,4359.39990,57.0000
2026-09-22T07:22:00+00:00,4359.20020,4359.50000,4358.79980,4359.39990,32.0000
2026-09-22T07:23:00+00:00,4359.20020,4359.70020,4358.10010,4358.20020,31.0000
2026-09-22T07:24:00+00:00,4358.20020,4359.60010,4358.00000,4358.50000,25.0000
2026-09-22T07:25:00+00:00,4358.20020,4359.50000,4358.20020,4358.20020,52.0000
2026-09-22T07:26:00+00:00,4357.89990,4358.29980,4356.10010,4357.20020,72.0000
2026-09-22T07:27:00+00:00,4357.39990,4357.50000,4356.20020,4357.50000,28.0000
2026-09-22T07:28:00+00:00,4357.20020,4357.29980,4354.79980,4354.79980,94.0000
2026-09-22T07:29:00+00:00,4354.79980,4355.39990,4351.70020,4351.79980,172.0000
2026-09-22T07:30:00+00:00,4351.79980,4352.29980,4348.20020,4348.79980,464.0000
2026-09-22T07:31:00+00:00,4349.00000,4350.60010,4346.89990,4350.20020,286.0000
2026-09-22T07:32:00+00:00,4349.79980,4350.20020,4345.20020,4346.20020,279.0000
2026-09-22T07:33:00+00:00,4346.39990,4347.60010,4345.89990,4346.70020,95.0000
2026-09-22T07:34:00+00:00,4346.79980,4348.10010,4345.70020,4347.70020,148.0000
2026-09-22T07:35:00+00:00,4347.70020,4350.39990,4346.70020,4348.50000,217.0000
2026-09-22T07:36:00+00:00,4348.70020,4350.50000,4348.70020,4350.50000,128.0000
2026-09-22T07:37:00+00:00,4350.50000,4350.50000,4347.89990,4349.29980,89.0000
2026-09-22T07:38:00+00:00,4349.29980,4350.10010,4348.79980,4348.79980,40.0000
2026-09-22T07:39:00+00:00,4348.70020,4349.79980,4348.10010,4349.39990,24.0000
2026-09-22T07:40:00+00:00,4349.29980,4349.79980,4348.00000,4348.50000,56.0000
2026-09-22T07:41:00+00:00,4348.50000,4349.79980,4347.79980,4347.89990,61.0000
2026-09-22T07:42:00+00:00,4347.70020,4347.89990,4346.70020,4346.79980,62.0000
2026-09-22T07:43:00+00:00,4346.89990,4347.00000,4345.10010,4345.89990,105.0000
2026-09-22T07:44:00+00:00,4346.00000,4347.29980,4345.10010,4347.00000,119.0000
2026-09-22T07:45:00+00:00,4347.00000,4348.70020,4346.70020,4347.79980,53.0000
2026-09-22T07:46:00+00:00,4347.89990,4352.29980,4347.89990,4352.00000,240.0000
2026-09-22T07:47:00+00:00,4351.89990,4352.29980,4350.39990,4350.39990,50.0000
2026-09-22T07:48:00+00:00,4350.39990,4350.39990,4347.89990,4348.70020,109.0000
2026-09-22T07:49:00+00:00,4348.89990,4350.20020,4345.39990,4345.39990,225.0000
2026-09-22T07:50:00+00:00,4345.60010,4345.89990,4343.60010,4344.10010,293.0000
2026-09-22T07:51:00+00:00,4343.89990,4343.89990,4338.20020,4338.50000,748.0000
2026-09-22T07:52:00+00:00,4338.70020,4340.89990,4338.70020,4340.39990,477.0000
2026-09-22T07:53:00+00:00,4340.39990,4340.70020,4337.39990,4337.50000,380.0000
2026-09-22T07:54:00+00:00,4337.60010,4340.00000,4337.60010,4338.20020,191.0000
2026-09-22T07:55:00+00:00,4338.29980,4339.10010,4338.10010,4338.50000,239.0000
2026-09-22T07:56:00+00:00,4338.29980,4340.20020,4336.50000,4337.00000,306.0000
2026-09-22T07:57:00+00:00,4337.20020,4337.50000,4335.60010,4336.00000,411.0000
2026-09-22T07:58:00+00:00,4336.00000,4338.00000,4335.50000,4336.70020,418.0000
2026-09-22T07:59:00+00:00,4336.79980,4339.50000,4336.70020,4337.50000,192.0000
2026-09-22T08:00:00+00:00,4337.20020,4337.70020,4335.70020,4336.60010,276.0000
2026-09-22T08:01:00+00:00,4336.29980,4340.60010,4335.10010,4339.20020,690.0000
2026-09-22T08:02:00+00:00,4339.20020,4340.50000,4338.89990,4339.79980,169.0000
2026-09-22T08:03:00+00:00,4339.50000,4340.50000,4337.89990,4338.50000,235.0000
2026-09-22T08:04:00+00:00,4339.00000,4341.70020,4338.00000,4341.39990,247.0000
2026-09-22T08:05:00+00:00,4341.20020,4343.00000,4340.50000,4342.50000,100.0000
2026-09-22T08:06:00+00:00,4342.70020,4343.89990,4341.79980,4342.50000,108.0000
2026-09-22T08:07:00+00:00,4342.39990,4344.50000,4341.00000,4344.29980,181.0000
2026-09-22T08:08:00+00:00,4344.50000,4348.29980,4344.00000,4346.00000,429.0000
2026-09-22T08:09:00+00:00,4345.60010,4347.50000,4344.79980,4347.10010,176.0000
2026-09-22T08:10:00+00:00,4347.20020,4347.70020,4345.60010,4346.00000,130.0000
2026-09-22T08:11:00+00:00,4346.10010,4346.39990,4345.50000,4345.50000,93.0000
2026-09-22T08:12:00+00:00,4346.00000,4347.10010,4345.29980,4345.70020,110.0000
2026-09-22T08:13:00+00:00,4345.50000,4346.89990,4343.79980,4344.20020,122.0000
2026-09-22T08:14:00+00:00,4344.60010,4344.60010,4340.00000,4340.00000,344.0000
2026-09-22T08:15:00+00:00,4340.10010,4340.20020,4338.20020,4338.20020,96.0000
2026-09-22T08:16:00+00:00,4338.29980,4338.70020,4337.20020,4338.29980,81.0000
2026-09-22T08:17:00+00:00,4338.20020,4338.79980,4336.89990,4338.50000,96.0000
2026-09-22T08:18:00+00:00,4338.29980,4340.00000,4338.10010,4339.10010,76.0000
2026-09-22T08:19:00+00:00,4339.10010,4340.60010,4338.79980,4340.29980,67.0000
2026-09-22T08:20:00+00:00,4340.50000,4340.89990,4339.20020,4339.20020,72.0000
2026-09-22T08:21:00+00:00,4339.39990,4341.39990,4339.39990,4340.60010,73.0000
2026-09-22T08:22:00+00:00,4340.70020,4340.89990,4338.79980,4338.79980,79.0000
2026-09-22T08:23:00+00:00,4338.70020,4338.79980,4337.00000,4338.79980,77.0000
2026-09-22T08:24:00+00:00,4338.79980,4342.29980,4338.60010,4339.29980,497.0000
2026-09-22T08:25:00+00:00,4338.79980,4344.20020,4336.70020,4336.89990,327.0000
2026-09-22T08:26:00+00:00,4336.79980,4339.29980,4336.79980,4339.20020,60.0000
2026-09-22T08:27:00+00:00,4339.60010,4339.89990,4338.89990,4339.20020,83.0000
2026-09-22T08:28:00+00:00,4339.20020,4339.39990,4335.39990,4335.89990,122.0000
2026-09-22T08:29:00+00:00,4335.89990,4337.79980,4333.39990,4337.00000,382.0000
2026-09-22T08:30:00+00:00,4337.29980,4337.29980,4334.29980,4334.29980,60.0000
2026-09-22T08:31:00+00:00,4334.10010,4334.20020,4329.60010,4331.60010,629.0000
2026-09-22T08:32:00+00:00,4331.89990,4336.39990,4329.60010,4332.50000,500.0000
2026-09-22T08:33:00+00:00,4332.79980,4332.79980,4327.60010,4329.89990,306.0000
2026-09-22T08:34:00+00:00,4329.60010,4333.89990,4329.60010,4333.70020,117.0000
2026-09-22T08:35:00+00:00,4333.39990,4336.70020,4333.39990,4336.50000,264.0000
2026-09-22T08:36:00+00:00,4336.50000,4341.60010,4336.20020,4341.29980,187.0000
2026-09-22T08:37:00+00:00,4341.10010,4343.10010,4340.79980,4340.89990,199.0000
2026-09-22T08:38:00+00:00,4341.20020,4345.10010,4340.89990,4342.50000,197.0000
2026-09-22T08:39:00+00:00,4342.60010,4347.60010,4342.29980,4346.70020,268.0000
2026-09-22T08:40:00+00:00,4346.50000,4347.70020,4344.79980,4347.70020,216.0000
2026-09-22T08:41:00+00:00,4347.70020,4355.29980,4346.70020,4353.79980,525.0000
2026-09-22T08:42:00+00:00,4354.00000,4358.10010,4353.10010,4356.79980,449.0000
2026-09-22T08:43:00+00:00,4356.79980,4357.89990,4354.70020,4356.89990,167.0000
2026-09-22T08:44:00+00:00,4356.29980,4357.39990,4354.50000,4356.50000,173.0000
2026-09-22T08:45:00+00:00,4356.70020,4357.20020,4352.10010,4353.50000,196.0000
2026-09-22T08:46:00+00:00,4353.60010,4354.39990,4352.20020,4353.39990,107.0000
2026-09-22T08:47:00+00:00,4353.00000,4356.89990,4352.79980,4355.79980,233.0000
2026-09-22T08:48:00+00:00,4355.70020,4359.00000,4355.20020,4356.60010,196.0000
2026-09-22T08:49:00+00:00,4356.79980,4361.89990,4356.39990,4361.89990,242.0000
2026-09-22T08:50:00+00:00,4362.00000,4363.89990,4360.39990,4363.79980,528.0000
2026-09-22T08:51:00+00:00,4363.89990,4368.39990,4363.50000,4367.50000,494.0000
2026-09-22T08:52:00+00:00,4367.10010,4370.29980,4367.10010,4369.70020,333.0000
2026-09-22T08:53:00+00:00,4369.79980,4370.60010,4368.39990,4369.00000,231.0000
2026-09-22T08:54:00+00:00,4368.89990,4370.50000,4367.29980,4368.60010,334.0000
2026-09-22T08:55:00+00:00,4368.20020,4369.89990,4367.39990,4368.79980,297.0000
2026-09-22T08:56:00+00:00,4368.89990,4372.70020,4367.29980,4370.50000,362.0000
2026-09-22T08:57:00+00:00,4370.29980,4371.20020,4369.10010,4369.10010,135.0000
2026-09-22T08:58:00+00:00,4369.20020,4369.29980,4363.50000,4364.89990,314.0000
2026-09-22T08:59:00+00:00,4365.89990,4368.20020,4365.50000,4367.29980,154.0000
2026-09-22T09:00:00+00:00,4366.29980,4367.70020,4364.20020,4364.79980,232.0000
2026-09-22T09:01:00+00:00,4365.00000,4365.79980,4361.79980,4362.20020,244.0000
2026-09-22T09:02:00+00:00,4362.29980,4365.89990,4360.10010,4360.10010,364.0000
2026-09-22T09:03:00+00:00,4360.20020,4360.70020,4358.60010,4359.10010,124.0000
2026-09-22T09:04:00+00:00,4358.79980,4358.79980,4354.60010,4354.79980,244.0000
2026-09-22T09:05:00+00:00,4354.70020,4355.79980,4354.29980,4355.00000,122.0000
2026-09-22T09:06:00+00:00,4355.29980,4359.29980,4354.60010,4359.00000,209.0000
2026-09-22T09:07:00+00:00,4358.60010,4358.70020,4356.39990,4357.79980,139.0000
2026-09-22T09:08:00+00:00,4357.89990,4358.50000,4355.70020,4355.70020,149.0000
2026-09-22T09:09:00+00:00,4355.70020,4359.00000,4354.70020,4356.00000,156.0000
2026-09-22T09:10:00+00:00,4355.29980,4355.39990,4353.70020,4355.00000,97.0000
2026-09-22T09:11:00+00:00,4355.00000,4359.39990,4354.50000,4357.89990,229.0000
2026-09-22T09:12:00+00:00,4357.29980,4357.29980,4353.29980,4353.39990,80.0000
2026-09-22T09:13:00+00:00,4354.00000,4355.70020,4353.50000,4354.39990,34.0000
2026-09-22T09:14:00+00:00,4354.50000,4355.00000,4353.29980,4354.89990,97.0000
2026-09-22T09:15:00+00:00,4354.79980,4360.20020,4354.60010,4358.20020,328.0000
2026-09-22T09:16:00+00:00,4358.39990,4358.70020,4355.89990,4357.50000,101.0000
2026-09-22T09:17:00+00:00,4357.10010,4358.00000,4357.00000,4357.60010,18.0000
2026-09-22T09:18:00+00:00,4357.50000,4357.70020,4354.20020,4354.70020,72.0000
2026-09-22T09:19:00+00:00,4354.00000,4354.89990,4353.60010,4353.70020,89.0000
2026-09-22T09:20:00+00:00,4353.50000,4354.29980,4353.00000,4353.50000,109.0000
2026-09-22T09:21:00+00:00,4353.79980,4356.20020,4353.70020,4355.89990,143.0000
2026-09-22T09:22:00+00:00,4355.39990,4355.39990,4353.79980,4354.89990,53.0000
2026-09-22T09:23:00+00:00,4355.00000,4355.20020,4353.20020,4354.20020,69.0000
2026-09-22T09:24:00+00:00,4354.70020,4355.79980,4354.39990,4354.79980,70.0000
2026-09-22T09:25:00+00:00,4354.60010,4354.60010,4352.10010,4352.10010,106.0000
2026-09-22T09:26:00+00:00,4352.39990,4352.79980,4351.50000,4352.00000,114.0000
2026-09-22T09:27:00+00:00,4352.29980,4353.00000,4352.00000,4352.29980,60.0000
2026-09-22T09:28:00+00:00,4352.70020,4352.70020,4350.79980,4351.20020,93.0000
2026-09-22T09:29:00+00:00,4351.39990,4353.20020,4350.89990,4351.20020,98.0000
2026-09-22T09:30:00+00:00,4351.50000,4352.79980,4349.20020,4350.79980,483.0000
2026-09-22T09:31:00+00:00,4350.70020,4353.29980,4350.60010,4353.29980,259.0000
2026-09-22T09:32:00+00:00,4353.10010,4354.70020,4351.39990,4351.70020,352.0000
2026-09-22T09:33:00+00:00,4352.10010,4353.89990,4349.39990,4351.10010,599.0000
2026-09-22T09:34:00+00:00,4351.50000,4352.39990,4350.70020,4351.89990,62.0000
2026-09-22T09:35:00+00:00,4351.39990,4351.60010,4350.00000,4350.50000,83.0000
2026-09-22T09:36:00+00:00,4350.39990,4351.29980,4349.00000,4351.20020,97.0000
2026-09-22T09:37:00+00:00,4351.39990,4353.00000,4351.39990,4352.60010,39.0000
2026-09-22T09:38:00+00:00,4352.60010,4353.39990,4352.39990,4352.89990,28.0000
2026-09-22T09:39:00+00:00,4353.20020,4353.29980,4352.39990,4353.29980,26.0000
2026-09-22T09:40:00+00:00,4353.20020,4354.60010,4352.70020,4353.00000,81.0000
2026-09-22T09:41:00+00:00,4352.50000,4355.79980,4352.39990,4354.29980,201.0000
2026-09-22T09:42:00+00:00,4354.20020,4354.70020,4353.10010,4354.70020,60.0000
2026-09-22T09:43:00+00:00,4354.60010,4357.50000,4354.50000,4356.89990,95.0000
2026-09-22T09:44:00+00:00,4356.89990,4357.60010,4356.00000,4357.20020,103.0000
2026-09-22T09:45:00+00:00,4357.39990,4358.10010,4356.60010,4356.89990,56.0000
2026-09-22T09:46:00+00:00,4357.00000,4358.60010,4356.00000,4357.60010,35.0000
2026-09-22T09:47:00+00:00,4357.29980,4360.10010,4357.29980,4359.29980,73.0000
2026-09-22T09:48:00+00:00,4359.70020,4360.00000,4357.50000,4357.50000,48.0000
2026-09-22T09:49:00+00:00,4357.39990,4359.89990,4357.39990,4359.60010,94.0000
2026-09-22T09:50:00+00:00,4359.70020,4360.79980,4359.70020,4360.60010,69.0000
2026-09-22T09:51:00+00:00,4360.50000,4362.00000,4359.60010,4361.39990,187.0000
2026-09-22T09:52:00+00:00,4361.39990,4368.00000,4359.60010,4365.00000,824.0000
2026-09-22T09:53:00+00:00,4365.00000,4371.00000,4363.89990,4369.79980,588.0000
2026-09-22T09:54:00+00:00,4370.00000,4370.60010,4365.10010,4369.20020,230.0000
2026-09-22T09:55:00+00:00,4369.00000,4369.00000,4363.20020,4363.29980,245.0000
2026-09-22T09:56:00+00:00,4362.89990,4373.79980,4361.89990,4370.29980,884.0000
2026-09-22T09:57:00+00:00,4369.89990,4370.10010,4364.29980,4366.89990,529.0000
2026-09-22T09:58:00+00:00,4367.60010,4374.10010,4367.00000,4374.10010,221.0000
2026-09-22T09:59:00+00:00,4373.89990,4375.29980,4372.89990,4374.10010,186.0000
2026-09-22T10:00:00+00:00,4373.79980,4374.39990,4371.60010,4373.70020,151.0000
2026-09-22T10:01:00+00:00,4373.39990,4375.29980,4369.60010,4369.89990,209.0000
2026-09-22T10:02:00+00:00,4370.10010,4371.79980,4369.00000,4371.39990,144.0000
2026-09-22T10:03:00+00:00,4371.50000,4374.60010,4370.89990,4374.39990,203.0000
2026-09-22T10:04:00+00:00,4374.50000,4375.00000,4373.20020,4373.60010,144.0000
2026-09-22T10:05:00+00:00,4373.89990,4374.29980,4371.39990,4371.60010,119.0000
2026-09-22T10:06:00+00:00,4371.70020,4372.10010,4370.79980,4371.79980,91.0000
2026-09-22T10:07:00+00:00,4371.89990,4374.29980,4371.89990,4373.10010,100.0000
2026-09-22T10:08:00+00:00,4373.10010,4373.70020,4372.00000,4372.50000,29.0000
2026-09-22T10:09:00+00:00,4372.70020,4372.70020,4370.00000,4370.29980,44.0000
2026-09-22T10:10:00+00:00,4370.20020,4371.79980,4370.10010,4371.20020,72.0000
2026-09-22T10:11:00+00:00,4371.20020,4372.39990,4370.00000,4370.00000,69.0000
2026-09-22T10:12:00+00:00,4370.29980,4371.10010,4369.10010,4369.29980,58.0000
2026-09-22T10:13:00+00:00,4369.39990,4369.39990,4366.00000,4366.70020,106.0000
2026-09-22T10:14:00+00:00,4367.00000,4369.10010,4367.00000,4367.89990,94.0000
2026-09-22T10:15:00+00:00,4368.10010,4369.29980,4367.89990,4368.10010,15.0000
2026-09-22T10:16:00+00:00,4367.89990,4368.60010,4367.89990,4368.39990,19.0000
2026-09-22T10:17:00+00:00,4368.79980,4369.00000,4367.89990,4368.79980,42.0000
2026-09-22T10:18:00+00:00,4368.60010,4368.60010,4365.79980,4366.60010,91.0000
2026-09-22T10:19:00+00:00,4366.79980,4367.00000,4365.70020,4366.89990,54.0000
2026-09-22T10:20:00+00:00,4367.29980,4368.39990,4366.20020,4366.79980,44.0000
2026-09-22T10:21:00+00:00,4366.79980,4367.29980,4366.39990,4367.20020,19.0000
2026-09-22T10:22:00+00:00,4367.10010,4367.10010,4365.70020,4366.29980,39.0000
2026-09-22T10:23:00+00:00,4366.39990,4368.10010,4365.20020,4366.70020,80.0000
2026-09-22T10:24:00+00:00,4367.00000,4368.20020,4367.00000,4367.10010,21.0000
2026-09-22T10:25:00+00:00,4366.50000,4367.50000,4365.70020,4367.39990,54.0000
2026-09-22T10:26:00+00:00,4367.60010,4368.10010,4367.20020,4368.00000,37.0000
2026-09-22T10:27:00+00:00,4367.79980,4368.29980,4366.79980,4367.20020,19.0000
2026-09-22T10:28:00+00:00,4367.70020,4368.00000,4367.20020,4367.60010,56.0000
2026-09-22T10:29:00+00:00,4367.10010,4368.10010,4366.39990,4367.29980,35.0000
2026-09-22T10:30:00+00:00,4367.10010,4369.00000,4366.39990,4367.29980,62.0000
2026-09-22T10:31:00+00:00,4368.00000,4368.50000,4366.50000,4367.70020,86.0000
2026-09-22T10:32:00+00:00,4367.70020,4367.70020,4365.89990,4367.60010,41.0000
2026-09-22T10:33:00+00:00,4367.10010,4367.10010,4365.00000,4365.60010,57.0000
2026-09-22T10:34:00+00:00,4365.60010,4366.00000,4365.20020,4365.70020,35.0000
2026-09-22T10:35:00+00:00,4366.00000,4366.00000,4365.29980,4365.60010,25.0000
2026-09-22T10:36:00+00:00,4365.20020,4366.79980,4365.10010,4365.79980,26.0000
2026-09-22T10:37:00+00:00,4366.10010,4368.79980,4366.10010,4368.79980,23.0000
2026-09-22T10:38:00+00:00,4368.60010,4370.00000,4367.79980,4368.10010,37.0000
2026-09-22T10:39:00+00:00,4368.10010,4368.60010,4366.70020,4368.50000,42.0000
2026-09-22T10:40:00+00:00,4368.60010,4368.60010,4367.39990,4368.50000,33.0000
2026-09-22T10:41:00+00:00,4368.60010,4370.29980,4368.00000,4370.00000,52.0000
2026-09-22T10:42:00+00:00,4370.00000,4371.20020,4369.70020,4370.20020,59.0000
2026-09-22T10:43:00+00:00,4370.70020,4371.39990,4369.50000,4370.60010,45.0000
2026-09-22T10:44:00+00:00,4370.20020,4370.20020,4367.79980,4368.29980,65.0000
2026-09-22T10:45:00+00:00,4368.70020,4368.70020,4366.50000,4366.50000,32.0000
2026-09-22T10:46:00+00:00,4366.70020,4366.70020,4364.70020,4364.89990,71.0000
2026-09-22T10:47:00+00:00,4365.00000,4365.79980,4363.50000,4365.39990,90.0000
2026-09-22T10:48:00+00:00,4365.50000,4365.70020,4363.20020,4364.10010,79.0000
2026-09-22T10:49:00+00:00,4364.60010,4366.00000,4364.60010,4364.70020,202.0000
2026-09-22T10:50:00+00:00,4364.79980,4365.79980,4364.29980,4365.70020,71.0000
2026-09-22T10:51:00+00:00,4366.00000,4366.29980,4364.50000,4365.79980,55.0000
2026-09-22T10:52:00+00:00,4365.79980,4366.20020,4364.60010,4365.79980,113.0000
2026-09-22T10:53:00+00:00,4365.29980,4367.10010,4365.29980,4366.29980,93.0000
2026-09-22T10:54:00+00:00,4365.79980,4365.79980,4363.60010,4365.10010,126.0000
2026-09-22T10:55:00+00:00,4365.29980,4365.70020,4363.60010,4363.79980,71.0000
2026-09-22T10:56:00+00:00,4363.89990,4363.89990,4362.50000,4363.10010,92.0000
2026-09-22T10:57:00+00:00,4363.00000,4363.00000,4361.50000,4361.50000,72.0000
2026-09-22T10:58:00+00:00,4361.70020,4362.39990,4361.70020,4362.10010,42.0000
2026-09-22T10:59:00+00:00,4362.00000,4362.00000,4359.00000,4359.00000,126.0000
2026-09-22T11:00:00+00:00,4358.79980,4360.60010,4358.20020,4358.79980,122.0000
2026-09-22T11:01:00+00:00,4359.00000,4359.29980,4356.50000,4356.89990,109.0000
2026-09-22T11:02:00+00:00,4357.10010,4359.00000,4356.79980,4357.79980,85.0000
2026-09-22T11:03:00+00:00,4357.70020,4357.70020,4355.00000,4356.00000,134.0000
2026-09-22T11:04:00+00:00,4356.10010,4356.79980,4355.39990,4356.20020,102.0000
2026-09-22T11:05:00+00:00,4356.39990,4356.79980,4355.29980,4355.39990,48.0000
2026-09-22T11:06:00+00:00,4355.39990,4356.50000,4354.79980,4355.50000,69.0000
2026-09-22T11:07:00+00:00,4355.70020,4356.50000,4354.20020,4355.79980,106.0000
2026-09-22T11:08:00+00:00,4355.89990,4355.89990,4351.50000,4352.39990,128.0000
2026-09-22T11:09:00+00:00,4352.70020,4354.79980,4346.39990,4347.50000,1237.0000
2026-09-22T11:10:00+00:00,4347.89990,4352.10010,4346.29980,4351.79980,405.0000
2026-09-22T11:11:00+00:00,4350.89990,4351.39990,4348.29980,4350.60010,134.0000
2026-09-22T11:12:00+00:00,4351.10010,4352.89990,4348.39990,4349.89990,302.0000
2026-09-22T11:13:00+00:00,4350.39990,4351.60010,4348.50000,4349.89990,106.0000
2026-09-22T11:14:00+00:00,4349.50000,4353.50000,4349.50000,4352.70020,95.0000
2026-09-22T11:15:00+00:00,4352.29980,4354.00000,4351.89990,4354.00000,99.0000
2026-09-22T11:16:00+00:00,4353.89990,4355.60010,4353.10010,4355.20020,221.0000
2026-09-22T11:17:00+00:00,4355.29980,4355.29980,4353.60010,4354.00000,48.0000
2026-09-22T11:18:00+00:00,4353.60010,4353.60010,4351.79980,4351.89990,74.0000
2026-09-22T11:19:00+00:00,4351.89990,4352.10010,4349.10010,4350.00000,166.0000
2026-09-22T11:20:00+00:00,4349.89990,4351.79980,4349.20020,4350.39990,96.0000
2026-09-22T11:21:00+00:00,4350.50000,4351.89990,4350.50000,4351.00000,33.0000
2026-09-22T11:22:00+00:00,4350.79980,4352.60010,4350.39990,4351.29980,54.0000
2026-09-22T11:23:00+00:00,4351.29980,4353.39990,4351.29980,4352.10010,106.0000
2026-09-22T11:24:00+00:00,4352.00000,4354.29980,4352.00000,4353.79980,95.0000
2026-09-22T11:25:00+00:00,4353.39990,4353.39990,4351.79980,4353.10010,43.0000
2026-09-22T11:26:00+00:00,4353.29980,4355.70020,4353.29980,4354.20020,209.0000
2026-09-22T11:27:00+00:00,4354.20020,4354.50000,4353.39990,4353.39990,25.0000
2026-09-22T11:28:00+00:00,4354.00000,4354.29980,4352.89990,4353.29980,43.0000
2026-09-22T11:29:00+00:00,4353.39990,4355.10010,4353.10010,4355.10010,41.0000
2026-09-22T11:30:00+00:00,4354.89990,4355.60010,4354.00000,4354.20020,66.0000
2026-09-22T11:31:00+00:00,4354.20020,4356.79980,4353.89990,4355.29980,118.0000
2026-09-22T11:32:00+00:00,4355.10010,4356.20020,4355.00000,4355.29980,30.0000
2026-09-22T11:33:00+00:00,4355.00000,4355.00000,4352.60010,4353.50000,32.0000
2026-09-22T11:34:00+00:00,4353.20020,4353.20020,4351.00000,4351.10010,90.0000
2026-09-22T11:35:00+00:00,4351.50000,4352.79980,4351.00000,4352.79980,18.0000
2026-09-22T11:36:00+00:00,4353.20020,4353.70020,4352.39990,4352.50000,38.0000
2026-09-22T11:37:00+00:00,4352.70020,4352.70020,4351.50000,4351.60010,44.0000
2026-09-22T11:38:00+00:00,4351.29980,4353.60010,4351.00000,4353.39990,48.0000
2026-09-22T11:39:00+00:00,4353.70020,4355.29980,4353.70020,4353.79980,36.0000
2026-09-22T11:40:00+00:00,4353.79980,4354.39990,4353.79980,4354.10010,30.0000
2026-09-22T11:41:00+00:00,4354.00000,4357.29980,4353.29980,4357.10010,85.0000
2026-09-22T11:42:00+00:00,4356.89990,4357.29980,4355.70020,4355.79980,97.0000
2026-09-22T11:43:00+00:00,4355.60010,4356.60010,4355.39990,4356.00000,32.0000
2026-09-22T11:44:00+00:00,4355.79980,4355.79980,4352.79980,4354.89990,174.0000
2026-09-22T11:45:00+00:00,4355.00000,4358.89990,4353.70020,4357.50000,317.0000
2026-09-22T11:46:00+00:00,4357.00000,4357.20020,4354.60010,4354.60010,33.0000
2026-09-22T11:47:00+00:00,4354.89990,4356.00000,4354.89990,4356.00000,20.0000
2026-09-22T11:48:00+00:00,4356.20020,4358.10010,4356.10010,4357.50000,43.0000
2026-09-22T11:49:00+00:00,4357.29980,4357.60010,4356.79980,4357.60010,21.0000
2026-09-22T11:50:00+00:00,4357.70020,4358.20020,4356.89990,4358.00000,163.0000
2026-09-22T11:51:00+00:00,4357.20020,4357.39990,4355.60010,4355.89990,44.0000
2026-09-22T11:52:00+00:00,4356.20020,4357.89990,4356.10010,4357.89990,36.0000
2026-09-22T11:53:00+00:00,4357.79980,4358.20020,4356.29980,4356.50000,28.0000
2026-09-22T11:54:00+00:00,4356.70020,4356.89990,4355.00000,4355.39990,58.0000
2026-09-22T11:55:00+00:00,4355.29980,4359.39990,4355.29980,4358.89990,160.0000
2026-09-22T11:56:00+00:00,4359.10010,4359.70020,4357.10010,4359.60010,277.0000
2026-09-22T11:57:00+00:00,4359.89990,4360.79980,4359.29980,4360.29980,117.0000
2026-09-22T11:58:00+00:00,4359.89990,4359.89990,4358.10010,4358.39990,61.0000
2026-09-22T11:59:00+00:00,4358.29980,4360.10010,4358.29980,4359.89990,84.0000
2026-09-22T12:00:00+00:00,4360.20020,4360.89990,4359.60010,4360.20020,97.0000
2026-09-22T12:01:00+00:00,4360.10010,4360.60010,4359.29980,4360.29980,89.0000
2026-09-22T12:02:00+00:00,4360.20020,4362.29980,4359.89990,4362.20020,215.0000
2026-09-22T12:03:00+00:00,4362.20020,4363.00000,4361.79980,4362.60010,148.0000
2026-09-22T12:04:00+00:00,4362.50000,4363.00000,4361.89990,4362.60010,65.0000
2026-09-22T12:05:00+00:00,4362.60010,4364.10010,4361.89990,4361.89990,70.0000
2026-09-22T12:06:00+00:00,4362.00000,4362.70020,4360.10010,4361.60010,126.0000
2026-09-22T12:07:00+00:00,4361.50000,4361.89990,4360.89990,4361.10010,32.0000
2026-09-22T12:08:00+00:00,4361.00000,4362.20020,4359.89990,4360.70020,56.0000
2026-09-22T12:09:00+00:00,4360.60010,4361.29980,4357.10010,4358.10010,142.0000
2026-09-22T12:10:00+00:00,4358.00000,4359.89990,4357.50000,4359.89990,98.0000
2026-09-22T12:11:00+00:00,4359.50000,4360.10010,4358.60010,4359.70020,45.0000
2026-09-22T12:12:00+00:00,4359.70020,4359.89990,4359.39990,4359.39990,6.0000
2026-09-22T12:13:00+00:00,4359.10010,4360.89990,4358.70020,4360.70020,48.0000
2026-09-22T12:14:00+00:00,4360.79980,4360.89990,4360.39990,4360.89990,19.0000
2026-09-22T12:15:00+00:00,4361.10010,4362.00000,4360.10010,4361.70020,90.0000
2026-09-22T12:16:00+00:00,4361.79980,4363.20020,4361.10010,4361.10010,83.0000
2026-09-22T12:17:00+00:00,4360.89990,4361.60010,4359.79980,4361.20020,78.0000
2026-09-22T12:18:00+00:00,4361.29980,4362.10010,4361.10010,4362.00000,20.0000
2026-09-22T12:19:00+00:00,4362.29980,4364.29980,4362.20020,4364.20020,129.0000
2026-09-22T12:20:00+00:00,4363.89990,4372.70020,4362.10010,4371.89990,973.0000
2026-09-22T12:21:00+00:00,4372.20020,4373.39990,4370.29980,4372.60010,323.0000
2026-09-22T12:22:00+00:00,4372.50000,4376.70020,4372.20020,4374.89990,421.0000
2026-09-22T12:23:00+00:00,4374.70020,4378.00000,4374.20020,4377.79980,313.0000
2026-09-22T12:24:00+00:00,4377.60010,4379.20020,4376.29980,4376.60010,515.0000
2026-09-22T12:25:00+00:00,4376.79980,4380.00000,4375.00000,4375.00000,348.0000
2026-09-22T12:26:00+00:00,4374.89990,4374.89990,4369.79980,4370.20020,191.0000
2026-09-22T12:27:00+00:00,4370.10010,4371.89990,4368.79980,4371.29980,155.0000
2026-09-22T12:28:00+00:00,4371.60010,4372.20020,4371.00000,4371.70020,101.0000
2026-09-22T12:29:00+00:00,4371.60010,4374.50000,4371.60010,4374.50000,145.0000
2026-09-22T12:30:00+00:00,4374.20020,4378.89990,4372.50000,4378.39990,329.0000
2026-09-22T12:31:00+00:00,4378.50000,4381.39990,4378.29980,4380.10010,616.0000
2026-09-22T12:32:00+00:00,4380.00000,4381.29980,4376.10010,4376.39990,276.0000
2026-09-22T12:33:00+00:00,4376.60010,4378.79980,4375.89990,4378.70020,113.0000
2026-09-22T12:34:00+00:00,4378.39990,4379.60010,4376.70020,4376.89990,114.0000
2026-09-22T12:35:00+00:00,4377.20020,4379.39990,4377.20020,4378.39990,148.0000
2026-09-22T12:36:00+00:00,4378.39990,4380.50000,4376.60010,4377.00000,198.0000
2026-09-22T12:37:00+00:00,4377.00000,4377.20020,4374.79980,4376.20020,106.0000
2026-09-22T12:38:00+00:00,4376.00000,4377.89990,4376.00000,4376.60010,173.0000
2026-09-22T12:39:00+00:00,4376.70020,4377.20020,4375.50000,4376.29980,126.0000
2026-09-22T12:40:00+00:00,4376.39990,4376.50000,4374.39990,4376.20020,101.0000
2026-09-22T12:41:00+00:00,4376.29980,4378.20020,4375.70020,4378.10010,111.0000
2026-09-22T12:42:00+00:00,4378.29980,4378.39990,4376.70020,4377.60010,43.0000
2026-09-22T12:43:00+00:00,4377.60010,4378.29980,4374.20020,4374.29980,90.0000
2026-09-22T12:44:00+00:00,4374.10010,4374.50000,4369.29980,4369.29980,348.0000
2026-09-22T12:45:00+00:00,4369.79980,4371.50000,4369.20020,4371.29980,157.0000
2026-09-22T12:46:00+00:00,4371.10010,4371.79980,4368.39990,4370.39990,176.0000
2026-09-22T12:47:00+00:00,4370.39990,4371.89990,4369.89990,4370.89990,121.0000
2026-09-22T12:48:00+00:00,4371.10010,4372.79980,4370.20020,4372.50000,134.0000
2026-09-22T12:49:00+00:00,4372.10010,4372.10010,4370.10010,4370.39990,124.0000
2026-09-22T12:50:00+00:00,4370.70020,4373.60010,4370.39990,4372.39990,206.0000
2026-09-22T12:51:00+00:00,4372.20020,4372.20020,4369.70020,4370.20020,105.0000
2026-09-22T12:52:00+00:00,4370.39990,4370.79980,4368.29980,4369.50000,188.0000
2026-09-22T12:53:00+00:00,4369.89990,4370.60010,4369.10010,4370.39990,109.0000
2026-09-22T12:54:00+00:00,4370.89990,4372.70020,4370.50000,4372.50000,148.0000
2026-09-22T12:55:00+00:00,4372.29980,4375.20020,4372.00000,4373.50000,221.0000
2026-09-22T12:56:00+00:00,4373.20020,4373.39990,4371.29980,4371.89990,122.0000
2026-09-22T12:57:00+00:00,4371.79980,4374.70020,4371.50000,4373.89990,115.0000
2026-09-22T12:58:00+00:00,4374.10010,4374.39990,4373.20020,4373.29980,70.0000
2026-09-22T12:59:00+00:00,4373.00000,4373.00000,4370.70020,4371.50000,137.0000
2026-09-22T13:00:00+00:00,4371.60010,4371.89990,4368.00000,4370.39990,598.0000
2026-09-22T13:01:00+00:00,4370.70020,4374.00000,4369.20020,4373.70020,281.0000
2026-09-22T13:02:00+00:00,4374.29980,4375.39990,4372.70020,4374.39990,174.0000
2026-09-22T13:03:00+00:00,4374.50000,4374.50000,4371.60010,4372.70020,75.0000
2026-09-22T13:04:00+00:00,4372.89990,4374.39990,4371.79980,4373.60010,155.0000
2026-09-22T13:05:00+00:00,4374.00000,4375.00000,4370.79980,4371.70020,122.0000
2026-09-22T13:06:00+00:00,4371.89990,4373.89990,4368.60010,4370.60010,445.0000
2026-09-22T13:07:00+00:00,4370.29980,4374.60010,4370.00000,4372.50000,135.0000
2026-09-22T13:08:00+00:00,4372.79980,4377.79980,4372.79980,4376.50000,265.0000
2026-09-22T13:09:00+00:00,4376.39990,4379.20020,4375.29980,4377.20020,247.0000
2026-09-22T13:10:00+00:00,4377.39990,4379.50000,4375.89990,4379.29980,114.0000
2026-09-22T13:11:00+00:00,4379.00000,4380.00000,4376.29980,4377.00000,136.0000
2026-09-22T13:12:00+00:00,4377.20020,4378.79980,4376.10010,4378.79980,145.0000
2026-09-22T13:13:00+00:00,4378.70020,4379.00000,4375.89990,4377.60010,117.0000
2026-09-22T13:14:00+00:00,4377.89990,4379.50000,4377.29980,4378.29980,140.0000
2026-09-22T13:15:00+00:00,4378.29980,4379.60010,4377.60010,4378.50000,114.0000
2026-09-22T13:16:00+00:00,4378.79980,4380.60010,4377.79980,4377.89990,261.0000
2026-09-22T13:17:00+00:00,4378.20020,4378.60010,4374.89990,4375.70020,202.0000
2026-09-22T13:18:00+00:00,4375.79980,4376.79980,4374.70020,4376.10010,119.0000
2026-09-22T13:19:00+00:00,4376.20020,4376.50000,4374.79980,4375.39990,79.0000
2026-09-22T13:20:00+00:00,4375.39990,4377.50000,4375.20020,4376.29980,92.0000
2026-09-22T13:21:00+00:00,4376.39990,4376.70020,4372.29980,4372.89990,150.0000
2026-09-22T13:22:00+00:00,4372.79980,4373.70020,4371.10010,4373.60010,249.0000
2026-09-22T13:23:00+00:00,4373.89990,4373.89990,4368.89990,4369.00000,106.0000
2026-09-22T13:24:00+00:00,4369.00000,4371.39990,4368.60010,4370.50000,131.0000
2026-09-22T13:25:00+00:00,4370.60010,4371.50000,4370.10010,4371.50000,53.0000
2026-09-22T13:26:00+00:00,4370.79980,4372.10010,4369.89990,4371.70020,83.0000
2026-09-22T13:27:00+00:00,4370.60010,4371.29980,4367.79980,4369.60010,170.0000
2026-09-22T13:28:00+00:00,4369.10010,4369.60010,4367.70020,4369.00000,119.0000
2026-09-22T13:29:00+00:00,4368.70020,4369.10010,4367.39990,4368.00000,252.0000
2026-09-22T13:30:00+00:00,4368.10010,4370.70020,4367.50000,4369.70020,271.0000
2026-09-22T13:31:00+00:00,4369.89990,4370.50000,4367.89990,4369.10010,107.0000
2026-09-22T13:32:00+00:00,4369.20020,4371.00000,4367.70020,4370.10010,130.0000
2026-09-22T13:33:00+00:00,4370.20020,4372.79980,4368.60010,4372.00000,175.0000
2026-09-22T13:34:00+00:00,4372.00000,4373.89990,4371.29980,4372.00000,377.0000
2026-09-22T13:35:00+00:00,4372.20020,4373.00000,4371.10010,4372.60010,104.0000
2026-09-22T13:36:00+00:00,4372.60010,4374.60010,4371.79980,4372.39990,211.0000
2026-09-22T13:37:00+00:00,4372.50000,4372.79980,4368.20020,4369.79980,135.0000
2026-09-22T13:38:00+00:00,4369.89990,4372.39990,4368.60010,4372.39990,120.0000
2026-09-22T13:39:00+00:00,4372.20020,4373.20020,4369.00000,4369.00000,144.0000
2026-09-22T13:40:00+00:00,4369.10010,4369.10010,4365.20020,4366.39990,345.0000
2026-09-22T13:41:00+00:00,4366.20020,4369.60010,4365.20020,4366.10010,568.0000
2026-09-22T13:42:00+00:00,4366.50000,4373.10010,4365.20020,4373.00000,253.0000
2026-09-22T13:43:00+00:00,4373.29980,4379.89990,4373.00000,4378.10010,593.0000
2026-09-22T13:44:00+00:00,4378.00000,4380.60010,4377.10010,4379.00000,359.0000
2026-09-22T13:45:00+00:00,4379.00000,4381.89990,4378.50000,4379.60010,418.0000
2026-09-22T13:46:00+00:00,4379.50000,4379.79980,4374.20020,4375.89990,256.0000
2026-09-22T13:47:00+00:00,4375.79980,4375.79980,4373.29980,4373.70020,278.0000
2026-09-22T13:48:00+00:00,4374.00000,4376.79980,4373.10010,4376.39990,302.0000
2026-09-22T13:49:00+00:00,4376.70020,4379.29980,4375.60010,4377.50000,182.0000
2026-09-22T13:50:00+00:00,4377.60010,4377.70020,4375.50000,4377.10010,118.0000
2026-09-22T13:51:00+00:00,4377.29980,4377.89990,4375.20020,4377.29980,93.0000
2026-09-22T13:52:00+00:00,4377.20020,4378.70020,4376.29980,4376.39990,86.0000
2026-09-22T13:53:00+00:00,4376.39990,4376.39990,4374.10010,4374.50000,127.0000
2026-09-22T13:54:00+00:00,4374.79980,4374.79980,4369.60010,4369.79980,271.0000
2026-09-22T13:55:00+00:00,4369.60010,4370.29980,4367.50000,4369.39990,222.0000
2026-09-22T13:56:00+00:00,4369.29980,4370.60010,4368.79980,4369.70020,119.0000
2026-09-22T13:57:00+00:00,4369.50000,4374.60010,4369.50000,4374.50000,181.0000
2026-09-22T13:58:00+00:00,4374.70020,4375.70020,4372.39990,4372.70020,131.0000
2026-09-22T13:59:00+00:00,4372.70020,4372.70020,4370.70020,4371.00000,160.0000
2026-09-22T14:00:00+00:00,4370.79980,4372.50000,4368.70020,4370.89990,267.0000
2026-09-22T14:01:00+00:00,4371.00000,4371.89990,4370.50000,4371.00000,161.0000
2026-09-22T14:02:00+00:00,4371.50000,4371.70020,4367.20020,4368.50000,461.0000
2026-09-22T14:03:00+00:00,4368.70020,4372.39990,4368.20020,4370.20020,409.0000
2026-09-22T14:04:00+00:00,4370.39990,4372.29980,4366.00000,4366.20020,298.0000
2026-09-22T14:05:00+00:00,4366.60010,4367.39990,4365.20020,4366.50000,171.0000
2026-09-22T14:06:00+00:00,4366.00000,4368.29980,4365.70020,4367.89990,128.0000
2026-09-22T14:07:00+00:00,4367.79980,4369.50000,4367.29980,4368.79980,130.0000
2026-09-22T14:08:00+00:00,4368.39990,4369.10010,4367.50000,4367.50000,193.0000
2026-09-22T14:09:00+00:00,4367.60010,4368.50000,4366.79980,4367.39990,97.0000
2026-09-22T14:10:00+00:00,4367.10010,4369.10010,4367.00000,4369.00000,125.0000
2026-09-22T14:11:00+00:00,4369.10010,4369.39990,4366.29980,4369.00000,112.0000
2026-09-22T14:12:00+00:00,4368.60010,4368.70020,4366.20020,4367.39990,324.0000
2026-09-22T14:13:00+00:00,4367.70020,4376.39990,4366.39990,4371.39990,894.0000
2026-09-22T14:14:00+00:00,4371.79980,4372.39990,4369.89990,4371.50000,173.0000
2026-09-22T14:15:00+00:00,4371.20020,4371.89990,4369.10010,4371.89990,103.0000
2026-09-22T14:16:00+00:00,4372.10010,4372.10010,4368.29980,4368.29980,195.0000
2026-09-22T14:17:00+00:00,4368.39990,4368.39990,4365.89990,4367.70020,188.0000
2026-09-22T14:18:00+00:00,4367.60010,4367.60010,4363.10010,4364.70020,439.0000
2026-09-22T14:19:00+00:00,4364.50000,4368.50000,4364.39990,4366.29980,184.0000
2026-09-22T14:20:00+00:00,4366.60010,4367.60010,4366.39990,4366.60010,50.0000
2026-09-22T14:21:00+00:00,4367.39990,4369.10010,4365.00000,4368.89990,208.0000
2026-09-22T14:22:00+00:00,4369.10010,4369.79980,4367.20020,4367.20020,62.0000
2026-09-22T14:23:00+00:00,4367.39990,4370.39990,4367.10010,4369.10010,109.0000
2026-09-22T14:24:00+00:00,4369.39990,4370.50000,4368.10010,4369.50000,108.0000
2026-09-22T14:25:00+00:00,4369.29980,4370.10010,4367.79980,4368.00000,49.0000
2026-09-22T14:26:00+00:00,4368.50000,4368.50000,4365.79980,4366.60010,92.0000
2026-09-22T14:27:00+00:00,4366.70020,4367.60010,4365.39990,4365.79980,550.0000
2026-09-22T14:28:00+00:00,4365.50000,4365.70020,4362.29980,4364.70020,160.0000
2026-09-22T14:29:00+00:00,4364.50000,4367.00000,4364.00000,4365.60010,238.0000
2026-09-22T14:30:00+00:00,4365.60010,4367.10010,4364.39990,4366.00000,188.0000
2026-09-22T14:31:00+00:00,4366.20020,4367.29980,4365.89990,4366.70020,147.0000
2026-09-22T14:32:00+00:00,4367.00000,4367.00000,4364.79980,4365.00000,98.0000
2026-09-22T14:33:00+00:00,4364.79980,4365.10010,4363.70020,4364.20020,129.0000
2026-09-22T14:34:00+00:00,4364.29980,4364.50000,4361.79980,4362.50000,134.0000
2026-09-22T14:35:00+00:00,4362.39990,4362.60010,4359.10010,4359.60010,762.0000
2026-09-22T14:36:00+00:00,4359.50000,4362.50000,4358.60010,4362.00000,253.0000
2026-09-22T14:37:00+00:00,4362.50000,4366.20020,4362.39990,4366.20020,196.0000
2026-09-22T14:38:00+00:00,4366.00000,4366.29980,4361.39990,4363.89990,341.0000
2026-09-22T14:39:00+00:00,4363.89990,4371.79980,4361.60010,4361.79980,1200.0000
2026-09-22T14:40:00+00:00,4362.20020,4362.20020,4358.10010,4359.79980,439.0000
2026-09-22T14:41:00+00:00,4359.89990,4360.70020,4355.00000,4355.89990,342.0000
2026-09-22T14:42:00+00:00,4355.50000,4355.89990,4351.79980,4352.79980,1014.0000
2026-09-22T14:43:00+00:00,4352.60010,4357.70020,4352.20020,4356.50000,343.0000
2026-09-22T14:44:00+00:00,4356.50000,4358.39990,4355.29980,4357.39990,159.0000
2026-09-22T14:45:00+00:00,4357.50000,4359.20020,4354.89990,4355.50000,420.0000
2026-09-22T14:46:00+00:00,4355.60010,4357.39990,4354.89990,4356.89990,122.0000
2026-09-22T14:47:00+00:00,4356.89990,4361.60010,4356.89990,4359.50000,603.0000
2026-09-22T14:48:00+00:00,4359.50000,4359.50000,4357.50000,4358.70020,180.0000
2026-09-22T14:49:00+00:00,4358.39990,4359.60010,4357.89990,4359.29980,74.0000
2026-09-22T14:50:00+00:00,4359.70020,4360.20020,4357.70020,4358.39990,103.0000
2026-09-22T14:51:00+00:00,4358.29980,4359.39990,4357.50000,4358.79980,128.0000
2026-09-22T14:52:00+00:00,4359.00000,4359.70020,4358.20020,4359.00000,79.0000
2026-09-22T14:53:00+00:00,4359.00000,4360.00000,4357.60010,4360.00000,68.0000
2026-09-22T14:54:00+00:00,4360.29980,4362.70020,4360.20020,4362.29980,233.0000
2026-09-22T14:55:00+00:00,4362.20020,4363.20020,4362.00000,4362.70020,107.0000
2026-09-22T14:56:00+00:00,4362.50000,4364.20020,4362.20020,4362.20020,148.0000
2026-09-22T14:57:00+00:00,4362.29980,4363.79980,4361.89990,4363.70020,56.0000
2026-09-22T14:58:00+00:00,4363.50000,4364.39990,4362.79980,4364.20020,63.0000
2026-09-22T14:59:00+00:00,4364.29980,4365.89990,4364.00000,4365.29980,185.0000
2026-09-22T15:00:00+00:00,4365.50000,4365.50000,4362.70020,4365.29980,132.0000
2026-09-22T15:01:00+00:00,4364.89990,4366.00000,4363.50000,4365.79980,117.0000
2026-09-22T15:02:00+00:00,4366.00000,4366.79980,4365.60010,4366.20020,143.0000
2026-09-22T15:03:00+00:00,4366.10010,4368.29980,4366.10010,4366.50000,206.0000
2026-09-22T15:04:00+00:00,4366.70020,4369.89990,4366.70020,4368.10010,258.0000
2026-09-22T15:05:00+00:00,4367.60010,4368.00000,4366.20020,4367.89990,97.0000
2026-09-22T15:06:00+00:00,4368.10010,4372.00000,4367.50000,4370.20020,322.0000
2026-09-22T15:07:00+00:00,4370.10010,4374.10010,4369.79980,4373.10010,399.0000
2026-09-22T15:08:00+00:00,4372.89990,4375.50000,4372.39990,4374.29980,278.0000
2026-09-22T15:09:00+00:00,4374.50000,4375.79980,4374.00000,4375.60010,225.0000
2026-09-22T15:10:00+00:00,4375.50000,4378.00000,4375.20020,4375.20020,619.0000
2026-09-22T15:11:00+00:00,4375.50000,4375.50000,4373.20020,4374.00000,214.0000
2026-09-22T15:12:00+00:00,4374.20020,4374.39990,4372.89990,4373.79980,125.0000
2026-09-22T15:13:00+00:00,4373.29980,4374.39990,4372.60010,4373.39990,86.0000
2026-09-22T15:14:00+00:00,4373.20020,4376.00000,4372.89990,4374.00000,619.0000
2026-09-22T15:15:00+00:00,4373.89990,4378.00000,4373.89990,4377.00000,456.0000
2026-09-22T15:16:00+00:00,4377.29980,4378.29980,4376.00000,4377.39990,245.0000
2026-09-22T15:17:00+00:00,4377.79980,4378.20020,4375.79980,4376.39990,159.0000
2026-09-22T15:18:00+00:00,4376.39990,4377.79980,4375.29980,4375.50000,237.0000
2026-09-22T15:19:00+00:00,4376.00000,4376.60010,4374.70020,4374.89990,154.0000
2026-09-22T15:20:00+00:00,4375.00000,4375.00000,4372.39990,4372.70020,121.0000
2026-09-22T15:21:00+00:00,4373.00000,4376.79980,4372.50000,4376.10010,102.0000
2026-09-22T15:22:00+00:00,4376.20020,4376.20020,4373.50000,4373.50000,107.0000
2026-09-22T15:23:00+00:00,4373.50000,4374.89990,4372.70020,4374.89990,87.0000
2026-09-22T15:24:00+00:00,4374.29980,4375.70020,4374.00000,4374.70020,122.0000
2026-09-22T15:25:00+00:00,4374.50000,4374.50000,4372.89990,4373.10010,64.0000
2026-09-22T15:26:00+00:00,4373.00000,4373.20020,4371.39990,4371.79980,147.0000
2026-09-22T15:27:00+00:00,4371.60010,4372.29980,4371.29980,4372.20020,67.0000
2026-09-22T15:28:00+00:00,4372.10010,4373.20020,4371.89990,4372.79980,64.0000
2026-09-22T15:29:00+00:00,4373.20020,4373.20020,4369.79980,4369.79980,150.0000
2026-09-22T15:30:00+00:00,4369.70020,4370.89990,4368.79980,4368.79980,128.0000
2026-09-22T15:31:00+00:00,4368.79980,4369.00000,4367.60010,4367.70020,181.0000
2026-09-22T15:32:00+00:00,4367.50000,4368.00000,4365.29980,4365.79980,272.0000
2026-09-22T15:33:00+00:00,4365.70020,4367.10010,4365.20020,4365.70020,227.0000
2026-09-22T15:34:00+00:00,4365.79980,4368.79980,4365.39990,4367.50000,159.0000
2026-09-22T15:35:00+00:00,4367.39990,4368.20020,4367.20020,4367.39990,33.0000
2026-09-22T15:36:00+00:00,4367.39990,4368.10010,4366.79980,4368.00000,59.0000
2026-09-22T15:37:00+00:00,4367.60010,4367.89990,4366.10010,4366.50000,146.0000
2026-09-22T15:38:00+00:00,4366.29980,4366.29980,4364.79980,4366.20020,131.0000
2026-09-22T15:39:00+00:00,4366.00000,4366.89990,4365.60010,4366.29980,53.0000
2026-09-22T15:40:00+00:00,4366.20020,4366.79980,4365.60010,4366.00000,34.0000
2026-09-22T15:41:00+00:00,4366.10010,4366.79980,4365.60010,4366.79980,37.0000
2026-09-22T15:42:00+00:00,4366.50000,4367.39990,4365.39990,4366.29980,76.0000
2026-09-22T15:43:00+00:00,4366.10010,4366.20020,4364.79980,4364.89990,81.0000
2026-09-22T15:44:00+00:00,4365.00000,4365.50000,4364.79980,4365.50000,37.0000
2026-09-22T15:45:00+00:00,4365.20020,4365.29980,4363.20020,4363.39990,199.0000
2026-09-22T15:46:00+00:00,4363.10010,4364.20020,4362.60010,4362.70020,77.0000
2026-09-22T15:47:00+00:00,4363.10010,4364.89990,4362.89990,4364.50000,86.0000
2026-09-22T15:48:00+00:00,4364.79980,4365.20020,4364.20020,4364.89990,85.0000
2026-09-22T15:49:00+00:00,4364.79980,4365.20020,4363.50000,4363.79980,141.0000
2026-09-22T15:50:00+00:00,4363.89990,4365.39990,4362.79980,4365.20020,116.0000
2026-09-22T15:51:00+00:00,4365.20020,4365.60010,4364.60010,4364.60010,48.0000
2026-09-22T15:52:00+00:00,4365.00000,4365.50000,4364.89990,4365.50000,35.0000
2026-09-22T15:53:00+00:00,4365.29980,4366.10010,4364.70020,4365.60010,67.0000
2026-09-22T15:54:00+00:00,4365.39990,4366.89990,4365.39990,4366.10010,132.0000
2026-09-22T15:55:00+00:00,4366.10010,4366.70020,4365.10010,4366.29980,76.0000
2026-09-22T15:56:00+00:00,4366.10010,4367.10010,4365.89990,4366.29980,63.0000
2026-09-22T15:57:00+00:00,4366.60010,4368.70020,4366.50000,4368.70020,114.0000
2026-09-22T15:58:00+00:00,4368.60010,4369.39990,4368.29980,4368.29980,115.0000
2026-09-22T15:59:00+00:00,4368.20020,4368.89990,4368.00000,4368.70020,50.0000
2026-09-22T16:00:00+00:00,4368.60010,4369.70020,4368.39990,4369.29980,131.0000
2026-09-22T16:01:00+00:00,4369.60010,4369.79980,4365.50000,4365.70020,198.0000
2026-09-22T16:02:00+00:00,4365.89990,4366.20020,4364.70020,4365.00000,98.0000
2026-09-22T16:03:00+00:00,4364.70020,4364.89990,4363.70020,4364.50000,315.0000
2026-09-22T16:04:00+00:00,4364.39990,4364.60010,4363.20020,4364.29980,121.0000
2026-09-22T16:05:00+00:00,4364.20020,4364.50000,4362.29980,4364.00000,147.0000
2026-09-22T16:06:00+00:00,4364.00000,4364.39990,4363.39990,4363.60010,49.0000
2026-09-22T16:07:00+00:00,4363.50000,4364.10010,4363.20020,4363.50000,55.0000
2026-09-22T16:08:00+00:00,4363.39990,4363.70020,4363.00000,4363.29980,109.0000
2026-09-22T16:09:00+00:00,4363.20020,4363.89990,4361.70020,4362.20020,103.0000
2026-09-22T16:10:00+00:00,4362.29980,4362.89990,4361.60010,4362.10010,140.0000
2026-09-22T16:11:00+00:00,4361.89990,4362.10010,4360.70020,4361.39990,79.0000
2026-09-22T16:12:00+00:00,4361.70020,4362.29980,4360.89990,4361.29980,74.0000
2026-09-22T16:13:00+00:00,4360.60010,4360.89990,4359.79980,4360.79980,62.0000
2026-09-22T16:14:00+00:00,4360.70020,4361.70020,4360.29980,4361.10010,106.0000
2026-09-22T16:15:00+00:00,4361.00000,4361.29980,4360.70020,4361.10010,35.0000
2026-09-22T16:16:00+00:00,4361.29980,4362.10010,4361.20020,4361.79980,48.0000
2026-09-22T16:17:00+00:00,4361.70020,4362.10010,4360.79980,4361.89990,139.0000
2026-09-22T16:18:00+00:00,4362.29980,4362.60010,4361.29980,4361.79980,44.0000
2026-09-22T16:19:00+00:00,4361.89990,4364.29980,4360.89990,4363.70020,184.0000
2026-09-22T16:20:00+00:00,4363.79980,4364.20020,4361.70020,4363.89990,192.0000
2026-09-22T16:21:00+00:00,4363.79980,4364.50000,4362.79980,4363.29980,43.0000
2026-09-22T16:22:00+00:00,4363.50000,4364.20020,4363.00000,4363.00000,33.0000
2026-09-22T16:23:00+00:00,4363.10010,4363.89990,4362.39990,4362.39990,77.0000
2026-09-22T16:24:00+00:00,4362.79980,4363.20020,4362.50000,4363.20020,196.0000
2026-09-22T16:25:00+00:00,4362.89990,4364.89990,4362.89990,4363.60010,53.0000
2026-09-22T16:26:00+00:00,4363.70020,4363.79980,4363.20020,4363.50000,32.0000
2026-09-22T16:27:00+00:00,4363.79980,4364.50000,4363.39990,4364.00000,72.0000
2026-09-22T16:28:00+00:00,4364.00000,4364.00000,4363.00000,4363.20020,57.0000
2026-09-22T16:29:00+00:00,4363.60010,4364.39990,4363.39990,4364.29980,74.0000
2026-09-22T16:30:00+00:00,4364.39990,4366.10010,4364.39990,4365.00000,82.0000
2026-09-22T16:31:00+00:00,4365.10010,4365.10010,4363.89990,4364.00000,62.0000
2026-09-22T16:32:00+00:00,4364.29980,4365.10010,4364.20020,4364.70020,46.0000
2026-09-22T16:33:00+00:00,4364.60010,4364.70020,4363.60010,4364.20020,80.0000
2026-09-22T16:34:00+00:00,4364.20020,4366.20020,4364.10010,4366.00000,52.0000
2026-09-22T16:35:00+00:00,4366.20020,4366.20020,4365.10010,4365.50000,42.0000
2026-09-22T16:36:00+00:00,4365.29980,4365.60010,4364.79980,4365.50000,35.0000
2026-09-22T16:37:00+00:00,4365.60010,4366.39990,4365.50000,4365.89990,41.0000
2026-09-22T16:38:00+00:00,4365.79980,4366.39990,4365.39990,4365.50000,55.0000
2026-09-22T16:39:00+00:00,4365.70020,4366.50000,4365.60010,4366.29980,37.0000
2026-09-22T16:40:00+00:00,4366.39990,4366.50000,4365.29980,4365.50000,64.0000
2026-09-22T16:41:00+00:00,4365.60010,4367.39990,4365.60010,4366.89990,77.0000
2026-09-22T16:42:00+00:00,4367.10010,4368.60010,4367.10010,4368.10010,124.0000
2026-09-22T16:43:00+00:00,4367.89990,4368.79980,4367.89990,4368.39990,57.0000
2026-09-22T16:44:00+00:00,4368.29980,4370.00000,4368.00000,4369.70020,98.0000
2026-09-22T16:45:00+00:00,4369.79980,4370.60010,4369.00000,4369.39990,155.0000
2026-09-22T16:46:00+00:00,4369.50000,4369.79980,4368.89990,4369.70020,45.0000
2026-09-22T16:47:00+00:00,4369.70020,4369.89990,4368.79980,4369.29980,41.0000
2026-09-22T16:48:00+00:00,4369.39990,4374.60010,4369.39990,4372.60010,839.0000
2026-09-22T16:49:00+00:00,4372.70020,4379.20020,4372.70020,4377.60010,618.0000
2026-09-22T16:50:00+00:00,4377.70020,4378.70020,4375.60010,4377.70020,354.0000
2026-09-22T16:51:00+00:00,4377.70020,4379.79980,4377.70020,4378.10010,251.0000
2026-09-22T16:52:00+00:00,4378.00000,4378.00000,4375.29980,4375.70020,224.0000
2026-09-22T16:53:00+00:00,4375.70020,4375.79980,4374.70020,4375.39990,110.0000
2026-09-22T16:54:00+00:00,4375.10010,4376.29980,4374.79980,4375.20020,98.0000
2026-09-22T16:55:00+00:00,4375.29980,4377.10010,4373.79980,4374.50000,133.0000
2026-09-22T16:56:00+00:00,4374.50000,4374.50000,4372.60010,4373.89990,122.0000
2026-09-22T16:57:00+00:00,4373.79980,4374.39990,4372.39990,4373.89990,126.0000
2026-09-22T16:58:00+00:00,4373.79980,4374.89990,4373.60010,4374.50000,48.0000
2026-09-22T16:59:00+00:00,4374.10010,4374.79980,4374.10010,4374.10010,50.0000
2026-09-22T17:00:00+00:00,4374.00000,4374.89990,4372.50000,4374.89990,135.0000
2026-09-22T17:01:00+00:00,4374.89990,4375.29980,4374.29980,4375.10010,61.0000
2026-09-22T17:02:00+00:00,4374.89990,4375.60010,4373.70020,4374.60010,124.0000
2026-09-22T17:03:00+00:00,4374.60010,4375.60010,4374.60010,4375.00000,56.0000
2026-09-22T17:04:00+00:00,4374.70020,4375.70020,4374.70020,4374.89990,35.0000
2026-09-22T17:05:00+00:00,4375.00000,4376.50000,4374.60010,4376.39990,48.0000
2026-09-22T17:06:00+00:00,4376.60010,4378.50000,4376.29980,4378.20020,125.0000
2026-09-22T17:07:00+00:00,4378.20020,4378.89990,4376.89990,4376.89990,141.0000
2026-09-22T17:08:00+00:00,4377.29980,4377.29980,4375.70020,4376.00000,128.0000
2026-09-22T17:09:00+00:00,4375.89990,4376.70020,4374.89990,4375.60010,114.0000
2026-09-22T17:10:00+00:00,4375.70020,4376.00000,4375.00000,4375.10010,44.0000
2026-09-22T17:11:00+00:00,4375.10010,4377.20020,4375.10010,4377.20020,30.0000
2026-09-22T17:12:00+00:00,4377.10010,4377.79980,4377.10010,4377.10010,104.0000
2026-09-22T17:13:00+00:00,4377.20020,4377.29980,4376.39990,4377.00000,50.0000
2026-09-22T17:14:00+00:00,4377.10010,4377.20020,4375.20020,4375.70020,130.0000
2026-09-22T17:15:00+00:00,4375.79980,4377.29980,4375.00000,4377.20020,90.0000
2026-09-22T17:16:00+00:00,4377.20020,4378.10010,4376.50000,4376.70020,105.0000
2026-09-22T17:17:00+00:00,4376.79980,4376.89990,4375.50000,4375.70020,53.0000
2026-09-22T17:18:00+00:00,4375.79980,4376.10010,4375.20020,4375.29980,48.0000
2026-09-22T17:19:00+00:00,4375.20020,4376.00000,4374.60010,4375.20020,112.0000
2026-09-22T17:20:00+00:00,4375.20020,4377.29980,4375.10010,4377.29980,115.0000
2026-09-22T17:21:00+00:00,4377.29980,4377.70020,4376.10010,4376.60010,95.0000
2026-09-22T17:22:00+00:00,4376.29980,4376.50000,4375.39990,4376.20020,61.0000
2026-09-22T17:23:00+00:00,4376.10010,4376.10010,4374.20020,4374.50000,70.0000
2026-09-22T17:24:00+00:00,4374.60010,4375.50000,4374.00000,4374.29980,182.0000
2026-09-22T17:25:00+00:00,4374.39990,4374.39990,4373.70020,4373.79980,89.0000
2026-09-22T17:26:00+00:00,4374.00000,4375.10010,4373.20020,4374.79980,85.0000
2026-09-22T17:27:00+00:00,4375.00000,4375.60010,4374.60010,4375.60010,59.0000
2026-09-22T17:28:00+00:00,4375.60010,4376.20020,4374.60010,4375.50000,163.0000
2026-09-22T17:29:00+00:00,4375.39990,4377.50000,4374.70020,4377.20020,771.0000
2026-09-22T17:30:00+00:00,4377.29980,4378.00000,4375.79980,4376.60010,128.0000
2026-09-22T17:31:00+00:00,4376.20020,4376.29980,4375.39990,4375.79980,56.0000
2026-09-22T17:32:00+00:00,4375.29980,4375.70020,4374.29980,4374.50000,46.0000
2026-09-22T17:33:00+00:00,4374.29980,4375.00000,4373.60010,4373.79980,51.0000
2026-09-22T17:34:00+00:00,4373.60010,4374.29980,4372.70020,4374.29980,66.0000
2026-09-22T17:35:00+00:00,4374.50000,4374.89990,4373.79980,4374.50000,57.0000
2026-09-22T17:36:00+00:00,4374.29980,4374.79980,4374.00000,4374.10010,31.0000
2026-09-22T17:37:00+00:00,4374.10010,4375.39990,4374.10010,4375.00000,37.0000
2026-09-22T17:38:00+00:00,4375.10010,4375.39990,4374.10010,4375.39990,31.0000
2026-09-22T17:39:00+00:00,4374.70020,4374.79980,4374.10010,4374.39990,34.0000
2026-09-22T17:40:00+00:00,4374.39990,4374.39990,4373.60010,4374.39990,37.0000
2026-09-22T17:41:00+00:00,4374.39990,4375.00000,4374.10010,4374.10010,30.0000
2026-09-22T17:42:00+00:00,4374.10010,4376.39990,4374.10010,4375.39990,48.0000
2026-09-22T17:43:00+00:00,4375.79980,4376.60010,4375.70020,4376.29980,37.0000
2026-09-22T17:44:00+00:00,4376.50000,4376.50000,4376.20020,4376.20020,11.0000
2026-09-22T17:45:00+00:00,4376.39990,4377.39990,4375.89990,4377.39990,53.0000
2026-09-22T17:46:00+00:00,4376.89990,4377.10010,4376.39990,4376.50000,35.0000
2026-09-22T17:47:00+00:00,4376.60010,4378.20020,4376.50000,4378.00000,68.0000
2026-09-22T17:48:00+00:00,4377.89990,4378.29980,4377.50000,4377.79980,34.0000
2026-09-22T17:49:00+00:00,4377.50000,4377.89990,4377.20020,4377.29980,25.0000
2026-09-22T17:50:00+00:00,4377.70020,4378.20020,4377.00000,4377.89990,97.0000
2026-09-22T17:51:00+00:00,4377.89990,4378.29980,4377.29980,4378.00000,62.0000
2026-09-22T17:52:00+00:00,4378.10010,4386.50000,4377.79980,4385.60010,1002.0000
2026-09-22T17:53:00+00:00,4385.50000,4386.60010,4382.89990,4384.29980,509.0000
2026-09-22T17:54:00+00:00,4384.20020,4391.29980,4384.00000,4387.50000,1466.0000
2026-09-22T17:55:00+00:00,4387.60010,4388.29980,4386.39990,4387.29980,258.0000
2026-09-22T17:56:00+00:00,4387.60010,4388.60010,4386.70020,4387.10010,387.0000
2026-09-22T17:57:00+00:00,4387.20020,4389.00000,4386.79980,4386.79980,240.0000
2026-09-22T17:58:00+00:00,4386.89990,4389.00000,4386.60010,4388.50000,94.0000
2026-09-22T17:59:00+00:00,4388.50000,4390.70020,4388.00000,4388.89990,254.0000
2026-09-22T18:00:00+00:00,4388.79980,4389.29980,4387.20020,4388.39990,102.0000
2026-09-22T18:01:00+00:00,4388.20020,4388.20020,4386.10010,4387.10010,179.0000
2026-09-22T18:02:00+00:00,4386.89990,4386.89990,4385.50000,4385.89990,75.0000
2026-09-22T18:03:00+00:00,4386.20020,4388.60010,4386.10010,4388.00000,107.0000
2026-09-22T18:04:00+00:00,4388.00000,4391.79980,4387.79980,4389.70020,621.0000
2026-09-22T18:05:00+00:00,4389.89990,4393.89990,4389.70020,4392.79980,698.0000
2026-09-22T18:06:00+00:00,4393.00000,4396.10010,4392.70020,4394.79980,331.0000
2026-09-22T18:07:00+00:00,4395.00000,4395.00000,4392.20020,4392.70020,145.0000
2026-09-22T18:08:00+00:00,4393.20020,4397.89990,4392.70020,4396.89990,342.0000
2026-09-22T18:09:00+00:00,4396.70020,4397.10010,4395.39990,4395.60010,197.0000
2026-09-22T18:10:00+00:00,4395.60010,4396.00000,4393.20020,4394.60010,236.0000
2026-09-22T18:11:00+00:00,4394.70020,4397.20020,4394.10010,4395.00000,275.0000
2026-09-22T18:12:00+00:00,4395.10010,4398.29980,4395.00000,4397.00000,237.0000
2026-09-22T18:13:00+00:00,4396.89990,4396.89990,4395.60010,4395.79980,128.0000
2026-09-22T18:14:00+00:00,4395.89990,4397.29980,4394.89990,4396.20020,234.0000
2026-09-22T18:15:00+00:00,4396.00000,4398.70020,4396.00000,4397.79980,118.0000
2026-09-22T18:16:00+00:00,4397.60010,4398.79980,4396.10010,4397.79980,220.0000
2026-09-22T18:17:00+00:00,4397.60010,4398.79980,4396.70020,4397.10010,82.0000
2026-09-22T18:18:00+00:00,4397.10010,4398.39990,4395.60010,4396.50000,121.0000
2026-09-22T18:19:00+00:00,4396.39990,4398.10010,4395.50000,4396.29980,71.0000
2026-09-22T18:20:00+00:00,4395.70020,4397.89990,4395.10010,4397.89990,134.0000
2026-09-22T18:21:00+00:00,4397.79980,4397.79980,4394.79980,4395.20020,153.0000
2026-09-22T18:22:00+00:00,4395.10010,4396.79980,4394.50000,4394.50000,128.0000
2026-09-22T18:23:00+00:00,4394.79980,4394.89990,4393.00000,4393.50000,171.0000
2026-09-22T18:24:00+00:00,4393.39990,4393.79980,4392.60010,4393.29980,101.0000
2026-09-22T18:25:00+00:00,4393.39990,4393.60010,4391.70020,4392.79980,177.0000
2026-09-22T18:26:00+00:00,4392.70020,4395.20020,4392.60010,4394.50000,79.0000
2026-09-22T18:27:00+00:00,4394.60010,4395.00000,4394.00000,4394.10010,78.0000
2026-09-22T18:28:00+00:00,4394.20020,4394.50000,4393.00000,4393.29980,115.0000
2026-09-22T18:29:00+00:00,4393.20020,4394.10010,4392.70020,4394.10010,95.0000
2026-09-22T18:30:00+00:00,4394.39990,4394.89990,4392.79980,4394.10010,94.0000
2026-09-22T18:31:00+00:00,4394.00000,4394.29980,4393.39990,4393.89990,39.0000
2026-09-22T18:32:00+00:00,4393.70020,4393.70020,4391.79980,4392.70020,92.0000
2026-09-22T18:33:00+00:00,4392.79980,4393.10010,4391.20020,4391.70020,93.0000
2026-09-22T18:34:00+00:00,4392.00000,4392.00000,4389.79980,4390.60010,138.0000
2026-09-22T18:35:00+00:00,4390.60010,4391.00000,4389.50000,4390.29980,127.0000
2026-09-22T18:36:00+00:00,4390.10010,4391.39990,4387.79980,4390.20020,275.0000
2026-09-22T18:37:00+00:00,4390.60010,4390.79980,4389.89990,4390.00000,65.0000
2026-09-22T18:38:00+00:00,4390.00000,4390.29980,4388.39990,4389.10010,100.0000
2026-09-22T18:39:00+00:00,4389.00000,4389.89990,4389.00000,4389.89990,38.0000
2026-09-22T18:40:00+00:00,4389.79980,4389.89990,4388.70020,4389.20020,47.0000
2026-09-22T18:41:00+00:00,4389.10010,4389.50000,4386.29980,4387.89990,158.0000
2026-09-22T18:42:00+00:00,4387.89990,4389.20020,4387.10010,4388.79980,157.0000
2026-09-22T18:43:00+00:00,4388.70020,4389.10010,4387.20020,4387.20020,50.0000
2026-09-22T18:44:00+00:00,4387.29980,4388.29980,4387.29980,4388.00000,57.0000
2026-09-22T18:45:00+00:00,4388.39990,4390.10010,4388.29980,4390.10010,68.0000
2026-09-22T18:46:00+00:00,4390.00000,4390.79980,4389.89990,4390.79980,132.0000
2026-09-22T18:47:00+00:00,4390.89990,4391.60010,4390.70020,4391.10010,47.0000
2026-09-22T18:48:00+00:00,4390.79980,4390.79980,4389.60010,4389.60010,64.0000
2026-09-22T18:49:00+00:00,4389.60010,4390.89990,4389.50000,4390.50000,53.0000
2026-09-22T18:50:00+00:00,4390.79980,4390.89990,4389.70020,4389.70020,62.0000
2026-09-22T18:51:00+00:00,4390.29980,4391.10010,4389.60010,4391.10010,98.0000
2026-09-22T18:52:00+00:00,4391.20020,4391.60010,4390.29980,4391.60010,51.0000
2026-09-22T18:53:00+00:00,4391.50000,4391.79980,4390.89990,4391.00000,49.0000
2026-09-22T18:54:00+00:00,4390.79980,4391.20020,4389.79980,4389.79980,66.0000
2026-09-22T18:55:00+00:00,4389.89990,4390.10010,4388.70020,4389.39990,68.0000
2026-09-22T18:56:00+00:00,4389.50000,4389.60010,4388.39990,4388.50000,31.0000
2026-09-22T18:57:00+00:00,4388.60010,4389.39990,4388.60010,4389.39990,22.0000
2026-09-22T18:58:00+00:00,4388.79980,4391.10010,4388.79980,4390.50000,116.0000
2026-09-22T18:59:00+00:00,4390.70020,4391.10010,4390.10010,4390.89990,77.0000
2026-09-22T19:00:00+00:00,4391.10010,4393.20020,4390.70020,4392.70020,108.0000
2026-09-22T19:01:00+00:00,4392.39990,4393.60010,4392.00000,4393.00000,107.0000
2026-09-22T19:02:00+00:00,4392.60010,4392.79980,4391.39990,4391.79980,41.0000
2026-09-22T19:03:00+00:00,4391.60010,4392.29980,4391.39990,4391.60010,17.0000
2026-09-22T19:04:00+00:00,4391.60010,4392.10010,4391.50000,4392.10010,22.0000
2026-09-22T19:05:00+00:00,4392.00000,4392.29980,4391.10010,4392.20020,45.0000
2026-09-22T19:06:00+00:00,4392.20020,4394.60010,4392.20020,4394.39990,114.0000
2026-09-22T19:07:00+00:00,4394.50000,4394.50000,4392.89990,4394.10010,68.0000
2026-09-22T19:08:00+00:00,4394.20020,4394.89990,4393.79980,4394.89990,31.0000
2026-09-22T19:09:00+00:00,4395.00000,4395.60010,4394.29980,4394.89990,66.0000
2026-09-22T19:10:00+00:00,4394.70020,4395.60010,4394.50000,4395.39990,79.0000
2026-09-22T19:11:00+00:00,4394.89990,4396.00000,4394.60010,4395.89990,70.0000
2026-09-22T19:12:00+00:00,4396.10010,4396.79980,4395.39990,4396.00000,118.0000
2026-09-22T19:13:00+00:00,4396.10010,4396.10010,4394.89990,4395.10010,63.0000
2026-09-22T19:14:00+00:00,4395.20020,4395.89990,4395.20020,4395.50000,65.0000
2026-09-22T19:15:00+00:00,4396.00000,4396.50000,4395.70020,4395.70020,40.0000
2026-09-22T19:16:00+00:00,4396.00000,4396.50000,4395.39990,4395.39990,36.0000
2026-09-22T19:17:00+00:00,4395.50000,4395.70020,4394.00000,4394.70020,84.0000
2026-09-22T19:18:00+00:00,4394.89990,4395.50000,4394.50000,4395.50000,35.0000
2026-09-22T19:19:00+00:00,4395.50000,4395.70020,4395.29980,4395.50000,13.0000
2026-09-22T19:20:00+00:00,4395.60010,4395.79980,4394.60010,4395.10010,54.0000
2026-09-22T19:21:00+00:00,4395.10010,4395.10010,4393.89990,4394.50000,60.0000
2026-09-22T19:22:00+00:00,4394.60010,4395.50000,4394.50000,4394.50000,70.0000
2026-09-22T19:23:00+00:00,4394.89990,4395.39990,4394.79980,4395.10010,18.0000
2026-09-22T19:24:00+00:00,4395.20020,4396.89990,4394.70020,4396.20020,291.0000
2026-09-22T19:25:00+00:00,4396.39990,4399.00000,4395.00000,4397.60010,496.0000
2026-09-22T19:26:00+00:00,4397.60010,4397.89990,4395.60010,4396.00000,130.0000
2026-09-22T19:27:00+00:00,4396.10010,4396.89990,4394.70020,4394.70020,144.0000
2026-09-22T19:28:00+00:00,4395.10010,4396.60010,4394.89990,4395.60010,47.0000
2026-09-22T19:29:00+00:00,4395.79980,4397.39990,4395.50000,4397.10010,131.0000
2026-09-22T19:30:00+00:00,4397.20020,4399.60010,4397.20020,4399.50000,159.0000
2026-09-22T19:31:00+00:00,4399.29980,4402.50000,4399.10010,4402.39990,461.0000
2026-09-22T19:32:00+00:00,4402.50000,4404.89990,4401.20020,4404.20020,389.0000
2026-09-22T19:33:00+00:00,4404.10010,4406.39990,4403.60010,4405.89990,547.0000
2026-09-22T19:34:00+00:00,4405.70020,4408.70020,4405.20020,4408.29980,396.0000
2026-09-22T19:35:00+00:00,4408.10010,4409.00000,4407.10010,4408.10010,320.0000
2026-09-22T19:36:00+00:00,4408.00000,4408.50000,4405.10010,4405.39990,270.0000
2026-09-22T19:37:00+00:00,4405.20020,4409.60010,4404.60010,4407.89990,322.0000
2026-09-22T19:38:00+00:00,4408.00000,4408.00000,4405.60010,4406.70020,232.0000
2026-09-22T19:39:00+00:00,4407.10010,4409.00000,4405.29980,4407.79980,351.0000
2026-09-22T19:40:00+00:00,4408.20020,4409.39990,4407.70020,4409.00000,143.0000
2026-09-22T19:41:00+00:00,4409.00000,4409.00000,4406.20020,4406.70020,202.0000
2026-09-22T19:42:00+00:00,4407.10010,4407.39990,4405.50000,4407.20020,101.0000
2026-09-22T19:43:00+00:00,4407.10010,4407.29980,4406.10010,4406.50000,137.0000
2026-09-22T19:44:00+00:00,4406.79980,4407.29980,4404.79980,4407.29980,132.0000
2026-09-22T19:45:00+00:00,4407.60010,4408.20020,4406.89990,4407.29980,244.0000
2026-09-22T19:46:00+00:00,4407.29980,4407.89990,4406.70020,4407.50000,69.0000
2026-09-22T19:47:00+00:00,4407.70020,4408.70020,4406.39990,4408.00000,62.0000
2026-09-22T19:48:00+00:00,4407.89990,4408.20020,4407.20020,4407.29980,49.0000
2026-09-22T19:49:00+00:00,4407.50000,4407.89990,4407.00000,4407.60010,44.0000
2026-09-22T19:50:00+00:00,4407.20020,4407.39990,4405.50000,4405.79980,136.0000
2026-09-22T19:51:00+00:00,4405.70020,4407.39990,4405.70020,4407.10010,107.0000
2026-09-22T19:52:00+00:00,4407.29980,4407.29980,4406.29980,4406.70020,56.0000
2026-09-22T19:53:00+00:00,4406.70020,4406.89990,4405.50000,4406.20020,95.0000
2026-09-22T19:54:00+00:00,4406.00000,4406.29980,4404.70020,4405.00000,61.0000
2026-09-22T19:55:00+00:00,4404.79980,4405.00000,4403.70020,4404.50000,160.0000
2026-09-22T19:56:00+00:00,4404.60010,4405.00000,4403.50000,4403.50000,59.0000
2026-09-22T19:57:00+00:00,4403.70020,4404.89990,4403.70020,4404.39990,79.0000
2026-09-22T19:58:00+00:00,4404.50000,4404.50000,4402.60010,4402.89990,93.0000
2026-09-22T19:59:00+00:00,4402.89990,4402.89990,4401.10010,4401.79980,267.0000
2026-09-22T20:00:00+00:00,4402.10010,4402.50000,4401.29980,4401.50000,214.0000
2026-09-22T20:01:00+00:00,4401.50000,4402.10010,4400.89990,4401.70020,80.0000
2026-09-22T20:02:00+00:00,4401.39990,4401.39990,4400.39990,4400.79980,247.0000
2026-09-22T20:03:00+00:00,4400.79980,4401.50000,4400.39990,4400.39990,97.0000
2026-09-22T20:04:00+00:00,4400.70020,4400.70020,4400.10010,4400.50000,23.0000
2026-09-22T20:05:00+00:00,4400.60010,4400.79980,4398.89990,4399.39990,407.0000
2026-09-22T20:06:00+00:00,4399.70020,4399.70020,4398.39990,4399.10010,113.0000
2026-09-22T20:07:00+00:00,4399.00000,4399.79980,4398.89990,4399.70020,29.0000
2026-09-22T20:08:00+00:00,4399.89990,4400.89990,4399.29980,4400.70020,46.0000
2026-09-22T20:09:00+00:00,4400.00000,4400.10010,4399.10010,4399.79980,36.0000
2026-09-22T20:10:00+00:00,4400.00000,4400.20020,4398.89990,4399.20020,63.0000
2026-09-22T20:11:00+00:00,4399.00000,4399.20020,4398.79980,4398.89990,23.0000
2026-09-22T20:12:00+00:00,4398.79980,4398.79980,4397.39990,4397.79980,65.0000
2026-09-22T20:13:00+00:00,4397.89990,4398.50000,4397.00000,4397.29980,63.0000
2026-09-22T20:14:00+00:00,4397.39990,4397.70020,4396.10010,4397.10010,116.0000
2026-09-22T20:15:00+00:00,4397.20020,4397.29980,4396.79980,4397.20020,24.0000
2026-09-22T20:16:00+00:00,4397.50000,4398.29980,4397.29980,4397.39990,37.0000
2026-09-22T20:17:00+00:00,4397.70020,4398.29980,4397.70020,4397.79980,21.0000
2026-09-22T20:18:00+00:00,4397.70020,4397.79980,4397.20020,4397.70020,24.0000
2026-09-22T20:19:00+00:00,4397.70020,4397.79980,4397.29980,4397.29980,10.0000
2026-09-22T20:20:00+00:00,4397.20020,4398.00000,4396.89990,4397.70020,28.0000
2026-09-22T20:21:00+00:00,4397.60010,4397.79980,4397.29980,4397.50000,28.0000
2026-09-22T20:22:00+00:00,4397.39990,4397.39990,4396.39990,4397.29980,21.0000
2026-09-22T20:23:00+00:00,4397.39990,4398.00000,4397.39990,4397.70020,11.0000
2026-09-22T20:24:00+00:00,4397.60010,4398.70020,4397.60010,4398.39990,30.0000
2026-09-22T20:25:00+00:00,4398.29980,4398.39990,4397.89990,4398.00000,19.0000
2026-09-22T20:26:00+00:00,4397.70020,4397.79980,4397.70020,4397.79980,5.0000
2026-09-22T20:27:00+00:00,4398.10010,4398.29980,4397.79980,4398.10010,28.0000
2026-09-22T20:28:00+00:00,4397.70020,4398.10010,4397.29980,4397.39990,24.0000
2026-09-22T20:29:00+00:00,4397.20020,4397.70020,4397.20020,4397.50000,15.0000
2026-09-22T20:30:00+00:00,4397.60010,4397.79980,4397.50000,4397.79980,7.0000
2026-09-22T20:31:00+00:00,4397.50000,4398.00000,4397.00000,4398.00000,26.0000
2026-09-22T20:32:00+00:00,4398.00000,4398.29980,4397.50000,4397.89990,21.0000
2026-09-22T20:33:00+00:00,4397.79980,4397.79980,4396.50000,4397.10010,60.0000
2026-09-22T20:34:00+00:00,4397.10010,4397.29980,4396.70020,4397.00000,32.0000
2026-09-22T20:35:00+00:00,4397.00000,4397.10010,4396.00000,4396.29980,54.0000
2026-09-22T20:36:00+00:00,4396.39990,4396.39990,4396.00000,4396.20020,60.0000
2026-09-22T20:37:00+00:00,4396.29980,4396.29980,4395.39990,4396.00000,43.0000
2026-09-22T20:38:00+00:00,4396.10010,4397.00000,4396.10010,4396.20020,133.0000
2026-09-22T20:39:00+00:00,4396.29980,4396.39990,4395.70020,4395.70020,27.0000
2026-09-22T20:40:00+00:00,4395.89990,4397.00000,4395.89990,4396.70020,39.0000
2026-09-22T20:41:00+00:00,4396.70020,4396.70020,4396.70020,4396.70020,1.0000
2026-09-22T20:42:00+00:00,4396.50000,4396.89990,4396.50000,4396.89990,8.0000
2026-09-22T20:43:00+00:00,4397.00000,4397.20020,4396.79980,4397.20020,6.0000
2026-09-22T20:44:00+00:00,4397.00000,4397.00000,4396.50000,4396.60010,9.0000
2026-09-22T20:45:00+00:00,4396.60010,4396.60010,4396.20020,4396.29980,17.0000
2026-09-22T20:46:00+00:00,4396.20020,4396.50000,4396.10010,4396.39990,11.0000
2026-09-22T20:47:00+00:00,4396.39990,4396.70020,4396.29980,4396.29980,80.0000
2026-09-22T20:48:00+00:00,4396.20020,4396.29980,4395.79980,4395.79980,9.0000
2026-09-22T20:49:00+00:00,4396.00000,4396.10010,4395.70020,4395.70020,12.0000
2026-09-22T20:50:00+00:00,4395.89990,4397.70020,4395.79980,4397.29980,35.0000
2026-09-22T20:51:00+00:00,4397.10010,4398.10010,4396.89990,4398.10010,22.0000
2026-09-22T20:52:00+00:00,4398.00000,4398.00000,4396.29980,4396.29980,36.0000
2026-09-22T20:53:00+00:00,4396.50000,4397.29980,4396.50000,4397.29980,17.0000
2026-09-22T20:54:00+00:00,4397.20020,4397.70020,4396.50000,4396.50000,29.0000
2026-09-22T20:55:00+00:00,4396.29980,4396.89990,4396.20020,4396.50000,26.0000
2026-09-22T20:56:00+00:00,4396.20020,4396.70020,4396.10010,4396.70020,21.0000
2026-09-22T20:57:00+00:00,4396.79980,4397.00000,4396.10010,4396.20020,75.0000
2026-09-22T20:58:00+00:00,4396.50000,4396.50000,4395.79980,4396.39990,41.0000
2026-09-22T20:59:00+00:00,4396.39990,4397.20020,4393.50000,4396.20020,265.0000
2026-09-22T22:00:00+00:00,4394.70020,4398.89990,4394.70020,4398.20020,0.0000
2026-09-22T22:01:00+00:00,4398.50000,4400.79980,4398.39990,4400.50000,70.0000
2026-09-22T22:02:00+00:00,4400.60010,4400.70020,4399.20020,4399.39990,80.0000
2026-09-22T22:03:00+00:00,4399.29980,4400.00000,4399.20020,4399.50000,49.0000
2026-09-22T22:04:00+00:00,4400.00000,4401.20020,4399.39990,4401.10010,26.0000
2026-09-22T22:05:00+00:00,4401.20020,4401.79980,4400.70020,4401.60010,46.0000
2026-09-22T22:06:00+00:00,4401.50000,4402.79980,4401.50000,4401.60010,73.0000
2026-09-22T22:07:00+00:00,4401.60010,4401.79980,4400.79980,4400.79980,18.0000
2026-09-22T22:08:00+00:00,4400.39990,4400.39990,4399.39990,4399.60010,29.0000
2026-09-22T22:09:00+00:00,4399.60010,4400.70020,4399.60010,4399.79980,23.0000
2026-09-22T22:10:00+00:00,4399.89990,4399.89990,4399.20020,4399.29980,35.0000
2026-09-22T22:11:00+00:00,4399.50000,4399.89990,4399.20020,4399.89990,10.0000
2026-09-22T22:12:00+00:00,4400.20020,4402.00000,4400.20020,4401.50000,37.0000
2026-09-22T22:13:00+00:00,4401.50000,4401.50000,4400.60010,4400.60010,9.0000
2026-09-22T22:14:00+00:00,4400.79980,4402.39990,4400.79980,4402.20020,24.0000
2026-09-22T22:15:00+00:00,4401.89990,4402.20020,4401.39990,4401.39990,24.0000
2026-09-22T22:16:00+00:00,4401.79980,4401.79980,4401.29980,4401.70020,8.0000
2026-09-22T22:17:00+00:00,4401.70020,4401.70020,4400.89990,4400.89990,17.0000
2026-09-22T22:18:00+00:00,4400.89990,4401.29980,4400.89990,4401.20020,9.0000
2026-09-22T22:19:00+00:00,4401.20020,4402.00000,4400.89990,4402.00000,28.0000
2026-09-22T22:20:00+00:00,4401.60010,4401.79980,4400.50000,4401.10010,35.0000
2026-09-22T22:21:00+00:00,4401.10010,4401.50000,4400.39990,4401.00000,49.0000
2026-09-22T22:22:00+00:00,4401.00000,4401.39990,4400.60010,4400.89990,43.0000
2026-09-22T22:23:00+00:00,4400.70020,4400.89990,4400.39990,4400.60010,26.0000
2026-09-22T22:24:00+00:00,4400.79980,4402.10010,4400.79980,4402.10010,22.0000
2026-09-22T22:25:00+00:00,4402.10010,4402.39990,4401.70020,4401.70020,8.0000
2026-09-22T22:26:00+00:00,4401.60010,4401.89990,4401.50000,4401.70020,12.0000
2026-09-22T22:27:00+00:00,4401.70020,4402.50000,4401.70020,4402.50000,25.0000
2026-09-22T22:28:00+00:00,4402.20020,4402.79980,4402.10010,4402.79980,18.0000
2026-09-22T22:29:00+00:00,4402.89990,4403.50000,4401.10010,4403.00000,298.0000
2026-09-22T22:30:00+00:00,4402.89990,4402.89990,4401.50000,4402.00000,29.0000
2026-09-22T22:31:00+00:00,4401.70020,4402.50000,4401.60010,4401.89990,30.0000
2026-09-22T22:32:00+00:00,4402.10010,4402.60010,4402.10010,4402.20020,9.0000
2026-09-22T22:33:00+00:00,4402.29980,4402.89990,4402.00000,4402.89990,15.0000
2026-09-22T22:34:00+00:00,4402.70020,4403.79980,4402.50000,4402.60010,40.0000
2026-09-22T22:35:00+00:00,4402.79980,4403.20020,4402.70020,4402.79980,16.0000
2026-09-22T22:36:00+00:00,4402.60010,4402.70020,4401.79980,4402.00000,14.0000
2026-09-22T22:37:00+00:00,4402.00000,4402.20020,4402.00000,4402.20020,6.0000
2026-09-22T22:38:00+00:00,4402.29980,4402.39990,4402.00000,4402.39990,12.0000
2026-09-22T22:39:00+00:00,4402.50000,4403.20020,4402.29980,4402.29980,34.0000
2026-09-22T22:40:00+00:00,4402.50000,4402.50000,4402.10010,4402.20020,15.0000
2026-09-22T22:41:00+00:00,4402.39990,4402.79980,4402.00000,4402.00000,36.0000
2026-09-22T22:42:00+00:00,4402.29980,4402.79980,4402.29980,4402.70020,7.0000
2026-09-22T22:43:00+00:00,4403.00000,4403.39990,4402.70020,4402.89990,24.0000
2026-09-22T22:44:00+00:00,4402.70020,4402.79980,4401.29980,4401.39990,81.0000
2026-09-22T22:45:00+00:00,4401.39990,4401.60010,4400.70020,4400.89990,32.0000
2026-09-22T22:46:00+00:00,4401.39990,4401.39990,4400.79980,4400.79980,8.0000
2026-09-22T22:47:00+00:00,4401.20020,4401.50000,4401.00000,4401.50000,7.0000
2026-09-22T22:48:00+00:00,4401.20020,4401.20020,4400.50000,4400.70020,15.0000
2026-09-22T22:49:00+00:00,4400.60010,4400.70020,4400.29980,4400.29980,13.0000
2026-09-22T22:50:00+00:00,4400.60010,4401.20020,4398.89990,4399.00000,62.0000
2026-09-22T22:51:00+00:00,4399.29980,4400.70020,4399.29980,4400.50000,45.0000
2026-09-22T22:52:00+00:00,4400.20020,4400.50000,4400.10010,4400.29980,11.0000
2026-09-22T22:53:00+00:00,4400.20020,4401.39990,4400.20020,4401.00000,45.0000
2026-09-22T22:54:00+00:00,4400.89990,4400.89990,4400.50000,4400.79980,18.0000
2026-09-22T22:55:00+00:00,4400.89990,4401.50000,4400.89990,4401.20020,25.0000
2026-09-22T22:56:00+00:00,4401.10010,4401.10010,4399.89990,4400.39990,50.0000
2026-09-22T22:57:00+00:00,4400.29980,4400.39990,4400.20020,4400.39990,5.0000
2026-09-22T22:58:00+00:00,4400.00000,4400.70020,4399.89990,4400.39990,14.0000
2026-09-22T22:59:00+00:00,4400.39990,4400.89990,4400.39990,4400.60010,8.0000
2026-09-22T23:00:00+00:00,4400.79980,4402.70020,4400.29980,4401.50000,75.0000
2026-09-22T23:01:00+00:00,4401.39990,4402.10010,4401.00000,4401.00000,55.0000
2026-09-22T23:02:00+00:00,4401.29980,4401.70020,4401.20020,4401.20020,5.0000
2026-09-22T23:03:00+00:00,4401.50000,4402.00000,4401.50000,4401.79980,17.0000
2026-09-22T23:04:00+00:00,4402.00000,4402.20020,4401.50000,4402.20020,10.0000
2026-09-22T23:05:00+00:00,4402.00000,4402.20020,4401.00000,4401.00000,21.0000
2026-09-22T23:06:00+00:00,4401.29980,4401.50000,4401.20020,4401.29980,12.0000
2026-09-22T23:07:00+00:00,4401.20020,4401.20020,4401.00000,4401.00000,3.0000
2026-09-22T23:08:00+00:00,4400.89990,4401.50000,4400.70020,4401.10010,18.0000
2026-09-22T23:09:00+00:00,4401.39990,4401.70020,4401.39990,4401.70020,10.0000
2026-09-22T23:10:00+00:00,4401.70020,4402.20020,4401.50000,4401.70020,43.0000
2026-09-22T23:11:00+00:00,4401.50000,4401.50000,4400.50000,4401.00000,23.0000
2026-09-22T23:12:00+00:00,4400.70020,4400.79980,4399.29980,4399.39990,33.0000
2026-09-22T23:13:00+00:00,4399.79980,4400.39990,4399.29980,4400.39990,40.0000
2026-09-22T23:14:00+00:00,4400.00000,4400.10010,4399.50000,4400.10010,41.0000
2026-09-22T23:15:00+00:00,4400.00000,4400.00000,4398.89990,4399.20020,29.0000
2026-09-22T23:16:00+00:00,4399.60010,4399.89990,4399.20020,4399.50000,20.0000
2026-09-22T23:17:00+00:00,4399.50000,4401.70020,4399.00000,4401.29980,39.0000
2026-09-22T23:18:00+00:00,4401.79980,4402.00000,4401.79980,4402.00000,6.0000
2026-09-22T23:19:00+00:00,4402.29980,4404.10010,4402.20020,4403.39990,45.0000
2026-09-22T23:20:00+00:00,4403.39990,4403.39990,4401.60010,4401.79980,47.0000
2026-09-22T23:21:00+00:00,4401.79980,4402.89990,4401.70020,4402.39990,21.0000
2026-09-22T23:22:00+00:00,4402.00000,4403.50000,4402.00000,4402.70020,30.0000
2026-09-22T23:23:00+00:00,4402.29980,4402.70020,4402.29980,4402.60010,7.0000
2026-09-22T23:24:00+00:00,4402.79980,4403.00000,4402.29980,4402.29980,31.0000
2026-09-22T23:25:00+00:00,4402.39990,4402.39990,4401.10010,4401.20020,26.0000
2026-09-22T23:26:00+00:00,4401.20020,4401.39990,4401.00000,4401.00000,5.0000
2026-09-22T23:27:00+00:00,4401.00000,4401.20020,4401.00000,4401.10010,4.0000
2026-09-22T23:28:00+00:00,4401.20020,4401.20020,4401.20020,4401.20020,1.0000
2026-09-22T23:29:00+00:00,4401.60010,4402.29980,4401.50000,4402.29980,10.0000
2026-09-22T23:30:00+00:00,4402.10010,4402.79980,4401.50000,4402.79980,17.0000
2026-09-22T23:31:00+00:00,4402.89990,4403.00000,4402.00000,4402.00000,15.0000
2026-09-22T23:32:00+00:00,4402.10010,4402.10010,4401.89990,4402.00000,4.0000
2026-09-22T23:33:00+00:00,4402.29980,4402.39990,4402.10010,4402.39990,7.0000
2026-09-22T23:34:00+00:00,4402.29980,4402.29980,4402.00000,4402.00000,2.0000
2026-09-22T23:35:00+00:00,4401.50000,4401.70020,4401.39990,4401.70020,6.0000
2026-09-22T23:36:00+00:00,4401.60010,4402.50000,4399.10010,4401.70020,280.0000
2026-09-22T23:37:00+00:00,4401.39990,4401.89990,4401.29980,4401.39990,18.0000
2026-09-22T23:38:00+00:00,4401.70020,4403.00000,4401.70020,4402.29980,36.0000
2026-09-22T23:39:00+00:00,4402.39990,4402.39990,4401.20020,4402.00000,51.0000
2026-09-22T23:40:00+00:00,4401.50000,4401.50000,4401.50000,4401.50000,2.0000
2026-09-22T23:41:00+00:00,4402.39990,4403.10010,4402.39990,4402.89990,11.0000
2026-09-22T23:42:00+00:00,4402.50000,4402.50000,4402.50000,4402.50000,2.0000
2026-09-22T23:43:00+00:00,4402.60010,4403.29980,4402.60010,4402.79980,16.0000
2026-09-22T23:44:00+00:00,4403.10010,4403.29980,4401.60010,4402.20020,47.0000
2026-09-22T23:45:00+00:00,4402.70020,4402.70020,4401.10010,4401.60010,69.0000
2026-09-22T23:46:00+00:00,4401.70020,4401.89990,4401.00000,4401.20020,37.0000
2026-09-22T23:47:00+00:00,4401.00000,4401.20020,4398.89990,4399.29980,64.0000
2026-09-22T23:48:00+00:00,4399.00000,4399.39990,4398.79980,4399.00000,31.0000
2026-09-22T23:49:00+00:00,4398.79980,4398.79980,4397.70020,4398.20020,38.0000
2026-09-22T23:50:00+00:00,4398.39990,4398.39990,4396.39990,4396.79980,108.0000
2026-09-22T23:51:00+00:00,4397.00000,4398.20020,4396.89990,4396.89990,67.0000
2026-09-22T23:52:00+00:00,4396.89990,4398.70020,4396.89990,4398.60010,56.0000
2026-09-22T23:53:00+00:00,4398.60010,4399.60010,4398.50000,4398.79980,77.0000
2026-09-22T23:54:00+00:00,4398.79980,4401.70020,4398.79980,4401.29980,59.0000
2026-09-22T23:55:00+00:00,4401.60010,4403.39990,4400.20020,4400.39990,158.0000
2026-09-22T23:56:00+00:00,4400.70020,4400.70020,4399.89990,4400.39990,29.0000
2026-09-22T23:57:00+00:00,4400.60010,4402.70020,4400.60010,4402.70020,23.0000
2026-09-22T23:58:00+00:00,4403.00000,4403.50000,4400.70020,4400.79980,82.0000
2026-09-22T23:59:00+00:00,4401.00000,4402.29980,4401.00000,4402.00000,57.0000
2026-09-23T00:00:00+00:00,4401.39990,4402.50000,4400.50000,4401.10010,35.0000
2026-09-23T00:01:00+00:00,4400.89990,4403.70020,4400.89990,4402.20020,51.0000
2026-09-23T00:02:00+00:00,4402.79980,4407.50000,4402.79980,4406.70020,173.0000
2026-09-23T00:03:00+00:00,4406.50000,4406.79980,4405.50000,4406.29980,48.0000
2026-09-23T00:04:00+00:00,4406.00000,4406.39990,4404.70020,4405.10010,76.0000
2026-09-23T00:05:00+00:00,4404.60010,4404.79980,4402.00000,4402.60010,44.0000
2026-09-23T00:06:00+00:00,4402.00000,4402.10010,4401.29980,4401.29980,24.0000
2026-09-23T00:07:00+00:00,4401.39990,4401.50000,4399.50000,4400.20020,56.0000
2026-09-23T00:08:00+00:00,4400.10010,4400.39990,4399.39990,4399.79980,29.0000
2026-09-23T00:09:00+00:00,4399.50000,4401.70020,4399.50000,4401.00000,25.0000
2026-09-23T00:10:00+00:00,4400.50000,4401.79980,4399.89990,4401.10010,41.0000
2026-09-23T00:11:00+00:00,4401.70020,4403.00000,4401.39990,4402.10010,42.0000
2026-09-23T00:12:00+00:00,4402.39990,4403.70020,4402.39990,4403.70020,12.0000
2026-09-23T00:13:00+00:00,4403.79980,4404.00000,4402.20020,4402.89990,16.0000
2026-09-23T00:14:00+00:00,4402.39990,4403.89990,4402.39990,4403.39990,24.0000
2026-09-23T00:15:00+00:00,4403.10010,4403.89990,4402.39990,4402.39990,18.0000
2026-09-23T00:16:00+00:00,4402.50000,4403.20020,4402.00000,4403.00000,24.0000
2026-09-23T00:17:00+00:00,4403.29980,4403.39990,4401.50000,4401.50000,112.0000
2026-09-23T00:18:00+00:00,4401.20020,4402.00000,4400.60010,4401.50000,65.0000
2026-09-23T00:19:00+00:00,4401.20020,4402.79980,4401.10010,4401.29980,154.0000
2026-09-23T00:20:00+00:00,4401.29980,4401.29980,4398.60010,4400.10010,97.0000
2026-09-23T00:21:00+00:00,4399.70020,4401.39990,4399.50000,4400.29980,25.0000
2026-09-23T00:22:00+00:00,4400.00000,4400.00000,4397.79980,4398.00000,28.0000
2026-09-23T00:23:00+00:00,4398.10010,4399.00000,4397.89990,4398.20020,42.0000
2026-09-23T00:24:00+00:00,4398.20020,4398.50000,4397.60010,4398.10010,25.0000
2026-09-23T00:25:00+00:00,4398.39990,4399.39990,4398.10010,4399.29980,40.0000
2026-09-23T00:26:00+00:00,4399.10010,4399.10010,4397.39990,4397.60010,28.0000
2026-09-23T00:27:00+00:00,4397.50000,4397.70020,4397.20020,4397.39990,11.0000
2026-09-23T00:28:00+00:00,4397.20020,4397.70020,4396.50000,4396.60010,35.0000
2026-09-23T00:29:00+00:00,4396.20020,4397.39990,4396.20020,4396.60010,38.0000
2026-09-23T00:30:00+00:00,4396.29980,4397.29980,4395.70020,4397.00000,102.0000
2026-09-23T00:31:00+00:00,4397.00000,4399.20020,4397.00000,4397.89990,51.0000
2026-09-23T00:32:00+00:00,4398.20020,4398.29980,4396.50000,4397.20020,37.0000
2026-09-23T00:33:00+00:00,4396.89990,4398.39990,4396.20020,4396.70020,113.0000
2026-09-23T00:34:00+00:00,4397.20020,4397.20020,4396.20020,4396.50000,71.0000
2026-09-23T00:35:00+00:00,4396.60010,4396.70020,4395.50000,4396.20020,124.0000
2026-09-23T00:36:00+00:00,4396.29980,4397.20020,4395.89990,4396.79980,66.0000
2026-09-23T00:37:00+00:00,4396.79980,4396.79980,4395.29980,4395.70020,181.0000
2026-09-23T00:38:00+00:00,4396.00000,4396.00000,4392.29980,4394.00000,357.0000
2026-09-23T00:39:00+00:00,4394.39990,4395.60010,4394.00000,4394.89990,160.0000
2026-09-23T00:40:00+00:00,4394.79980,4396.29980,4393.89990,4395.89990,191.0000
2026-09-23T00:41:00+00:00,4396.00000,4396.20020,4393.50000,4394.20020,358.0000
2026-09-23T00:42:00+00:00,4394.00000,4395.00000,4393.20020,4394.89990,63.0000
2026-09-23T00:43:00+00:00,4394.29980,4396.50000,4393.79980,4396.39990,127.0000
2026-09-23T00:44:00+00:00,4396.00000,4396.79980,4395.29980,4396.60010,97.0000
2026-09-23T00:45:00+00:00,4396.50000,4397.79980,4396.20020,4397.39990,84.0000
2026-09-23T00:46:00+00:00,4397.39990,4398.20020,4396.89990,4397.00000,70.0000
2026-09-23T00:47:00+00:00,4397.00000,4397.20020,4395.79980,4396.00000,110.0000
2026-09-23T00:48:00+00:00,4395.79980,4396.60010,4395.20020,4395.29980,84.0000
2026-09-23T00:49:00+00:00,4395.50000,4395.50000,4394.20020,4394.50000,63.0000
2026-09-23T00:50:00+00:00,4394.70020,4394.79980,4394.10010,4394.60010,16.0000
2026-09-23T00:51:00+00:00,4395.00000,4396.10010,4395.00000,4395.60010,18.0000
2026-09-23T00:52:00+00:00,4395.70020,4396.10010,4395.10010,4395.70020,49.0000
2026-09-23T00:53:00+00:00,4395.60010,4396.00000,4394.79980,4395.39990,42.0000
2026-09-23T00:54:00+00:00,4395.20020,4395.20020,4394.20020,4394.20020,26.0000
2026-09-23T00:55:00+00:00,4394.39990,4394.89990,4394.20020,4394.60010,13.0000
2026-09-23T00:56:00+00:00,4395.00000,4395.10010,4394.70020,4394.89990,9.0000
2026-09-23T00:57:00+00:00,4394.79980,4395.60010,4394.60010,4394.89990,34.0000
2026-09-23T00:58:00+00:00,4395.10010,4395.20020,4394.29980,4394.29980,42.0000
2026-09-23T00:59:00+00:00,4394.39990,4396.00000,4393.60010,4394.79980,169.0000
2026-09-23T01:00:00+00:00,4395.00000,4396.60010,4392.29980,4393.39990,411.0000
2026-09-23T01:01:00+00:00,4393.29980,4394.29980,4389.89990,4392.20020,289.0000
2026-09-23T01:02:00+00:00,4392.29980,4393.50000,4390.00000,4390.70020,114.0000
2026-09-23T01:03:00+00:00,4390.70020,4390.79980,4388.60010,4388.89990,106.0000
2026-09-23T01:04:00+00:00,4389.10010,4390.50000,4387.60010,4388.39990,236.0000
2026-09-23T01:05:00+00:00,4388.70020,4389.39990,4387.39990,4389.39990,117.0000
2026-09-23T01:06:00+00:00,4389.39990,4390.20020,4388.50000,4389.20020,114.0000
2026-09-23T01:07:00+00:00,4389.20020,4390.50000,4388.00000,4388.89990,123.0000
2026-09-23T01:08:00+00:00,4388.60010,4388.79980,4387.60010,4388.29980,24.0000
2026-09-23T01:09:00+00:00,4388.29980,4388.70020,4387.70020,4388.00000,27.0000
2026-09-23T01:10:00+00:00,4387.79980,4387.89990,4384.29980,4384.79980,257.0000
2026-09-23T01:11:00+00:00,4385.00000,4385.10010,4383.39990,4384.29980,130.0000
2026-09-23T01:12:00+00:00,4384.60010,4386.50000,4384.20020,4386.00000,110.0000
2026-09-23T01:13:00+00:00,4386.10010,4386.70020,4384.89990,4385.39990,48.0000
2026-09-23T01:14:00+00:00,4386.00000,4387.00000,4385.29980,4387.00000,62.0000
2026-09-23T01:15:00+00:00,4386.89990,4386.89990,4383.39990,4384.20020,95.0000
2026-09-23T01:16:00+00:00,4384.20020,4385.39990,4384.20020,4385.20020,47.0000
2026-09-23T01:17:00+00:00,4385.20020,4385.20020,4383.50000,4383.89990,67.0000
2026-09-23T01:18:00+00:00,4384.10010,4384.60010,4382.89990,4383.20020,82.0000
2026-09-23T01:19:00+00:00,4383.00000,4385.79980,4382.89990,4385.39990,64.0000
2026-09-23T01:20:00+00:00,4384.89990,4386.20020,4384.20020,4386.00000,68.0000
2026-09-23T01:21:00+00:00,4385.79980,4386.29980,4385.29980,4386.29980,19.0000
2026-09-23T01:22:00+00:00,4386.00000,4386.00000,4384.20020,4384.29980,46.0000
2026-09-23T01:23:00+00:00,4384.20020,4385.20020,4383.79980,4384.50000,29.0000
2026-09-23T01:24:00+00:00,4385.39990,4385.39990,4384.79980,4385.10010,5.0000
2026-09-23T01:25:00+00:00,4384.39990,4384.39990,4381.89990,4382.10010,112.0000
2026-09-23T01:26:00+00:00,4382.39990,4382.79980,4381.20020,4381.20020,244.0000
2026-09-23T01:27:00+00:00,4381.10010,4381.89990,4380.29980,4381.20020,69.0000
2026-09-23T01:28:00+00:00,4381.39990,4381.60010,4379.79980,4381.00000,116.0000
2026-09-23T01:29:00+00:00,4381.00000,4381.00000,4379.39990,4380.70020,86.0000
2026-09-23T01:30:00+00:00,4380.60010,4380.70020,4378.70020,4379.60010,177.0000
2026-09-23T01:31:00+00:00,4379.39990,4380.79980,4378.70020,4379.00000,111.0000
2026-09-23T01:32:00+00:00,4378.89990,4380.50000,4378.60010,4380.50000,86.0000
2026-09-23T01:33:00+00:00,4380.79980,4381.10010,4380.39990,4380.60010,69.0000
2026-09-23T01:34:00+00:00,4380.50000,4381.50000,4380.10010,4380.60010,63.0000
2026-09-23T01:35:00+00:00,4380.60010,4381.39990,4380.29980,4381.20020,50.0000
2026-09-23T01:36:00+00:00,4381.50000,4383.39990,4381.50000,4383.00000,109.0000
2026-09-23T01:37:00+00:00,4382.79980,4382.79980,4381.79980,4381.79980,52.0000
2026-09-23T01:38:00+00:00,4381.70020,4382.60010,4380.79980,4381.89990,104.0000
2026-09-23T01:39:00+00:00,4382.00000,4382.79980,4382.00000,4382.70020,55.0000
2026-09-23T01:40:00+00:00,4382.70020,4383.20020,4380.20020,4381.20020,63.0000
2026-09-23T01:41:00+00:00,4381.29980,4382.00000,4379.10010,4379.50000,78.0000
2026-09-23T01:42:00+00:00,4379.50000,4381.20020,4379.50000,4381.20020,53.0000
2026-09-23T01:43:00+00:00,4381.20020,4382.50000,4381.00000,4381.39990,49.0000
2026-09-23T01:44:00+00:00,4381.29980,4382.20020,4381.20020,4381.79980,28.0000
2026-09-23T01:45:00+00:00,4381.89990,4382.20020,4380.89990,4380.89990,63.0000
2026-09-23T01:46:00+00:00,4380.79980,4383.70020,4380.79980,4382.39990,94.0000
2026-09-23T01:47:00+00:00,4382.39990,4383.10010,4381.79980,4382.00000,70.0000
2026-09-23T01:48:00+00:00,4382.00000,4382.70020,4381.00000,4382.39990,72.0000
2026-09-23T01:49:00+00:00,4382.70020,4383.50000,4381.70020,4382.70020,52.0000
2026-09-23T01:50:00+00:00,4382.39990,4383.00000,4381.39990,4383.00000,45.0000
2026-09-23T01:51:00+00:00,4382.89990,4383.50000,4381.10010,4381.10010,70.0000
2026-09-23T01:52:00+00:00,4381.00000,4381.60010,4380.00000,4380.39990,43.0000
2026-09-23T01:53:00+00:00,4380.29980,4380.79980,4379.50000,4380.00000,44.0000
2026-09-23T01:54:00+00:00,4379.39990,4379.50000,4377.60010,4377.79980,133.0000
2026-09-23T01:55:00+00:00,4377.60010,4378.39990,4376.50000,4377.20020,100.0000
2026-09-23T01:56:00+00:00,4377.00000,4377.70020,4376.10010,4376.29980,91.0000
2026-09-23T01:57:00+00:00,4376.29980,4378.00000,4375.89990,4377.10010,69.0000
2026-09-23T01:58:00+00:00,4377.29980,4378.00000,4377.29980,4378.00000,20.0000
2026-09-23T01:59:00+00:00,4378.00000,4378.60010,4377.20020,4378.29980,55.0000
2026-09-23T02:00:00+00:00,4378.20020,4378.29980,4377.29980,4377.70020,46.0000
2026-09-23T02:01:00+00:00,4377.70020,4378.10010,4377.10010,4377.39990,36.0000
2026-09-23T02:02:00+00:00,4377.10010,4377.20020,4375.79980,4377.10010,96.0000
2026-09-23T02:03:00+00:00,4376.79980,4376.79980,4375.00000,4376.39990,65.0000
2026-09-23T02:04:00+00:00,4376.39990,4376.89990,4375.39990,4375.39990,34.0000
2026-09-23T02:05:00+00:00,4376.00000,4376.50000,4375.60010,4376.00000,33.0000
2026-09-23T02:06:00+00:00,4376.10010,4376.29980,4375.70020,4376.29980,39.0000
2026-09-23T02:07:00+00:00,4376.39990,4376.60010,4374.70020,4375.10010,95.0000
2026-09-23T02:08:00+00:00,4375.29980,4376.39990,4375.29980,4375.29980,38.0000
2026-09-23T02:09:00+00:00,4374.89990,4375.60010,4374.79980,4375.39990,39.0000
2026-09-23T02:10:00+00:00,4375.00000,4375.29980,4374.70020,4375.10010,29.0000
2026-09-23T02:11:00+00:00,4375.20020,4376.50000,4375.20020,4375.79980,33.0000
2026-09-23T02:12:00+00:00,4375.79980,4376.00000,4374.79980,4375.10010,42.0000
2026-09-23T02:13:00+00:00,4375.29980,4375.39990,4374.29980,4374.79980,46.0000
2026-09-23T02:14:00+00:00,4374.89990,4375.00000,4374.00000,4374.10010,47.0000
2026-09-23T02:15:00+00:00,4374.29980,4374.29980,4372.29980,4372.89990,140.0000
2026-09-23T02:16:00+00:00,4372.89990,4373.70020,4372.50000,4373.20020,112.0000
2026-09-23T02:17:00+00:00,4373.20020,4374.10010,4372.70020,4373.20020,98.0000
2026-09-23T02:18:00+00:00,4373.29980,4373.39990,4372.29980,4372.39990,29.0000
2026-09-23T02:19:00+00:00,4372.29980,4373.60010,4371.29980,4372.70020,191.0000
2026-09-23T02:20:00+00:00,4372.50000,4372.70020,4371.60010,4372.00000,73.0000
2026-09-23T02:21:00+00:00,4372.10010,4373.20020,4371.60010,4372.70020,68.0000
2026-09-23T02:22:00+00:00,4372.89990,4374.60010,4371.60010,4374.39990,119.0000
2026-09-23T02:23:00+00:00,4374.29980,4374.79980,4374.10010,4374.50000,34.0000
2026-09-23T02:24:00+00:00,4374.29980,4375.20020,4374.10010,4374.89990,61.0000
2026-09-23T02:25:00+00:00,4374.70020,4375.70020,4374.50000,4374.89990,55.0000
2026-09-23T02:26:00+00:00,4375.10010,4376.10010,4374.79980,4375.70020,52.0000
2026-09-23T02:27:00+00:00,4375.60010,4376.70020,4375.60010,4376.20020,63.0000
2026-09-23T02:28:00+00:00,4376.10010,4376.20020,4375.00000,4375.70020,47.0000
2026-09-23T02:29:00+00:00,4375.79980,4375.79980,4374.89990,4375.29980,32.0000
2026-09-23T02:30:00+00:00,4375.50000,4376.20020,4374.10010,4374.79980,59.0000
2026-09-23T02:31:00+00:00,4374.50000,4375.50000,4374.20020,4374.50000,41.0000
2026-09-23T02:32:00+00:00,4374.39990,4374.50000,4373.50000,4374.39990,42.0000
2026-09-23T02:33:00+00:00,4374.60010,4374.60010,4373.79980,4374.00000,34.0000
2026-09-23T02:34:00+00:00,4374.10010,4375.20020,4373.79980,4375.20020,50.0000
2026-09-23T02:35:00+00:00,4374.50000,4375.50000,4374.39990,4375.50000,44.0000
2026-09-23T02:36:00+00:00,4375.39990,4375.70020,4372.29980,4372.70020,231.0000
2026-09-23T02:37:00+00:00,4372.79980,4373.39990,4371.29980,4371.39990,61.0000
2026-09-23T02:38:00+00:00,4371.60010,4373.10010,4371.39990,4372.60010,61.0000
2026-09-23T02:39:00+00:00,4372.79980,4372.79980,4370.20020,4370.89990,100.0000
2026-09-23T02:40:00+00:00,4370.89990,4372.50000,4370.79980,4372.00000,34.0000
2026-09-23T02:41:00+00:00,4371.70020,4372.29980,4371.60010,4372.29980,25.0000
2026-09-23T02:42:00+00:00,4372.20020,4373.79980,4371.89990,4373.79980,50.0000
2026-09-23T02:43:00+00:00,4374.00000,4374.20020,4373.70020,4374.20020,24.0000
2026-09-23T02:44:00+00:00,4374.00000,4374.00000,4373.20020,4374.00000,36.0000
2026-09-23T02:45:00+00:00,4374.00000,4374.39990,4373.70020,4373.70020,40.0000
2026-09-23T02:46:00+00:00,4373.39990,4374.89990,4373.10010,4374.60010,32.0000
2026-09-23T02:47:00+00:00,4374.50000,4374.50000,4372.89990,4372.89990,32.0000
2026-09-23T02:48:00+00:00,4373.20020,4374.00000,4373.20020,4373.60010,47.0000
2026-09-23T02:49:00+00:00,4374.00000,4374.00000,4371.79980,4372.00000,59.0000
2026-09-23T02:50:00+00:00,4372.20020,4373.10010,4371.29980,4373.10010,71.0000
2026-09-23T02:51:00+00:00,4373.00000,4373.00000,4371.70020,4372.60010,55.0000
2026-09-23T02:52:00+00:00,4373.00000,4373.50000,4372.70020,4373.20020,69.0000
2026-09-23T02:53:00+00:00,4373.60010,4373.70020,4373.00000,4373.00000,25.0000
2026-09-23T02:54:00+00:00,4373.10010,4373.10010,4372.89990,4373.00000,10.0000
2026-09-23T02:55:00+00:00,4372.79980,4372.79980,4370.39990,4370.50000,59.0000
2026-09-23T02:56:00+00:00,4370.79980,4371.20020,4370.20020,4370.50000,48.0000
2026-09-23T02:57:00+00:00,4370.60010,4371.79980,4370.10010,4371.50000,83.0000
2026-09-23T02:58:00+00:00,4371.89990,4372.20020,4371.20020,4371.50000,33.0000
2026-09-23T02:59:00+00:00,4371.00000,4371.10010,4370.20020,4370.70020,40.0000
2026-09-23T03:00:00+00:00,4370.70020,4371.20020,4370.10010,4371.10010,45.0000
2026-09-23T03:01:00+00:00,4370.89990,4371.39990,4370.00000,4371.20020,128.0000
2026-09-23T03:02:00+00:00,4371.00000,4371.00000,4370.60010,4370.70020,18.0000
2026-09-23T03:03:00+00:00,4370.70020,4371.29980,4370.50000,4370.79980,29.0000
2026-09-23T03:04:00+00:00,4371.00000,4372.39990,4371.00000,4371.89990,46.0000
2026-09-23T03:05:00+00:00,4371.79980,4372.29980,4371.70020,4372.10010,46.0000
2026-09-23T03:06:00+00:00,4371.70020,4371.89990,4371.10010,4371.79980,22.0000
2026-09-23T03:07:00+00:00,4371.89990,4372.39990,4371.10010,4371.60010,30.0000
2026-09-23T03:08:00+00:00,4371.50000,4372.60010,4371.39990,4372.20020,29.0000
2026-09-23T03:09:00+00:00,4372.60010,4373.89990,4372.50000,4372.70020,106.0000
2026-09-23T03:10:00+00:00,4372.50000,4373.00000,4372.39990,4372.89990,14.0000
2026-09-23T03:11:00+00:00,4372.89990,4374.70020,4372.89990,4374.39990,61.0000
2026-09-23T03:12:00+00:00,4374.20020,4375.50000,4374.20020,4375.29980,46.0000
2026-09-23T03:13:00+00:00,4375.50000,4376.39990,4375.20020,4376.10010,93.0000
2026-09-23T03:14:00+00:00,4376.20020,4376.60010,4375.50000,4375.50000,53.0000
2026-09-23T03:15:00+00:00,4375.89990,4376.10010,4374.50000,4374.50000,56.0000
2026-09-23T03:16:00+00:00,4374.20020,4374.79980,4373.89990,4374.50000,35.0000
2026-09-23T03:17:00+00:00,4374.70020,4375.00000,4374.29980,4374.29980,23.0000
2026-09-23T03:18:00+00:00,4374.10010,4374.10010,4372.60010,4372.89990,53.0000
2026-09-23T03:19:00+00:00,4372.79980,4373.79980,4372.79980,4373.50000,29.0000
2026-09-23T03:20:00+00:00,4373.20020,4373.39990,4373.00000,4373.10010,13.0000
2026-09-23T03:21:00+00:00,4373.39990,4374.10010,4373.29980,4374.10010,23.0000
2026-09-23T03:22:00+00:00,4374.50000,4375.39990,4374.29980,4375.10010,29.0000
2026-09-23T03:23:00+00:00,4375.20020,4376.29980,4375.10010,4376.29980,20.0000
2026-09-23T03:24:00+00:00,4376.00000,4377.20020,4376.00000,4376.60010,47.0000
2026-09-23T03:25:00+00:00,4376.20020,4377.20020,4375.79980,4377.20020,41.0000
2026-09-23T03:26:00+00:00,4377.10010,4377.10010,4375.89990,4376.00000,43.0000
2026-09-23T03:27:00+00:00,4376.20020,4376.20020,4374.89990,4375.00000,79.0000
2026-09-23T03:28:00+00:00,4374.89990,4375.79980,4374.89990,4375.60010,30.0000
2026-09-23T03:29:00+00:00,4375.20020,4375.39990,4374.89990,4375.00000,15.0000
2026-09-23T03:30:00+00:00,4374.70020,4376.20020,4374.10010,4376.10010,32.0000
2026-09-23T03:31:00+00:00,4376.29980,4376.79980,4376.00000,4376.60010,22.0000
2026-09-23T03:32:00+00:00,4376.70020,4376.70020,4375.89990,4375.89990,17.0000
2026-09-23T03:33:00+00:00,4375.89990,4377.10010,4375.89990,4376.60010,26.0000
2026-09-23T03:34:00+00:00,4376.79980,4377.60010,4375.79980,4376.10010,65.0000
2026-09-23T03:35:00+00:00,4376.39990,4376.89990,4376.39990,4376.89990,18.0000
2026-09-23T03:36:00+00:00,4376.89990,4377.00000,4376.60010,4376.60010,5.0000
2026-09-23T03:37:00+00:00,4376.29980,4376.79980,4376.00000,4376.00000,25.0000
2026-09-23T03:38:00+00:00,4376.39990,4376.50000,4376.00000,4376.00000,12.0000
2026-09-23T03:39:00+00:00,4376.10010,4376.79980,4375.70020,4376.70020,31.0000
2026-09-23T03:40:00+00:00,4376.79980,4378.00000,4376.70020,4377.60010,70.0000
2026-09-23T03:41:00+00:00,4377.60010,4378.70020,4377.60010,4378.70020,55.0000
2026-09-23T03:42:00+00:00,4378.70020,4378.70020,4377.70020,4378.00000,24.0000
2026-09-23T03:43:00+00:00,4377.89990,4378.20020,4377.79980,4378.20020,26.0000
2026-09-23T03:44:00+00:00,4378.00000,4378.50000,4377.39990,4378.50000,33.0000
2026-09-23T03:45:00+00:00,4378.50000,4379.10010,4378.50000,4379.00000,26.0000
2026-09-23T03:46:00+00:00,4379.00000,4379.10010,4378.70020,4378.70020,26.0000
2026-09-23T03:47:00+00:00,4378.70020,4379.29980,4378.60010,4379.00000,29.0000
2026-09-23T03:48:00+00:00,4378.89990,4379.79980,4378.50000,4379.60010,53.0000
2026-09-23T03:49:00+00:00,4379.29980,4379.39990,4378.79980,4379.00000,28.0000
2026-09-23T03:50:00+00:00,4379.00000,4379.39990,4378.70020,4379.39990,20.0000
2026-09-23T03:51:00+00:00,4379.39990,4380.10010,4379.39990,4379.70020,42.0000
2026-09-23T03:52:00+00:00,4379.89990,4381.00000,4379.89990,4380.79980,70.0000
2026-09-23T03:53:00+00:00,4381.10010,4381.50000,4380.39990,4380.89990,49.0000
2026-09-23T03:54:00+00:00,4380.79980,4381.39990,4380.70020,4381.29980,47.0000
2026-09-23T03:55:00+00:00,4381.29980,4381.89990,4380.70020,4381.39990,90.0000
2026-09-23T03:56:00+00:00,4381.60010,4382.39990,4381.00000,4381.50000,191.0000
2026-09-23T03:57:00+00:00,4381.39990,4381.79980,4380.39990,4381.29980,103.0000
2026-09-23T03:58:00+00:00,4381.60010,4381.89990,4379.79980,4380.00000,90.0000
2026-09-23T04:00:00+00:00,4379.39990,4380.89990,4379.20020,4380.50000,63.0000
2026-09-23T04:01:00+00:00,4380.29980,4381.20020,4380.10010,4380.60010,46.0000
2026-09-23T04:02:00+00:00,4380.39990,4380.89990,4380.20020,4380.29980,28.0000
2026-09-23T04:03:00+00:00,4380.10010,4381.20020,4380.10010,4380.50000,60.0000
2026-09-23T04:04:00+00:00,4380.60010,4381.79980,4380.60010,4381.50000,30.0000
2026-09-23T04:05:00+00:00,4381.29980,4381.70020,4381.10010,4381.70020,23.0000
2026-09-23T04:06:00+00:00,4381.70020,4382.70020,4381.39990,4382.39990,58.0000
2026-09-23T04:07:00+00:00,4382.20020,4382.70020,4381.89990,4382.00000,59.0000
2026-09-23T04:08:00+00:00,4382.00000,4382.29980,4381.79980,4382.20020,18.0000
2026-09-23T04:09:00+00:00,4382.29980,4382.39990,4381.70020,4381.70020,29.0000
2026-09-23T04:10:00+00:00,4381.60010,4381.89990,4381.20020,4381.70020,18.0000
2026-09-23T04:11:00+00:00,4381.50000,4382.29980,4381.10010,4382.29980,20.0000
2026-09-23T04:12:00+00:00,4382.39990,4383.79980,4382.39990,4383.29980,44.0000
2026-09-23T04:13:00+00:00,4383.20020,4383.50000,4383.00000,4383.29980,18.0000
2026-09-23T04:14:00+00:00,4383.50000,4384.20020,4382.89990,4383.10010,53.0000
2026-09-23T04:15:00+00:00,4382.89990,4383.29980,4382.60010,4383.29980,29.0000
2026-09-23T04:16:00+00:00,4383.29980,4383.50000,4383.00000,4383.00000,20.0000
2026-09-23T04:17:00+00:00,4382.50000,4382.79980,4381.79980,4382.50000,27.0000
2026-09-23T04:18:00+00:00,4383.00000,4383.79980,4382.70020,4383.79980,47.0000
2026-09-23T04:19:00+00:00,4384.00000,4384.29980,4383.70020,4383.89990,30.0000
2026-09-23T04:20:00+00:00,4383.39990,4384.00000,4383.39990,4383.60010,8.0000
2026-09-23T04:21:00+00:00,4383.39990,4384.39990,4383.20020,4384.39990,16.0000
2026-09-23T04:22:00+00:00,4384.20020,4384.20020,4382.39990,4382.39990,27.0000
2026-09-23T04:23:00+00:00,4382.39990,4382.39990,4381.70020,4381.79980,28.0000
2026-09-23T04:24:00+00:00,4381.70020,4382.00000,4381.60010,4381.79980,25.0000
2026-09-23T04:25:00+00:00,4382.39990,4382.39990,4382.39990,4382.39990,1.0000
2026-09-23T04:26:00+00:00,4382.39990,4382.39990,4382.29980,4382.29980,2.0000
2026-09-23T04:27:00+00:00,4382.39990,4382.39990,4381.79980,4382.00000,11.0000
2026-09-23T04:28:00+00:00,4382.00000,4382.29980,4381.89990,4382.00000,9.0000
2026-09-23T04:29:00+00:00,4382.20020,4382.39990,4382.20020,4382.29980,5.0000
2026-09-23T04:30:00+00:00,4382.39990,4382.60010,4382.10010,4382.10010,14.0000
2026-09-23T04:31:00+00:00,4382.10010,4383.39990,4382.10010,4383.39990,15.0000
2026-09-23T04:32:00+00:00,4382.89990,4382.89990,4382.50000,4382.50000,8.0000
2026-09-23T04:33:00+00:00,4382.29980,4382.39990,4381.20020,4382.10010,55.0000
2026-09-23T04:34:00+00:00,4382.10010,4382.39990,4382.00000,4382.39990,10.0000
2026-09-23T04:35:00+00:00,4382.89990,4383.79980,4382.89990,4383.39990,23.0000
2026-09-23T04:36:00+00:00,4383.10010,4383.20020,4383.10010,4383.20020,3.0000
2026-09-23T04:37:00+00:00,4383.29980,4383.29980,4383.29980,4383.29980,1.0000
2026-09-23T04:38:00+00:00,4382.89990,4382.89990,4382.10010,4382.20020,17.0000
2026-09-23T04:39:00+00:00,4382.10010,4382.10010,4381.20020,4381.60010,28.0000
2026-09-23T04:40:00+00:00,4381.60010,4381.60010,4380.79980,4381.20020,15.0000
2026-09-23T04:41:00+00:00,4381.20020,4381.39990,4380.79980,4380.89990,14.0000
2026-09-23T04:42:00+00:00,4381.00000,4381.20020,4380.50000,4381.20020,38.0000
2026-09-23T04:43:00+00:00,4381.00000,4382.79980,4381.00000,4382.10010,29.0000
2026-09-23T04:44:00+00:00,4382.00000,4382.00000,4381.50000,4381.50000,11.0000
2026-09-23T04:45:00+00:00,4381.50000,4382.20020,4381.50000,4381.60010,10.0000
2026-09-23T04:46:00+00:00,4381.60010,4382.00000,4381.29980,4382.00000,7.0000
2026-09-23T04:47:00+00:00,4382.39990,4383.00000,4382.20020,4383.00000,33.0000
2026-09-23T04:48:00+00:00,4382.79980,4383.29980,4382.50000,4383.20020,32.0000
2026-09-23T04:49:00+00:00,4382.79980,4383.79980,4382.70020,4383.79980,29.0000
2026-09-23T04:50:00+00:00,4383.79980,4383.79980,4383.00000,4383.29980,33.0000
2026-09-23T04:51:00+00:00,4383.00000,4383.20020,4382.39990,4382.60010,20.0000
2026-09-23T04:52:00+00:00,4382.60010,4382.79980,4381.79980,4381.89990,14.0000
2026-09-23T04:53:00+00:00,4381.79980,4382.00000,4380.79980,4380.79980,26.0000
2026-09-23T04:54:00+00:00,4381.10010,4382.29980,4380.70020,4382.10010,35.0000
2026-09-23T04:55:00+00:00,4382.10010,4382.10010,4380.79980,4380.79980,16.0000
2026-09-23T04:56:00+00:00,4380.79980,4381.79980,4380.79980,4381.79980,32.0000
2026-09-23T04:57:00+00:00,4381.79980,4382.10010,4380.89990,4381.39990,23.0000
2026-09-23T04:58:00+00:00,4381.39990,4381.89990,4381.39990,4381.89990,23.0000
2026-09-23T04:59:00+00:00,4381.60010,4381.60010,4381.00000,4381.00000,5.0000
2026-09-23T05:00:00+00:00,4381.20020,4381.20020,4380.20020,4380.39990,47.0000
2026-09-23T05:01:00+00:00,4380.39990,4380.60010,4379.60010,4379.60010,95.0000
2026-09-23T05:02:00+00:00,4379.50000,4380.29980,4379.50000,4380.20020,38.0000
2026-09-23T05:03:00+00:00,4380.20020,4380.79980,4379.50000,4380.39990,59.0000
2026-09-23T05:04:00+00:00,4380.70020,4382.50000,4380.70020,4381.60010,84.0000
2026-09-23T05:05:00+00:00,4381.10010,4382.89990,4381.10010,4382.70020,44.0000
2026-09-23T05:06:00+00:00,4382.70020,4382.89990,4382.10010,4382.10010,110.0000
2026-09-23T05:07:00+00:00,4382.20020,4382.39990,4382.10010,4382.39990,5.0000
2026-09-23T05:08:00+00:00,4382.10010,4382.10010,4381.29980,4381.29980,17.0000
2026-09-23T05:09:00+00:00,4381.50000,4381.50000,4380.70020,4381.00000,11.0000
2026-09-23T05:10:00+00:00,4380.70020,4380.70020,4379.79980,4380.29980,41.0000
2026-09-23T05:11:00+00:00,4380.10010,4380.10010,4379.89990,4380.00000,5.0000
2026-09-23T05:12:00+00:00,4379.89990,4380.20020,4379.89990,4380.20020,8.0000
2026-09-23T05:13:00+00:00,4380.39990,4380.39990,4380.39990,4380.39990,2.0000
2026-09-23T05:14:00+00:00,4380.00000,4380.00000,4379.20020,4379.39990,27.0000
2026-09-23T05:15:00+00:00,4379.79980,4379.89990,4379.29980,4379.29980,294.0000
2026-09-23T05:16:00+00:00,4379.29980,4380.10010,4379.29980,4380.10010,21.0000
2026-09-23T05:17:00+00:00,4380.20020,4380.50000,4380.20020,4380.20020,8.0000
2026-09-23T05:18:00+00:00,4380.29980,4380.50000,4379.79980,4380.00000,8.0000
2026-09-23T05:19:00+00:00,4379.70020,4379.89990,4378.70020,4379.50000,59.0000
2026-09-23T05:20:00+00:00,4379.39990,4379.79980,4378.70020,4379.39990,50.0000
2026-09-23T05:21:00+00:00,4379.29980,4380.00000,4379.29980,4380.00000,12.0000
2026-09-23T05:22:00+00:00,4379.70020,4379.79980,4378.79980,4379.10010,29.0000
2026-09-23T05:23:00+00:00,4379.00000,4380.00000,4378.89990,4379.79980,26.0000
2026-09-23T05:24:00+00:00,4379.79980,4379.79980,4378.89990,4379.29980,10.0000
2026-09-23T05:25:00+00:00,4378.89990,4380.70020,4378.89990,4380.50000,27.0000
2026-09-23T05:26:00+00:00,4380.29980,4380.29980,4379.20020,4379.39990,14.0000
2026-09-23T05:27:00+00:00,4379.29980,4379.60010,4379.10010,4379.10010,9.0000
2026-09-23T05:28:00+00:00,4378.70020,4378.79980,4378.20020,4378.39990,18.0000
2026-09-23T05:29:00+00:00,4378.20020,4378.60010,4377.29980,4378.20020,51.0000
2026-09-23T05:30:00+00:00,4378.20020,4379.39990,4377.70020,4378.00000,165.0000
2026-09-23T05:31:00+00:00,4377.89990,4378.20020,4375.50000,4376.00000,116.0000
2026-09-23T05:32:00+00:00,4375.89990,4376.60010,4374.89990,4375.29980,60.0000
2026-09-23T05:33:00+00:00,4375.60010,4376.00000,4374.79980,4375.39990,79.0000
2026-09-23T05:34:00+00:00,4375.20020,4375.60010,4374.70020,4374.79980,47.0000
2026-09-23T05:35:00+00:00,4375.10010,4375.10010,4374.10010,4374.89990,44.0000
2026-09-23T05:36:00+00:00,4374.79980,4374.79980,4373.70020,4374.39990,83.0000
2026-09-23T05:37:00+00:00,4374.39990,4374.50000,4373.20020,4373.20020,29.0000
2026-09-23T05:38:00+00:00,4373.10010,4373.20020,4371.60010,4372.70020,104.0000
2026-09-23T05:39:00+00:00,4372.50000,4372.60010,4371.70020,4371.89990,37.0000
2026-09-23T05:40:00+00:00,4372.00000,4372.39990,4371.60010,4371.79980,50.0000
2026-09-23T05:41:00+00:00,4371.89990,4373.79980,4371.89990,4373.10010,95.0000
2026-09-23T05:42:00+00:00,4373.29980,4373.29980,4371.79980,4372.39990,50.0000
2026-09-23T05:43:00+00:00,4372.20020,4372.29980,4366.60010,4366.70020,473.0000
2026-09-23T05:44:00+00:00,4367.00000,4368.20020,4366.20020,4366.79980,275.0000
2026-09-23T05:45:00+00:00,4366.89990,4369.00000,4366.89990,4368.60010,114.0000
2026-09-23T05:46:00+00:00,4368.79980,4368.89990,4367.70020,4368.10010,57.0000
2026-09-23T05:47:00+00:00,4368.29980,4368.50000,4367.39990,4367.89990,31.0000
2026-09-23T05:48:00+00:00,4368.10010,4368.39990,4367.70020,4368.20020,28.0000
2026-09-23T05:49:00+00:00,4368.20020,4368.50000,4366.29980,4366.70020,71.0000
2026-09-23T05:50:00+00:00,4366.70020,4368.10010,4365.10010,4367.89990,142.0000
2026-09-23T05:51:00+00:00,4367.89990,4368.50000,4367.60010,4368.50000,40.0000
2026-09-23T05:52:00+00:00,4368.10010,4369.29980,4367.89990,4368.10010,102.0000
2026-09-23T05:53:00+00:00,4368.29980,4369.50000,4368.29980,4369.39990,31.0000
2026-09-23T05:54:00+00:00,4369.60010,4370.60010,4369.60010,4370.00000,55.0000
2026-09-23T05:55:00+00:00,4370.20020,4371.00000,4369.79980,4371.00000,51.0000
2026-09-23T05:56:00+00:00,4370.89990,4372.39990,4370.70020,4372.29980,108.0000
2026-09-23T05:57:00+00:00,4372.50000,4372.50000,4371.89990,4372.29980,27.0000
2026-09-23T05:58:00+00:00,4372.29980,4372.50000,4370.70020,4371.50000,54.0000
2026-09-23T05:59:00+00:00,4371.20020,4372.39990,4371.20020,4372.29980,46.0000
2026-09-23T06:00:00+00:00,4371.79980,4374.10010,4371.39990,4371.89990,196.0000
2026-09-23T06:01:00+00:00,4372.00000,4373.10010,4371.89990,4373.10010,88.0000
2026-09-23T06:02:00+00:00,4372.79980,4373.39990,4372.00000,4373.20020,81.0000
2026-09-23T06:03:00+00:00,4373.50000,4373.50000,4372.29980,4373.00000,64.0000
2026-09-23T06:04:00+00:00,4373.20020,4373.29980,4370.89990,4372.20020,98.0000
2026-09-23T06:05:00+00:00,4372.29980,4372.79980,4371.39990,4372.39990,65.0000
2026-09-23T06:06:00+00:00,4372.00000,4372.60010,4370.79980,4372.60010,76.0000
2026-09-23T06:07:00+00:00,4372.50000,4372.79980,4371.29980,4371.50000,48.0000
2026-09-23T06:08:00+00:00,4371.70020,4371.70020,4369.60010,4370.00000,60.0000
2026-09-23T06:09:00+00:00,4370.20020,4370.29980,4368.70020,4368.89990,69.0000
2026-09-23T06:10:00+00:00,4368.50000,4368.79980,4367.39990,4368.29980,139.0000
2026-09-23T06:11:00+00:00,4368.29980,4368.79980,4367.20020,4367.79980,64.0000
2026-09-23T06:12:00+00:00,4368.10010,4368.10010,4367.20020,4367.29980,64.0000
2026-09-23T06:13:00+00:00,4367.29980,4367.39990,4366.79980,4367.10010,95.0000
2026-09-23T06:14:00+00:00,4367.20020,4368.00000,4366.50000,4368.00000,44.0000
2026-09-23T06:15:00+00:00,4367.70020,4367.79980,4364.70020,4364.79980,173.0000
2026-09-23T06:16:00+00:00,4364.70020,4365.50000,4364.39990,4364.89990,69.0000
2026-09-23T06:17:00+00:00,4365.20020,4366.00000,4365.10010,4366.00000,56.0000
2026-09-23T06:18:00+00:00,4365.50000,4367.10010,4365.39990,4366.60010,112.0000
2026-09-23T06:19:00+00:00,4367.00000,4367.20020,4366.50000,4366.70020,48.0000
2026-09-23T06:20:00+00:00,4366.50000,4367.20020,4366.10010,4366.60010,36.0000
2026-09-23T06:21:00+00:00,4366.29980,4366.29980,4363.29980,4363.60010,148.0000
2026-09-23T06:22:00+00:00,4363.89990,4366.50000,4363.70020,4366.50000,61.0000
2026-09-23T06:23:00+00:00,4366.29980,4367.10010,4365.00000,4365.20020,48.0000
2026-09-23T06:24:00+00:00,4365.70020,4367.10010,4365.70020,4367.10010,78.0000
2026-09-23T06:25:00+00:00,4367.29980,4368.29980,4367.20020,4368.00000,132.0000
2026-09-23T06:26:00+00:00,4367.79980,4368.10010,4366.29980,4367.10010,139.0000
2026-09-23T06:27:00+00:00,4366.79980,4367.20020,4366.60010,4367.20020,28.0000
2026-09-23T06:28:00+00:00,4366.60010,4366.89990,4365.89990,4366.29980,25.0000
2026-09-23T06:29:00+00:00,4366.20020,4366.79980,4365.89990,4365.89990,26.0000
2026-09-23T06:30:00+00:00,4366.20020,4367.39990,4365.70020,4367.20020,67.0000
2026-09-23T06:31:00+00:00,4367.10010,4368.79980,4366.89990,4368.79980,64.0000
2026-09-23T06:32:00+00:00,4368.50000,4368.89990,4367.89990,4368.50000,49.0000
2026-09-23T06:33:00+00:00,4368.60010,4369.10010,4367.60010,4367.70020,95.0000
2026-09-23T06:34:00+00:00,4367.89990,4369.10010,4367.89990,4368.60010,48.0000
2026-09-23T06:35:00+00:00,4369.00000,4370.10010,4368.39990,4368.60010,112.0000
2026-09-23T06:36:00+00:00,4368.70020,4370.39990,4368.50000,4370.10010,38.0000
2026-09-23T06:37:00+00:00,4369.70020,4370.10010,4369.60010,4370.10010,22.0000
2026-09-23T06:38:00+00:00,4369.50000,4370.10010,4368.89990,4370.10010,43.0000
2026-09-23T06:39:00+00:00,4370.00000,4370.60010,4370.00000,4370.50000,41.0000
2026-09-23T06:40:00+00:00,4370.70020,4371.50000,4370.10010,4370.79980,68.0000
2026-09-23T06:41:00+00:00,4370.70020,4371.79980,4370.70020,4370.70020,38.0000
2026-09-23T06:42:00+00:00,4370.89990,4370.89990,4370.20020,4370.20020,34.0000
2026-09-23T06:43:00+00:00,4370.39990,4370.60010,4370.00000,4370.29980,17.0000
2026-09-23T06:44:00+00:00,4370.20020,4371.50000,4370.20020,4371.10010,26.0000
2026-09-23T06:45:00+00:00,4371.10010,4371.10010,4368.79980,4368.79980,67.0000
2026-09-23T06:46:00+00:00,4368.60010,4369.70020,4368.10010,4369.60010,74.0000
2026-09-23T06:47:00+00:00,4369.50000,4371.60010,4369.50000,4371.50000,71.0000
2026-09-23T06:48:00+00:00,4371.79980,4374.10010,4371.10010,4373.20020,155.0000
2026-09-23T06:49:00+00:00,4373.29980,4374.00000,4372.79980,4372.89990,63.0000
2026-09-23T06:50:00+00:00,4372.89990,4372.89990,4371.79980,4371.89990,50.0000
2026-09-23T06:51:00+00:00,4372.00000,4373.20020,4372.00000,4372.20020,25.0000
2026-09-23T06:52:00+00:00,4372.20020,4372.20020,4371.39990,4371.39990,27.0000
2026-09-23T06:53:00+00:00,4371.10010,4371.10010,4370.00000,4370.70020,63.0000
2026-09-23T06:54:00+00:00,4370.29980,4370.29980,4370.29980,4370.29980,1.0000
2026-09-23T06:55:00+00:00,4370.20020,4370.20020,4369.39990,4369.89990,27.0000
2026-09-23T06:56:00+00:00,4369.60010,4369.89990,4369.10010,4369.79980,60.0000
2026-09-23T06:57:00+00:00,4369.79980,4369.89990,4368.20020,4368.79980,40.0000
2026-09-23T06:58:00+00:00,4368.79980,4368.89990,4367.39990,4367.39990,147.0000
2026-09-23T06:59:00+00:00,4367.39990,4368.50000,4367.10010,4368.50000,67.0000
2026-09-23T07:00:00+00:00,4367.79980,4369.60010,4366.50000,4366.60010,129.0000
2026-09-23T07:01:00+00:00,4366.50000,4369.00000,4366.50000,4368.70020,58.0000
2026-09-23T07:02:00+00:00,4368.79980,4368.79980,4367.20020,4367.20020,26.0000
2026-09-23T07:03:00+00:00,4367.39990,4369.50000,4367.20020,4369.50000,49.0000
2026-09-23T07:04:00+00:00,4369.39990,4369.39990,4367.39990,4368.00000,61.0000
2026-09-23T07:05:00+00:00,4368.00000,4368.29980,4366.20020,4366.70020,114.0000
2026-09-23T07:06:00+00:00,4366.39990,4367.89990,4366.20020,4366.50000,58.0000
2026-09-23T07:07:00+00:00,4366.39990,4366.79980,4365.00000,4365.70020,153.0000
2026-09-23T07:08:00+00:00,4365.60010,4366.29980,4365.20020,4365.29980,98.0000
2026-09-23T07:09:00+00:00,4365.39990,4365.39990,4364.20020,4365.20020,106.0000
2026-09-23T07:10:00+00:00,4365.20020,4365.20020,4363.60010,4364.29980,65.0000
2026-09-23T07:11:00+00:00,4364.29980,4365.50000,4363.39990,4364.10010,191.0000
2026-09-23T07:12:00+00:00,4363.89990,4364.00000,4361.79980,4362.00000,313.0000
2026-09-23T07:13:00+00:00,4361.79980,4364.10010,4361.00000,4363.50000,279.0000
2026-09-23T07:14:00+00:00,4363.79980,4363.89990,4360.50000,4361.50000,228.0000
2026-09-23T07:15:00+00:00,4361.70020,4364.29980,4361.50000,4364.00000,478.0000
2026-09-23T07:16:00+00:00,4364.20020,4365.39990,4363.60010,4365.39990,58.0000
2026-09-23T07:17:00+00:00,4365.39990,4365.39990,4363.70020,4363.79980,61.0000
2026-09-23T07:18:00+00:00,4363.89990,4364.20020,4363.39990,4363.70020,55.0000
2026-09-23T07:19:00+00:00,4364.10010,4364.20020,4362.39990,4362.89990,132.0000
2026-09-23T07:20:00+00:00,4362.70020,4363.89990,4362.39990,4363.70020,65.0000
2026-09-23T07:21:00+00:00,4363.70020,4364.00000,4363.50000,4363.89990,77.0000
2026-09-23T07:22:00+00:00,4363.70020,4363.79980,4363.10010,4363.60010,57.0000
2026-09-23T07:23:00+00:00,4363.10010,4363.10010,4361.89990,4362.50000,49.0000
2026-09-23T07:24:00+00:00,4362.70020,4363.20020,4362.70020,4363.00000,47.0000
2026-09-23T07:25:00+00:00,4362.79980,4362.79980,4360.79980,4361.20020,77.0000
2026-09-23T07:26:00+00:00,4361.10010,4361.29980,4359.70020,4359.79980,173.0000
2026-09-23T07:27:00+00:00,4359.50000,4360.70020,4358.89990,4360.70020,218.0000
2026-09-23T07:28:00+00:00,4360.70020,4362.10010,4360.39990,4360.89990,147.0000
2026-09-23T07:29:00+00:00,4360.79980,4361.50000,4360.00000,4360.79980,104.0000
2026-09-23T07:30:00+00:00,4360.70020,4362.20020,4358.29980,4360.00000,569.0000
2026-09-23T07:31:00+00:00,4360.10010,4361.10010,4358.50000,4359.10010,120.0000
2026-09-23T07:32:00+00:00,4358.89990,4359.39990,4358.00000,4359.20020,100.0000
2026-09-23T07:33:00+00:00,4358.79980,4358.89990,4356.70020,4356.79980,136.0000
2026-09-23T07:34:00+00:00,4357.10010,4358.10010,4357.00000,4357.39990,125.0000
2026-09-23T07:35:00+00:00,4357.20020,4357.50000,4356.10010,4356.29980,121.0000
2026-09-23T07:36:00+00:00,4356.39990,4357.00000,4356.20020,4356.60010,44.0000
2026-09-23T07:37:00+00:00,4356.70020,4360.00000,4356.39990,4360.00000,123.0000
2026-09-23T07:38:00+00:00,4359.70020,4360.00000,4359.20020,4359.60010,52.0000
2026-09-23T07:39:00+00:00,4360.00000,4360.20020,4358.60010,4358.70020,58.0000
2026-09-23T07:40:00+00:00,4358.60010,4359.10010,4358.20020,4358.50000,53.0000
2026-09-23T07:41:00+00:00,4358.79980,4358.89990,4357.39990,4358.29980,62.0000
2026-09-23T07:42:00+00:00,4358.39990,4359.10010,4358.29980,4359.10010,173.0000
2026-09-23T07:43:00+00:00,4359.00000,4359.79980,4358.50000,4359.60010,138.0000
2026-09-23T07:44:00+00:00,4359.89990,4360.10010,4358.00000,4359.20020,82.0000
2026-09-23T07:45:00+00:00,4359.20020,4359.70020,4359.00000,4359.50000,46.0000
2026-09-23T07:46:00+00:00,4359.50000,4359.70020,4358.89990,4359.00000,35.0000
2026-09-23T07:47:00+00:00,4358.79980,4359.29980,4357.89990,4358.39990,57.0000
2026-09-23T07:48:00+00:00,4358.10010,4358.89990,4357.70020,4358.39990,51.0000
2026-09-23T07:49:00+00:00,4358.60010,4359.79980,4358.60010,4359.70020,62.0000
2026-09-23T07:50:00+00:00,4359.79980,4360.39990,4359.50000,4360.29980,60.0000
2026-09-23T07:51:00+00:00,4360.20020,4362.10010,4360.10010,4361.60010,104.0000
2026-09-23T07:52:00+00:00,4361.39990,4361.79980,4360.39990,4360.70020,72.0000
2026-09-23T07:53:00+00:00,4360.70020,4361.39990,4359.50000,4359.60010,64.0000
2026-09-23T07:54:00+00:00,4359.39990,4359.39990,4358.39990,4359.10010,28.0000
2026-09-23T07:55:00+00:00,4358.79980,4360.20020,4358.79980,4359.70020,32.0000
2026-09-23T07:56:00+00:00,4359.50000,4362.29980,4359.20020,4361.79980,148.0000
2026-09-23T07:57:00+00:00,4362.00000,4362.00000,4358.20020,4358.70020,303.0000
2026-09-23T07:58:00+00:00,4358.60010,4358.60010,4356.39990,4356.60010,132.0000
2026-09-23T07:59:00+00:00,4356.79980,4356.89990,4355.10010,4356.20020,236.0000
2026-09-23T08:00:00+00:00,4356.20020,4358.29980,4356.00000,4357.00000,193.0000
2026-09-23T08:01:00+00:00,4357.00000,4357.50000,4355.00000,4356.60010,364.0000
2026-09-23T08:02:00+00:00,4356.79980,4358.39990,4356.79980,4357.20020,118.0000
2026-09-23T08:03:00+00:00,4356.70020,4357.39990,4356.10010,4356.79980,44.0000
2026-09-23T08:04:00+00:00,4357.20020,4357.20020,4356.20020,4356.70020,36.0000
2026-09-23T08:05:00+00:00,4356.29980,4357.00000,4355.39990,4355.70020,48.0000
2026-09-23T08:06:00+00:00,4355.79980,4357.60010,4355.10010,4357.39990,74.0000
2026-09-23T08:07:00+00:00,4357.60010,4358.00000,4356.50000,4357.79980,65.0000
2026-09-23T08:08:00+00:00,4357.29980,4357.50000,4355.89990,4356.50000,59.0000
2026-09-23T08:09:00+00:00,4356.50000,4356.50000,4354.39990,4355.20020,107.0000
2026-09-23T08:10:00+00:00,4355.50000,4355.60010,4354.60010,4355.39990,34.0000
2026-09-23T08:11:00+00:00,4354.89990,4355.50000,4354.20020,4354.39990,42.0000
2026-09-23T08:12:00+00:00,4354.39990,4356.00000,4353.79980,4355.79980,101.0000
2026-09-23T08:13:00+00:00,4356.60010,4356.70020,4355.79980,4356.20020,57.0000
2026-09-23T08:14:00+00:00,4356.10010,4356.60010,4355.70020,4356.60010,37.0000
2026-09-23T08:15:00+00:00,4356.70020,4357.20020,4356.29980,4357.20020,72.0000
2026-09-23T08:16:00+00:00,4357.10010,4357.39990,4356.39990,4357.20020,104.0000
2026-09-23T08:17:00+00:00,4357.20020,4357.20020,4354.10010,4354.89990,103.0000
2026-09-23T08:18:00+00:00,4355.20020,4355.20020,4354.10010,4354.60010,44.0000
2026-09-23T08:19:00+00:00,4354.79980,4355.60010,4354.39990,4355.60010,97.0000
2026-09-23T08:20:00+00:00,4355.50000,4356.89990,4355.20020,4356.39990,76.0000
2026-09-23T08:21:00+00:00,4356.29980,4357.70020,4356.10010,4357.00000,40.0000
2026-09-23T08:22:00+00:00,4357.10010,4357.89990,4356.60010,4357.89990,61.0000
2026-09-23T08:23:00+00:00,4358.00000,4358.60010,4357.20020,4357.39990,159.0000
2026-09-23T08:24:00+00:00,4357.50000,4358.89990,4357.29980,4358.79980,52.0000
2026-09-23T08:25:00+00:00,4358.60010,4359.79980,4357.10010,4357.29980,221.0000
2026-09-23T08:26:00+00:00,4357.29980,4357.39990,4355.89990,4356.60010,66.0000
2026-09-23T08:27:00+00:00,4356.89990,4357.29980,4356.70020,4357.10010,30.0000
2026-09-23T08:28:00+00:00,4356.79980,4357.10010,4356.20020,4357.00000,25.0000
2026-09-23T08:29:00+00:00,4357.10010,4357.39990,4355.79980,4356.20020,71.0000
2026-09-23T08:30:00+00:00,4356.00000,4357.29980,4355.39990,4356.29980,60.0000
2026-09-23T08:31:00+00:00,4356.60010,4356.60010,4354.29980,4354.50000,201.0000
2026-09-23T08:32:00+00:00,4354.50000,4355.10010,4353.60010,4354.20020,79.0000
2026-09-23T08:33:00+00:00,4354.00000,4355.20020,4353.39990,4355.20020,98.0000
2026-09-23T08:34:00+00:00,4355.29980,4355.39990,4354.79980,4355.39990,24.0000
2026-09-23T08:35:00+00:00,4355.79980,4356.10010,4355.39990,4355.60010,35.0000
2026-09-23T08:36:00+00:00,4355.39990,4357.10010,4355.39990,4356.79980,76.0000
2026-09-23T08:37:00+00:00,4356.89990,4357.29980,4355.00000,4355.39990,62.0000
2026-09-23T08:38:00+00:00,4354.89990,4354.89990,4352.89990,4354.20020,125.0000
2026-09-23T08:39:00+00:00,4354.10010,4354.70020,4353.70020,4354.10010,59.0000
2026-09-23T08:40:00+00:00,4354.10010,4354.50000,4353.39990,4354.50000,88.0000
2026-09-23T08:41:00+00:00,4354.89990,4355.60010,4354.79980,4355.29980,35.0000
2026-09-23T08:42:00+00:00,4355.00000,4355.00000,4353.20020,4353.29980,28.0000
2026-09-23T08:43:00+00:00,4353.29980,4353.70020,4352.70020,4353.20020,37.0000
2026-09-23T08:44:00+00:00,4353.00000,4353.60010,4352.89990,4353.60010,23.0000
2026-09-23T08:45:00+00:00,4353.29980,4354.20020,4353.10010,4354.20020,53.0000
2026-09-23T08:46:00+00:00,4354.39990,4354.70020,4353.89990,4354.29980,33.0000
2026-09-23T08:47:00+00:00,4354.00000,4354.39990,4352.20020,4353.10010,133.0000
2026-09-23T08:48:00+00:00,4353.39990,4355.00000,4353.29980,4354.89990,36.0000
2026-09-23T08:49:00+00:00,4355.00000,4356.29980,4354.70020,4356.00000,72.0000
2026-09-23T08:50:00+00:00,4355.70020,4355.70020,4354.79980,4355.39990,49.0000
2026-09-23T08:51:00+00:00,4355.29980,4355.29980,4353.50000,4353.70020,43.0000
2026-09-23T08:52:00+00:00,4353.70020,4354.60010,4353.50000,4353.89990,70.0000
2026-09-23T08:53:00+00:00,4354.00000,4355.10010,4353.79980,4354.10010,42.0000
2026-09-23T08:54:00+00:00,4354.29980,4354.50000,4353.70020,4353.89990,24.0000
2026-09-23T08:55:00+00:00,4354.10010,4354.79980,4354.00000,4354.70020,35.0000
2026-09-23T08:56:00+00:00,4354.70020,4354.79980,4353.70020,4353.70020,24.0000
2026-09-23T08:57:00+00:00,4353.60010,4356.00000,4353.60010,4356.00000,99.0000
2026-09-23T08:58:00+00:00,4355.79980,4356.29980,4355.10010,4355.39990,50.0000
2026-09-23T08:59:00+00:00,4355.29980,4355.60010,4354.89990,4355.00000,37.0000
2026-09-23T09:00:00+00:00,4354.89990,4355.89990,4354.79980,4355.29980,57.0000
2026-09-23T09:01:00+00:00,4355.50000,4357.00000,4355.50000,4356.00000,51.0000
2026-09-23T09:02:00+00:00,4355.79980,4357.20020,4354.89990,4357.20020,121.0000
2026-09-23T09:03:00+00:00,4357.00000,4357.29980,4355.39990,4355.39990,38.0000
2026-09-23T09:04:00+00:00,4355.50000,4356.79980,4354.89990,4355.00000,68.0000
2026-09-23T09:05:00+00:00,4354.39990,4355.00000,4354.10010,4354.50000,41.0000
2026-09-23T09:06:00+00:00,4354.29980,4355.00000,4354.29980,4355.00000,13.0000
2026-09-23T09:07:00+00:00,4354.70020,4354.89990,4354.20020,4354.89990,33.0000
2026-09-23T09:08:00+00:00,4354.89990,4356.00000,4354.79980,4356.00000,16.0000
2026-09-23T09:09:00+00:00,4355.89990,4356.29980,4355.89990,4355.89990,24.0000
2026-09-23T09:10:00+00:00,4356.00000,4356.10010,4355.50000,4355.89990,21.0000
2026-09-23T09:11:00+00:00,4355.89990,4356.60010,4355.50000,4355.89990,30.0000
2026-09-23T09:12:00+00:00,4355.70020,4357.29980,4355.70020,4356.39990,49.0000
2026-09-23T09:13:00+00:00,4356.29980,4356.29980,4355.79980,4356.10010,62.0000
2026-09-23T09:14:00+00:00,4356.29980,4356.89990,4355.89990,4356.79980,22.0000
2026-09-23T09:15:00+00:00,4356.70020,4356.89990,4355.70020,4355.89990,26.0000
2026-09-23T09:16:00+00:00,4355.50000,4356.00000,4355.20020,4355.50000,29.0000
2026-09-23T09:17:00+00:00,4355.00000,4355.00000,4354.20020,4354.79980,50.0000
2026-09-23T09:18:00+00:00,4354.79980,4354.79980,4353.39990,4353.39990,80.0000
2026-09-23T09:19:00+00:00,4353.29980,4354.29980,4352.29980,4354.10010,60.0000
2026-09-23T09:20:00+00:00,4354.00000,4355.00000,4353.79980,4354.00000,64.0000
2026-09-23T09:21:00+00:00,4354.50000,4354.50000,4352.89990,4353.39990,63.0000
2026-09-23T09:22:00+00:00,4353.10010,4355.50000,4353.00000,4355.00000,83.0000
2026-09-23T09:23:00+00:00,4355.10010,4356.39990,4355.00000,4355.89990,56.0000
2026-09-23T09:24:00+00:00,4356.10010,4356.39990,4355.50000,4356.20020,35.0000
2026-09-23T09:25:00+00:00,4356.00000,4356.39990,4355.89990,4356.00000,42.0000
2026-09-23T09:26:00+00:00,4355.89990,4357.00000,4355.89990,4356.39990,29.0000
2026-09-23T09:27:00+00:00,4356.60010,4356.79980,4356.29980,4356.50000,17.0000
2026-09-23T09:28:00+00:00,4356.29980,4356.39990,4353.70020,4353.70020,61.0000
2026-09-23T09:29:00+00:00,4353.89990,4354.00000,4352.79980,4354.00000,103.0000
2026-09-23T09:30:00+00:00,4353.89990,4355.70020,4353.10010,4355.60010,113.0000
2026-09-23T09:31:00+00:00,4355.50000,4356.00000,4353.39990,4354.00000,99.0000
2026-09-23T09:32:00+00:00,4354.00000,4354.00000,4352.39990,4353.60010,110.0000
2026-09-23T09:33:00+00:00,4353.10010,4353.29980,4351.20020,4351.29980,132.0000
2026-09-23T09:34:00+00:00,4351.39990,4351.89990,4350.20020,4351.00000,116.0000
2026-09-23T09:35:00+00:00,4350.70020,4352.79980,4350.60010,4352.00000,68.0000
2026-09-23T09:36:00+00:00,4352.10010,4352.10010,4351.39990,4351.50000,19.0000
2026-09-23T09:37:00+00:00,4351.60010,4351.89990,4350.89990,4351.60010,22.0000
2026-09-23T09:38:00+00:00,4351.79980,4352.10010,4351.50000,4352.10010,19.0000
2026-09-23T09:39:00+00:00,4352.10010,4352.39990,4351.50000,4351.60010,60.0000
2026-09-23T09:40:00+00:00,4351.50000,4351.60010,4350.89990,4351.39990,36.0000
2026-09-23T09:41:00+00:00,4351.50000,4351.70020,4350.89990,4351.39990,43.0000
2026-09-23T09:42:00+00:00,4351.79980,4352.00000,4351.39990,4351.79980,14.0000
2026-09-23T09:43:00+00:00,4351.70020,4352.00000,4351.60010,4351.70020,23.0000
2026-09-23T09:44:00+00:00,4351.79980,4353.60010,4351.79980,4353.39990,63.0000
2026-09-23T09:45:00+00:00,4353.29980,4353.29980,4351.79980,4351.79980,65.0000
2026-09-23T09:46:00+00:00,4351.39990,4351.60010,4348.60010,4348.70020,245.0000
2026-09-23T09:47:00+00:00,4349.00000,4349.70020,4348.20020,4349.29980,94.0000
2026-09-23T09:48:00+00:00,4349.39990,4349.39990,4346.29980,4346.70020,437.0000
2026-09-23T09:49:00+00:00,4346.70020,4346.89990,4345.29980,4345.70020,295.0000
2026-09-23T09:50:00+00:00,4345.89990,4348.20020,4345.70020,4348.00000,145.0000
2026-09-23T09:51:00+00:00,4347.70020,4349.50000,4347.70020,4349.00000,104.0000
2026-09-23T09:52:00+00:00,4349.00000,4349.79980,4348.50000,4349.39990,132.0000
2026-09-23T09:53:00+00:00,4349.20020,4349.29980,4348.60010,4348.79980,62.0000
2026-09-23T09:54:00+00:00,4348.70020,4349.50000,4348.50000,4349.50000,100.0000
2026-09-23T09:55:00+00:00,4349.39990,4350.70020,4349.10010,4350.50000,70.0000
2026-09-23T09:56:00+00:00,4350.29980,4350.89990,4349.89990,4350.10010,45.0000
2026-09-23T09:57:00+00:00,4350.29980,4351.10010,4350.29980,4350.60010,24.0000
2026-09-23T09:58:00+00:00,4350.50000,4351.29980,4350.50000,4351.29980,33.0000
2026-09-23T09:59:00+00:00,4351.00000,4351.00000,4350.50000,4350.60010,44.0000
2026-09-23T10:00:00+00:00,4351.10010,4351.60010,4350.79980,4351.00000,65.0000
2026-09-23T10:01:00+00:00,4350.89990,4351.29980,4350.50000,4351.20020,55.0000
2026-09-23T10:02:00+00:00,4351.00000,4353.60010,4351.00000,4353.50000,130.0000
2026-09-23T10:03:00+00:00,4353.39990,4355.70020,4353.29980,4355.39990,136.0000
2026-09-23T10:04:00+00:00,4355.20020,4355.89990,4355.00000,4355.10010,120.0000
2026-09-23T10:05:00+00:00,4354.79980,4354.79980,4353.10010,4353.60010,34.0000
2026-09-23T10:06:00+00:00,4354.00000,4354.20020,4353.20020,4353.20020,466.0000
2026-09-23T10:07:00+00:00,4353.29980,4354.60010,4353.00000,4353.89990,121.0000
2026-09-23T10:08:00+00:00,4353.60010,4354.00000,4353.29980,4353.70020,28.0000
2026-09-23T10:09:00+00:00,4353.60010,4354.60010,4353.10010,4353.39990,44.0000
2026-09-23T10:10:00+00:00,4353.29980,4353.39990,4352.20020,4352.60010,35.0000
2026-09-23T10:11:00+00:00,4352.79980,4353.60010,4352.79980,4353.00000,21.0000
2026-09-23T10:12:00+00:00,4353.10010,4353.10010,4352.39990,4352.60010,17.0000
2026-09-23T10:13:00+00:00,4352.79980,4353.00000,4352.10010,4352.50000,32.0000
2026-09-23T10:14:00+00:00,4352.60010,4353.79980,4352.60010,4353.79980,15.0000
2026-09-23T10:15:00+00:00,4353.60010,4353.60010,4352.70020,4352.70020,20.0000
2026-09-23T10:16:00+00:00,4352.50000,4352.79980,4352.39990,4352.79980,55.0000
2026-09-23T10:17:00+00:00,4352.89990,4353.50000,4352.89990,4353.00000,15.0000
2026-09-23T10:18:00+00:00,4353.60010,4353.60010,4352.79980,4352.89990,15.0000
2026-09-23T10:19:00+00:00,4353.50000,4353.79980,4352.79980,4353.70020,34.0000
2026-09-23T10:20:00+00:00,4353.50000,4353.79980,4353.00000,4353.50000,21.0000
2026-09-23T10:21:00+00:00,4353.50000,4353.89990,4352.70020,4353.20020,25.0000
2026-09-23T10:22:00+00:00,4352.89990,4353.10010,4352.79980,4352.89990,13.0000
2026-09-23T10:23:00+00:00,4353.10010,4353.10010,4351.50000,4351.79980,39.0000
2026-09-23T10:24:00+00:00,4351.89990,4352.50000,4351.89990,4352.29980,13.0000
2026-09-23T10:25:00+00:00,4352.00000,4352.50000,4351.39990,4351.39990,27.0000
2026-09-23T10:26:00+00:00,4351.50000,4352.70020,4351.20020,4352.60010,40.0000
2026-09-23T10:27:00+00:00,4352.50000,4353.70020,4352.50000,4353.60010,93.0000
2026-09-23T10:28:00+00:00,4353.39990,4354.10010,4353.29980,4353.50000,46.0000
2026-09-23T10:29:00+00:00,4353.29980,4354.89990,4353.29980,4354.50000,106.0000
2026-09-23T10:30:00+00:00,4354.50000,4356.00000,4354.39990,4354.89990,168.0000
2026-09-23T10:31:00+00:00,4354.70020,4354.70020,4353.50000,4354.29980,58.0000
2026-09-23T10:32:00+00:00,4354.20020,4355.50000,4354.20020,4354.29980,58.0000
2026-09-23T10:33:00+00:00,4354.20020,4355.29980,4353.00000,4353.10010,54.0000
2026-09-23T10:34:00+00:00,4353.00000,4353.50000,4352.50000,4353.10010,50.0000
2026-09-23T10:35:00+00:00,4352.50000,4352.79980,4351.60010,4351.70020,42.0000
2026-09-23T10:36:00+00:00,4352.89990,4353.29980,4352.79980,4353.20020,10.0000
2026-09-23T10:37:00+00:00,4353.20020,4353.70020,4352.50000,4352.50000,33.0000
2026-09-23T10:38:00+00:00,4352.50000,4352.70020,4351.79980,4351.89990,16.0000
2026-09-23T10:39:00+00:00,4352.00000,4353.29980,4352.00000,4353.20020,36.0000
2026-09-23T10:40:00+00:00,4353.00000,4353.00000,4352.00000,4352.00000,24.0000
2026-09-23T10:41:00+00:00,4351.79980,4352.89990,4351.20020,4352.20020,30.0000
2026-09-23T10:42:00+00:00,4352.89990,4353.00000,4352.29980,4352.39990,7.0000
2026-09-23T10:43:00+00:00,4352.29980,4352.79980,4351.39990,4352.00000,22.0000
2026-09-23T10:44:00+00:00,4352.00000,4353.10010,4352.00000,4352.50000,17.0000
2026-09-23T10:45:00+00:00,4352.29980,4352.29980,4351.10010,4351.20020,24.0000
2026-09-23T10:46:00+00:00,4351.20020,4351.89990,4351.10010,4351.60010,31.0000
2026-09-23T10:47:00+00:00,4351.29980,4351.60010,4349.60010,4349.79980,97.0000
2026-09-23T10:48:00+00:00,4350.10010,4350.60010,4349.00000,4349.20020,76.0000
2026-09-23T10:49:00+00:00,4349.29980,4350.29980,4349.29980,4349.89990,51.0000
2026-09-23T10:50:00+00:00,4350.00000,4351.00000,4350.00000,4350.29980,59.0000
2026-09-23T10:51:00+00:00,4350.79980,4351.70020,4350.70020,4351.29980,88.0000
2026-09-23T10:52:00+00:00,4351.20020,4351.29980,4350.89990,4350.89990,17.0000
2026-09-23T10:53:00+00:00,4351.10010,4351.70020,4351.00000,4351.29980,49.0000
2026-09-23T10:54:00+00:00,4351.20020,4352.89990,4351.20020,4351.89990,116.0000
2026-09-23T10:55:00+00:00,4352.39990,4352.60010,4351.00000,4351.79980,42.0000
2026-09-23T10:56:00+00:00,4352.10010,4352.60010,4351.79980,4351.79980,19.0000
2026-09-23T10:57:00+00:00,4352.10010,4352.39990,4351.39990,4351.39990,27.0000
2026-09-23T10:58:00+00:00,4351.00000,4352.20020,4351.00000,4351.50000,18.0000
2026-09-23T10:59:00+00:00,4352.00000,4352.50000,4351.60010,4352.50000,12.0000
2026-09-23T11:00:00+00:00,4352.10010,4353.00000,4351.60010,4353.00000,63.0000
2026-09-23T11:01:00+00:00,4353.10010,4353.60010,4352.70020,4353.10010,59.0000
2026-09-23T11:02:00+00:00,4353.20020,4353.70020,4352.10010,4352.39990,66.0000
2026-09-23T11:03:00+00:00,4352.20020,4352.20020,4349.70020,4349.89990,38.0000
2026-09-23T11:04:00+00:00,4350.70020,4352.29980,4350.60010,4352.00000,48.0000
2026-09-23T11:05:00+00:00,4351.29980,4351.79980,4351.20020,4351.60010,34.0000
2026-09-23T11:06:00+00:00,4351.00000,4351.70020,4350.70020,4351.70020,29.0000
2026-09-23T11:07:00+00:00,4351.60010,4352.70020,4351.29980,4351.70020,26.0000
2026-09-23T11:08:00+00:00,4352.00000,4352.00000,4351.70020,4351.70020,10.0000
2026-09-23T11:09:00+00:00,4351.50000,4352.20020,4351.29980,4352.20020,16.0000
2026-09-23T11:10:00+00:00,4352.39990,4353.29980,4352.29980,4353.29980,32.0000
2026-09-23T11:11:00+00:00,4353.29980,4354.00000,4353.29980,4353.60010,37.0000
2026-09-23T11:12:00+00:00,4353.50000,4353.50000,4351.79980,4352.50000,47.0000
2026-09-23T11:13:00+00:00,4352.00000,4352.60010,4351.60010,4352.60010,27.0000
2026-09-23T11:14:00+00:00,4352.50000,4352.50000,4350.89990,4351.89990,29.0000
2026-09-23T11:15:00+00:00,4351.89990,4352.60010,4351.29980,4352.00000,19.0000
2026-09-23T11:16:00+00:00,4351.89990,4351.89990,4351.20020,4351.60010,29.0000
2026-09-23T11:17:00+00:00,4351.70020,4352.00000,4350.79980,4351.20020,34.0000
2026-09-23T11:18:00+00:00,4350.39990,4351.10010,4350.39990,4351.10010,18.0000
2026-09-23T11:19:00+00:00,4350.70020,4350.70020,4347.39990,4347.89990,78.0000
2026-09-23T11:20:00+00:00,4348.00000,4348.39990,4347.00000,4347.00000,48.0000
2026-09-23T11:21:00+00:00,4347.20020,4347.20020,4345.50000,4346.39990,87.0000
2026-09-23T11:22:00+00:00,4346.29980,4346.50000,4341.39990,4343.79980,778.0000
2026-09-23T11:23:00+00:00,4343.60010,4344.10010,4341.39990,4343.00000,196.0000
2026-09-23T11:24:00+00:00,4342.89990,4342.89990,4340.79980,4342.39990,154.0000
2026-09-23T11:25:00+00:00,4342.60010,4345.60010,4342.39990,4343.00000,187.0000
2026-09-23T11:26:00+00:00,4343.10010,4343.39990,4340.70020,4341.00000,118.0000
2026-09-23T11:27:00+00:00,4340.70020,4343.00000,4340.50000,4342.29980,148.0000
2026-09-23T11:28:00+00:00,4342.29980,4344.29980,4341.89990,4344.29980,84.0000
2026-09-23T11:29:00+00:00,4344.20020,4344.20020,4342.50000,4342.89990,162.0000
2026-09-23T11:30:00+00:00,4343.10010,4343.50000,4338.60010,4339.20020,299.0000
2026-09-23T11:31:00+00:00,4339.20020,4339.39990,4338.00000,4338.39990,240.0000
2026-09-23T11:32:00+00:00,4338.29980,4339.39990,4337.50000,4338.20020,189.0000
2026-09-23T11:33:00+00:00,4338.29980,4339.39990,4338.20020,4338.39990,121.0000
2026-09-23T11:34:00+00:00,4338.29980,4339.60010,4338.20020,4338.70020,87.0000
2026-09-23T11:35:00+00:00,4339.00000,4339.20020,4337.70020,4338.89990,136.0000
2026-09-23T11:36:00+00:00,4339.00000,4340.60010,4338.00000,4339.10010,113.0000
2026-09-23T11:37:00+00:00,4338.39990,4339.10010,4336.00000,4336.89990,180.0000
2026-09-23T11:38:00+00:00,4336.60010,4337.20020,4333.89990,4334.00000,240.0000
2026-09-23T11:39:00+00:00,4334.29980,4336.50000,4330.89990,4336.10010,584.0000
2026-09-23T11:40:00+00:00,4336.29980,4338.00000,4334.70020,4335.60010,231.0000
2026-09-23T11:41:00+00:00,4335.50000,4338.29980,4335.10010,4338.00000,149.0000
2026-09-23T11:42:00+00:00,4337.79980,4339.00000,4337.20020,4338.10010,122.0000
2026-09-23T11:43:00+00:00,4338.00000,4339.39990,4337.39990,4338.60010,99.0000
2026-09-23T11:44:00+00:00,4339.10010,4341.60010,4339.10010,4341.50000,91.0000
2026-09-23T11:45:00+00:00,4341.29980,4343.39990,4341.10010,4343.39990,200.0000
2026-09-23T11:46:00+00:00,4343.20020,4344.89990,4343.00000,4344.70020,127.0000
2026-09-23T11:47:00+00:00,4344.79980,4345.20020,4342.79980,4343.50000,124.0000
2026-09-23T11:48:00+00:00,4343.70020,4345.00000,4340.70020,4344.29980,277.0000
2026-09-23T11:49:00+00:00,4344.29980,4344.89990,4344.00000,4344.00000,94.0000
2026-09-23T11:50:00+00:00,4344.10010,4344.10010,4342.50000,4342.70020,46.0000
2026-09-23T11:51:00+00:00,4343.29980,4344.50000,4343.29980,4344.29980,39.0000
2026-09-23T11:52:00+00:00,4344.29980,4346.70020,4344.29980,4345.70020,164.0000
2026-09-23T11:53:00+00:00,4345.60010,4346.50000,4345.50000,4345.50000,71.0000
2026-09-23T11:54:00+00:00,4345.60010,4346.50000,4345.10010,4345.89990,48.0000
2026-09-23T11:55:00+00:00,4346.10010,4346.29980,4344.89990,4346.00000,58.0000
2026-09-23T11:56:00+00:00,4346.00000,4346.00000,4344.79980,4345.20020,56.0000
2026-09-23T11:57:00+00:00,4345.29980,4346.00000,4345.29980,4345.79980,60.0000
2026-09-23T11:58:00+00:00,4346.20020,4346.60010,4345.20020,4345.20020,47.0000
2026-09-23T11:59:00+00:00,4345.39990,4346.70020,4345.39990,4346.29980,54.0000
2026-09-23T12:00:00+00:00,4346.39990,4349.70020,4345.79980,4348.50000,197.0000
2026-09-23T12:01:00+00:00,4348.39990,4350.10010,4347.50000,4349.29980,103.0000
2026-09-23T12:02:00+00:00,4349.20020,4350.10010,4349.20020,4349.50000,94.0000
2026-09-23T12:03:00+00:00,4349.39990,4350.50000,4348.60010,4350.10010,108.0000
2026-09-23T12:04:00+00:00,4350.20020,4350.60010,4349.00000,4349.10010,52.0000
2026-09-23T12:05:00+00:00,4349.00000,4350.89990,4349.00000,4350.70020,154.0000
2026-09-23T12:06:00+00:00,4350.89990,4352.00000,4350.50000,4350.70020,103.0000
2026-09-23T12:07:00+00:00,4350.50000,4351.70020,4350.29980,4350.60010,75.0000
2026-09-23T12:08:00+00:00,4350.79980,4351.89990,4350.00000,4350.60010,92.0000
2026-09-23T12:09:00+00:00,4350.50000,4350.50000,4348.70020,4349.79980,58.0000
2026-09-23T12:10:00+00:00,4350.50000,4352.39990,4349.60010,4352.29980,108.0000
2026-09-23T12:11:00+00:00,4352.39990,4353.39990,4352.10010,4352.79980,167.0000
2026-09-23T12:12:00+00:00,4352.89990,4354.29980,4352.89990,4353.79980,284.0000
2026-09-23T12:13:00+00:00,4354.10010,4354.29980,4352.00000,4353.70020,88.0000
2026-09-23T12:14:00+00:00,4353.20020,4355.60010,4353.20020,4355.60010,208.0000
2026-09-23T12:15:00+00:00,4355.50000,4355.50000,4353.79980,4354.29980,116.0000
2026-09-23T12:16:00+00:00,4354.29980,4354.60010,4351.89990,4352.10010,133.0000
2026-09-23T12:17:00+00:00,4352.00000,4353.00000,4351.00000,4351.00000,89.0000
2026-09-23T12:18:00+00:00,4350.79980,4351.79980,4350.50000,4351.50000,68.0000
2026-09-23T12:19:00+00:00,4351.60010,4353.00000,4350.89990,4351.60010,118.0000
2026-09-23T12:20:00+00:00,4351.39990,4351.39990,4348.89990,4349.39990,214.0000
2026-09-23T12:21:00+00:00,4349.29980,4349.29980,4346.50000,4347.60010,296.0000
2026-09-23T12:22:00+00:00,4348.00000,4349.39990,4347.00000,4349.00000,202.0000
2026-09-23T12:23:00+00:00,4348.70020,4348.89990,4347.29980,4348.29980,73.0000
2026-09-23T12:24:00+00:00,4348.20020,4351.00000,4348.20020,4351.00000,177.0000
2026-09-23T12:25:00+00:00,4350.79980,4351.50000,4349.39990,4350.29980,139.0000
2026-09-23T12:26:00+00:00,4350.29980,4350.70020,4348.60010,4348.60010,181.0000
2026-09-23T12:27:00+00:00,4348.70020,4349.79980,4348.20020,4348.39990,104.0000
2026-09-23T12:28:00+00:00,4348.60010,4349.20020,4347.20020,4348.29980,221.0000
2026-09-23T12:29:00+00:00,4348.39990,4348.60010,4347.10010,4347.70020,139.0000
2026-09-23T12:30:00+00:00,4347.60010,4347.79980,4345.00000,4346.29980,304.0000
2026-09-23T12:31:00+00:00,4346.39990,4346.79980,4345.50000,4346.20020,136.0000
2026-09-23T12:32:00+00:00,4346.20020,4347.39990,4344.39990,4345.20020,261.0000
2026-09-23T12:33:00+00:00,4345.39990,4345.79980,4344.39990,4345.50000,94.0000
2026-09-23T12:34:00+00:00,4345.50000,4345.70020,4345.00000,4345.50000,44.0000
2026-09-23T12:35:00+00:00,4345.29980,4346.29980,4343.60010,4343.79980,90.0000
2026-09-23T12:36:00+00:00,4343.89990,4345.29980,4343.89990,4344.29980,75.0000
2026-09-23T12:37:00+00:00,4344.50000,4344.60010,4340.89990,4340.89990,222.0000
2026-09-23T12:38:00+00:00,4340.79980,4342.29980,4340.20020,4340.70020,352.0000
2026-09-23T12:39:00+00:00,4340.60010,4341.20020,4339.79980,4340.00000,194.0000
2026-09-23T12:40:00+00:00,4340.29980,4341.00000,4338.50000,4338.60010,184.0000
2026-09-23T12:41:00+00:00,4338.70020,4340.29980,4338.50000,4339.89990,304.0000
2026-09-23T12:42:00+00:00,4339.89990,4341.10010,4339.20020,4340.10010,179.0000
2026-09-23T12:43:00+00:00,4340.29980,4342.39990,4339.39990,4342.39990,272.0000
2026-09-23T12:44:00+00:00,4342.39990,4343.20020,4340.29980,4340.29980,185.0000
2026-09-23T12:45:00+00:00,4340.20020,4340.50000,4338.60010,4339.50000,96.0000
2026-09-23T12:46:00+00:00,4339.70020,4341.20020,4339.39990,4340.60010,140.0000
2026-09-23T12:47:00+00:00,4340.29980,4343.29980,4340.20020,4342.60010,142.0000
2026-09-23T12:48:00+00:00,4342.39990,4342.60010,4341.20020,4341.20020,98.0000
2026-09-23T12:49:00+00:00,4341.00000,4341.00000,4339.50000,4340.60010,58.0000
2026-09-23T12:50:00+00:00,4340.20020,4340.89990,4339.70020,4340.10010,121.0000
2026-09-23T12:51:00+00:00,4340.20020,4340.20020,4338.00000,4338.29980,154.0000
2026-09-23T12:52:00+00:00,4338.39990,4338.70020,4337.50000,4337.89990,126.0000
2026-09-23T12:53:00+00:00,4337.70020,4340.00000,4337.20020,4338.29980,214.0000
2026-09-23T12:54:00+00:00,4338.50000,4340.00000,4338.10010,4339.79980,176.0000
2026-09-23T12:55:00+00:00,4339.89990,4341.60010,4338.10010,4340.89990,174.0000
2026-09-23T12:56:00+00:00,4340.79980,4344.00000,4340.79980,4343.79980,214.0000
2026-09-23T12:57:00+00:00,4344.10010,4344.50000,4343.29980,4343.79980,90.0000
2026-09-23T12:58:00+00:00,4343.60010,4344.70020,4342.70020,4344.10010,120.0000
2026-09-23T12:59:00+00:00,4344.70020,4347.39990,4344.70020,4346.29980,156.0000
2026-09-23T13:00:00+00:00,4346.29980,4347.20020,4342.10010,4343.70020,588.0000
2026-09-23T13:01:00+00:00,4343.79980,4345.70020,4342.60010,4345.50000,262.0000
2026-09-23T13:02:00+00:00,4345.20020,4347.20020,4344.70020,4346.00000,160.0000
2026-09-23T13:03:00+00:00,4346.10010,4346.29980,4342.89990,4343.60010,119.0000
2026-09-23T13:04:00+00:00,4343.10010,4343.10010,4341.20020,4342.29980,159.0000
2026-09-23T13:05:00+00:00,4342.20020,4342.50000,4340.50000,4341.70020,83.0000
2026-09-23T13:06:00+00:00,4341.89990,4342.89990,4340.79980,4341.39990,97.0000
2026-09-23T13:07:00+00:00,4341.50000,4342.50000,4340.39990,4340.39990,132.0000
2026-09-23T13:08:00+00:00,4340.20020,4340.20020,4337.79980,4338.89990,118.0000
2026-09-23T13:09:00+00:00,4339.00000,4339.50000,4338.39990,4338.50000,72.0000
2026-09-23T13:10:00+00:00,4338.50000,4338.89990,4335.60010,4335.89990,325.0000
2026-09-23T13:11:00+00:00,4335.89990,4338.10010,4334.79980,4337.70020,262.0000
2026-09-23T13:12:00+00:00,4337.50000,4338.89990,4336.00000,4337.70020,116.0000
2026-09-23T13:13:00+00:00,4338.10010,4339.10010,4337.79980,4339.10010,95.0000
2026-09-23T13:14:00+00:00,4338.70020,4339.89990,4337.00000,4339.29980,96.0000
2026-09-23T13:15:00+00:00,4339.00000,4342.89990,4338.60010,4342.39990,227.0000
2026-09-23T13:16:00+00:00,4342.29980,4342.50000,4340.29980,4340.60010,200.0000
2026-09-23T13:17:00+00:00,4340.70020,4340.70020,4339.10010,4340.39990,43.0000
2026-09-23T13:18:00+00:00,4340.20020,4340.79980,4338.60010,4338.60010,43.0000
2026-09-23T13:19:00+00:00,4338.50000,4340.00000,4338.39990,4339.20020,36.0000
2026-09-23T13:20:00+00:00,4339.39990,4341.89990,4339.20020,4340.70020,87.0000
2026-09-23T13:21:00+00:00,4340.79980,4342.10010,4340.39990,4341.00000,124.0000
2026-09-23T13:22:00+00:00,4341.00000,4342.20020,4340.70020,4341.20020,77.0000
2026-09-23T13:23:00+00:00,4342.00000,4343.00000,4341.00000,4341.50000,84.0000
2026-09-23T13:24:00+00:00,4341.29980,4343.79980,4341.00000,4341.20020,141.0000
2026-09-23T13:25:00+00:00,4340.89990,4345.50000,4340.89990,4345.10010,151.0000
2026-09-23T13:26:00+00:00,4345.10010,4345.79980,4344.50000,4344.79980,72.0000
2026-09-23T13:27:00+00:00,4345.00000,4348.00000,4344.70020,4347.00000,193.0000
2026-09-23T13:28:00+00:00,4347.00000,4348.60010,4347.00000,4348.50000,164.0000
2026-09-23T13:29:00+00:00,4348.70020,4349.29980,4348.00000,4349.29980,117.0000
2026-09-23T13:30:00+00:00,4349.10010,4350.60010,4344.89990,4345.00000,443.0000
2026-09-23T13:31:00+00:00,4345.10010,4345.10010,4340.89990,4341.10010,211.0000
2026-09-23T13:32:00+00:00,4341.10010,4342.00000,4339.60010,4341.00000,250.0000
2026-09-23T13:33:00+00:00,4341.10010,4341.20020,4339.20020,4340.29980,230.0000
2026-09-23T13:34:00+00:00,4339.79980,4340.10010,4337.50000,4337.79980,168.0000
2026-09-23T13:35:00+00:00,4337.60010,4339.10010,4335.20020,4337.20020,497.0000
2026-09-23T13:36:00+00:00,4337.20020,4341.29980,4336.79980,4340.70020,193.0000
2026-09-23T13:37:00+00:00,4340.70020,4340.79980,4338.29980,4339.20020,143.0000
2026-09-23T13:38:00+00:00,4339.00000,4341.89990,4338.50000,4340.29980,102.0000
2026-09-23T13:39:00+00:00,4340.10010,4341.00000,4339.29980,4340.20020,104.0000
2026-09-23T13:40:00+00:00,4339.79980,4341.20020,4339.10010,4339.20020,152.0000
2026-09-23T13:41:00+00:00,4339.10010,4339.20020,4336.00000,4336.29980,207.0000
2026-09-23T13:42:00+00:00,4336.70020,4336.70020,4323.00000,4324.70020,2146.0000
2026-09-23T13:43:00+00:00,4324.60010,4328.20020,4323.60010,4325.50000,767.0000
2026-09-23T13:44:00+00:00,4325.70020,4329.70020,4325.70020,4329.60010,287.0000
2026-09-23T13:45:00+00:00,4329.20020,4329.20020,4320.79980,4321.10010,966.0000
2026-09-23T13:46:00+00:00,4321.29980,4322.79980,4319.00000,4321.20020,796.0000
2026-09-23T13:47:00+00:00,4321.10010,4322.50000,4317.29980,4321.00000,817.0000
2026-09-23T13:48:00+00:00,4320.79980,4323.39990,4320.60010,4321.50000,426.0000
2026-09-23T13:49:00+00:00,4321.79980,4322.29980,4319.00000,4321.20020,373.0000
2026-09-23T13:50:00+00:00,4321.29980,4326.10010,4321.29980,4323.79980,644.0000
2026-09-23T13:51:00+00:00,4323.50000,4324.00000,4321.00000,4321.89990,382.0000
2026-09-23T13:52:00+00:00,4322.10010,4323.50000,4319.00000,4322.70020,657.0000
2026-09-23T13:53:00+00:00,4322.50000,4323.20020,4318.89990,4319.10010,268.0000
2026-09-23T13:54:00+00:00,4319.10010,4320.70020,4318.70020,4319.70020,275.0000
2026-09-23T13:55:00+00:00,4319.70020,4321.89990,4317.89990,4319.10010,343.0000
2026-09-23T13:56:00+00:00,4318.79980,4321.00000,4318.20020,4319.89990,492.0000
2026-09-23T13:57:00+00:00,4320.00000,4323.00000,4319.50000,4323.00000,391.0000
2026-09-23T13:58:00+00:00,4322.89990,4323.50000,4321.00000,4322.00000,245.0000
2026-09-23T13:59:00+00:00,4322.20020,4323.00000,4319.60010,4320.39990,205.0000
2026-09-23T14:00:00+00:00,4320.10010,4326.70020,4320.00000,4325.39990,652.0000
2026-09-23T14:01:00+00:00,4325.10010,4326.70020,4323.50000,4326.00000,652.0000
2026-09-23T14:02:00+00:00,4326.10010,4327.50000,4324.29980,4325.00000,391.0000
2026-09-23T14:03:00+00:00,4325.10010,4327.00000,4324.29980,4325.00000,611.0000
2026-09-23T14:04:00+00:00,4325.29980,4328.70020,4325.29980,4326.79980,293.0000
2026-09-23T14:05:00+00:00,4326.79980,4327.29980,4323.10010,4324.10010,202.0000
2026-09-23T14:06:00+00:00,4323.89990,4325.70020,4322.70020,4325.00000,111.0000
2026-09-23T14:07:00+00:00,4324.60010,4325.50000,4323.60010,4325.29980,127.0000
2026-09-23T14:08:00+00:00,4325.29980,4329.79980,4325.10010,4329.29980,220.0000
2026-09-23T14:09:00+00:00,4329.50000,4330.20020,4327.60010,4328.60010,321.0000
2026-09-23T14:10:00+00:00,4328.50000,4329.00000,4323.29980,4325.10010,277.0000
2026-09-23T14:11:00+00:00,4325.00000,4325.29980,4321.20020,4323.20020,324.0000
2026-09-23T14:12:00+00:00,4323.29980,4324.70020,4321.89990,4322.00000,284.0000
2026-09-23T14:13:00+00:00,4321.70020,4322.60010,4320.00000,4321.39990,257.0000
2026-09-23T14:14:00+00:00,4321.60010,4322.00000,4318.50000,4320.29980,287.0000
2026-09-23T14:15:00+00:00,4320.10010,4324.29980,4319.00000,4322.00000,230.0000
2026-09-23T14:16:00+00:00,4322.39990,4323.39990,4321.50000,4323.10010,129.0000
2026-09-23T14:17:00+00:00,4323.39990,4323.39990,4316.00000,4316.50000,535.0000
2026-09-23T14:18:00+00:00,4316.70020,4318.29980,4315.20020,4316.70020,394.0000
2026-09-23T14:19:00+00:00,4316.79980,4318.20020,4314.39990,4314.50000,683.0000
2026-09-23T14:20:00+00:00,4314.70020,4318.29980,4314.50000,4317.70020,275.0000
2026-09-23T14:21:00+00:00,4317.50000,4318.60010,4315.39990,4317.60010,184.0000
2026-09-23T14:22:00+00:00,4317.79980,4319.29980,4314.60010,4318.79980,211.0000
2026-09-23T14:23:00+00:00,4318.29980,4319.89990,4317.00000,4318.70020,269.0000
2026-09-23T14:24:00+00:00,4318.89990,4320.79980,4317.29980,4320.79980,176.0000
2026-09-23T14:25:00+00:00,4320.89990,4321.50000,4317.00000,4317.50000,803.0000
2026-09-23T14:26:00+00:00,4317.20020,4318.20020,4315.50000,4317.29980,179.0000
2026-09-23T14:27:00+00:00,4317.00000,4317.39990,4314.39990,4314.79980,255.0000
2026-09-23T14:28:00+00:00,4314.79980,4317.39990,4313.89990,4317.39990,214.0000
2026-09-23T14:29:00+00:00,4317.29980,4317.29980,4315.00000,4317.10010,146.0000
2026-09-23T14:30:00+00:00,4316.79980,4322.10010,4316.50000,4319.10010,564.0000
2026-09-23T14:31:00+00:00,4319.00000,4321.29980,4318.39990,4320.20020,202.0000
2026-09-23T14:32:00+00:00,4320.20020,4323.10010,4319.50000,4321.39990,168.0000
2026-09-23T14:33:00+00:00,4321.70020,4326.20020,4321.70020,4326.00000,375.0000
2026-09-23T14:34:00+00:00,4326.00000,4327.00000,4324.89990,4325.70020,438.0000
2026-09-23T14:35:00+00:00,4325.89990,4327.29980,4325.60010,4327.20020,168.0000
2026-09-23T14:36:00+00:00,4327.00000,4327.29980,4324.39990,4325.50000,150.0000
2026-09-23T14:37:00+00:00,4325.60010,4328.50000,4323.00000,4324.50000,558.0000
2026-09-23T14:38:00+00:00,4324.00000,4324.89990,4322.00000,4322.29980,153.0000
2026-09-23T14:39:00+00:00,4322.79980,4323.20020,4318.50000,4318.50000,168.0000
2026-09-23T14:40:00+00:00,4318.60010,4320.89990,4318.60010,4320.39990,330.0000
2026-09-23T14:41:00+00:00,4320.39990,4323.29980,4319.89990,4322.89990,151.0000
2026-09-23T14:42:00+00:00,4323.20020,4324.29980,4322.10010,4323.20020,112.0000
2026-09-23T14:43:00+00:00,4323.10010,4324.10010,4322.00000,4323.89990,149.0000
2026-09-23T14:44:00+00:00,4323.39990,4324.20020,4322.79980,4323.00000,162.0000
2026-09-23T14:45:00+00:00,4323.10010,4323.70020,4321.39990,4321.89990,155.0000
2026-09-23T14:46:00+00:00,4321.89990,4322.89990,4320.50000,4321.79980,216.0000
2026-09-23T14:47:00+00:00,4322.20020,4324.39990,4321.89990,4322.60010,220.0000
2026-09-23T14:48:00+00:00,4322.60010,4324.29980,4320.89990,4322.00000,174.0000
2026-09-23T14:49:00+00:00,4322.00000,4323.39990,4320.89990,4322.10010,178.0000
2026-09-23T14:50:00+00:00,4322.20020,4322.79980,4320.20020,4320.20020,148.0000
2026-09-23T14:51:00+00:00,4320.70020,4328.60010,4320.70020,4326.10010,814.0000
2026-09-23T14:52:00+00:00,4326.10010,4329.39990,4325.39990,4328.89990,466.0000
2026-09-23T14:53:00+00:00,4329.29980,4335.00000,4329.10010,4334.00000,1366.0000
2026-09-23T14:54:00+00:00,4334.20020,4335.00000,4331.79980,4333.39990,454.0000
2026-09-23T14:55:00+00:00,4333.39990,4333.60010,4329.00000,4332.60010,617.0000
2026-09-23T14:56:00+00:00,4332.29980,4332.60010,4328.50000,4329.20020,191.0000
2026-09-23T14:57:00+00:00,4329.50000,4331.60010,4327.89990,4331.00000,280.0000
2026-09-23T14:58:00+00:00,4331.10010,4331.10010,4327.00000,4328.10010,186.0000
2026-09-23T14:59:00+00:00,4328.29980,4330.60010,4327.39990,4330.60010,125.0000
2026-09-23T15:00:00+00:00,4330.60010,4331.10010,4327.39990,4329.60010,405.0000
2026-09-23T15:01:00+00:00,4329.50000,4331.89990,4328.50000,4328.70020,359.0000
2026-09-23T15:02:00+00:00,4329.00000,4330.50000,4328.29980,4329.70020,150.0000
2026-09-23T15:03:00+00:00,4329.20020,4329.20020,4328.00000,4329.00000,109.0000
2026-09-23T15:04:00+00:00,4329.20020,4329.20020,4325.60010,4326.50000,189.0000
2026-09-23T15:05:00+00:00,4326.50000,4327.79980,4325.79980,4326.70020,138.0000
2026-09-23T15:06:00+00:00,4327.00000,4327.70020,4325.70020,4327.00000,103.0000
2026-09-23T15:07:00+00:00,4326.70020,4329.20020,4326.29980,4329.00000,229.0000
2026-09-23T15:08:00+00:00,4328.79980,4331.20020,4328.79980,4330.10010,103.0000
2026-09-23T15:09:00+00:00,4330.20020,4330.89990,4329.70020,4330.39990,93.0000
2026-09-23T15:10:00+00:00,4330.50000,4333.60010,4330.50000,4333.10010,192.0000
2026-09-23T15:11:00+00:00,4333.10010,4333.50000,4330.39990,4330.70020,175.0000
2026-09-23T15:12:00+00:00,4331.20020,4333.10010,4330.89990,4331.20020,75.0000
2026-09-23T15:13:00+00:00,4331.00000,4331.39990,4329.89990,4331.39990,198.0000
2026-09-23T15:14:00+00:00,4331.10010,4332.00000,4330.39990,4330.39990,134.0000
2026-09-23T15:15:00+00:00,4330.29980,4331.50000,4329.20020,4329.20020,116.0000
2026-09-23T15:16:00+00:00,4329.29980,4329.79980,4328.50000,4328.79980,83.0000
2026-09-23T15:17:00+00:00,4328.89990,4328.89990,4326.39990,4327.39990,168.0000
2026-09-23T15:18:00+00:00,4327.00000,4328.29980,4326.20020,4328.00000,195.0000
2026-09-23T15:19:00+00:00,4327.89990,4329.29980,4327.39990,4329.29980,100.0000
2026-09-23T15:20:00+00:00,4329.20020,4329.79980,4328.60010,4328.89990,116.0000
2026-09-23T15:21:00+00:00,4328.00000,4328.50000,4326.70020,4326.70020,67.0000
2026-09-23T15:22:00+00:00,4327.29980,4328.50000,4327.10010,4328.29980,39.0000
2026-09-23T15:23:00+00:00,4328.39990,4329.60010,4327.60010,4327.60010,87.0000
2026-09-23T15:24:00+00:00,4327.89990,4328.29980,4326.70020,4328.29980,69.0000
2026-09-23T15:25:00+00:00,4328.20020,4330.00000,4328.00000,4329.39990,129.0000
2026-09-23T15:26:00+00:00,4329.20020,4330.20020,4326.29980,4327.00000,257.0000
2026-09-23T15:27:00+00:00,4327.20020,4327.70020,4325.39990,4325.89990,155.0000
2026-09-23T15:28:00+00:00,4325.50000,4325.60010,4322.20020,4322.79980,356.0000
2026-09-23T15:29:00+00:00,4322.79980,4322.89990,4319.10010,4319.60010,400.0000
2026-09-23T15:30:00+00:00,4319.70020,4320.39990,4317.89990,4320.20020,372.0000
2026-09-23T15:31:00+00:00,4320.20020,4320.20020,4317.39990,4318.70020,221.0000
2026-09-23T15:32:00+00:00,4318.50000,4319.79980,4317.89990,4318.60010,134.0000
2026-09-23T15:33:00+00:00,4319.39990,4319.79980,4317.60010,4317.89990,132.0000
2026-09-23T15:34:00+00:00,4317.89990,4320.50000,4316.60010,4320.29980,233.0000
2026-09-23T15:35:00+00:00,4319.89990,4322.00000,4318.79980,4321.29980,279.0000
2026-09-23T15:36:00+00:00,4321.20020,4322.00000,4319.00000,4319.10010,153.0000
2026-09-23T15:37:00+00:00,4319.10010,4319.60010,4317.39990,4318.20020,184.0000
2026-09-23T15:38:00+00:00,4318.29980,4319.10010,4317.29980,4317.60010,114.0000
2026-09-23T15:39:00+00:00,4318.00000,4318.79980,4314.70020,4315.89990,317.0000
2026-09-23T15:40:00+00:00,4315.70020,4316.79980,4314.89990,4316.00000,177.0000
2026-09-23T15:41:00+00:00,4315.89990,4317.20020,4315.10010,4315.50000,120.0000
2026-09-23T15:42:00+00:00,4315.50000,4318.70020,4315.50000,4318.60010,212.0000
2026-09-23T15:43:00+00:00,4318.50000,4319.50000,4317.70020,4319.39990,126.0000
2026-09-23T15:44:00+00:00,4319.60010,4320.70020,4319.00000,4320.10010,130.0000
2026-09-23T15:45:00+00:00,4319.79980,4321.29980,4319.39990,4321.00000,170.0000
2026-09-23T15:46:00+00:00,4320.79980,4321.00000,4320.10010,4320.70020,68.0000
2026-09-23T15:47:00+00:00,4320.70020,4320.89990,4317.89990,4318.10010,206.0000
2026-09-23T15:48:00+00:00,4318.29980,4319.50000,4315.70020,4316.00000,179.0000
2026-09-23T15:49:00+00:00,4316.20020,4316.70020,4313.29980,4314.39990,457.0000
2026-09-23T15:50:00+00:00,4314.20020,4316.00000,4313.60010,4315.50000,193.0000
2026-09-23T15:51:00+00:00,4315.79980,4316.29980,4314.20020,4316.20020,285.0000
2026-09-23T15:52:00+00:00,4315.89990,4317.10010,4315.70020,4316.29980,104.0000
2026-09-23T15:53:00+00:00,4316.29980,4316.89990,4315.50000,4316.39990,130.0000
2026-09-23T15:54:00+00:00,4316.39990,4317.39990,4316.39990,4317.00000,40.0000
2026-09-23T15:55:00+00:00,4317.00000,4317.89990,4316.89990,4317.50000,149.0000
2026-09-23T15:56:00+00:00,4317.20020,4317.79980,4316.60010,4317.70020,87.0000
2026-09-23T15:57:00+00:00,4317.70020,4318.60010,4317.29980,4318.00000,182.0000
2026-09-23T15:58:00+00:00,4318.20020,4318.60010,4317.50000,4318.29980,65.0000
2026-09-23T15:59:00+00:00,4318.20020,4318.39990,4317.39990,4318.29980,59.0000
2026-09-23T16:00:00+00:00,4318.29980,4319.39990,4317.79980,4318.00000,134.0000
2026-09-23T16:01:00+00:00,4318.00000,4318.50000,4317.00000,4317.39990,71.0000
2026-09-23T16:02:00+00:00,4317.00000,4317.60010,4315.29980,4315.50000,123.0000
2026-09-23T16:03:00+00:00,4315.79980,4316.29980,4315.39990,4316.29980,63.0000
2026-09-23T16:04:00+00:00,4316.00000,4316.29980,4314.89990,4315.60010,125.0000
2026-09-23T16:05:00+00:00,4315.20020,4316.60010,4314.50000,4316.50000,175.0000
2026-09-23T16:06:00+00:00,4316.50000,4317.50000,4315.50000,4316.20020,63.0000
2026-09-23T16:07:00+00:00,4316.60010,4319.20020,4316.60010,4318.79980,109.0000
2026-09-23T16:08:00+00:00,4318.70020,4320.60010,4318.70020,4319.70020,101.0000
2026-09-23T16:09:00+00:00,4319.29980,4319.29980,4318.39990,4318.70020,52.0000
2026-09-23T16:10:00+00:00,4318.79980,4318.79980,4318.00000,4318.29980,80.0000
2026-09-23T16:11:00+00:00,4318.50000,4319.00000,4318.10010,4318.70020,88.0000
2026-09-23T16:12:00+00:00,4319.00000,4320.10010,4318.89990,4319.60010,110.0000
2026-09-23T16:13:00+00:00,4319.79980,4319.79980,4318.89990,4319.39990,45.0000
2026-09-23T16:14:00+00:00,4319.10010,4319.20020,4318.50000,4319.20020,38.0000
2026-09-23T16:15:00+00:00,4319.39990,4320.39990,4318.79980,4320.20020,45.0000
2026-09-23T16:16:00+00:00,4320.20020,4321.20020,4319.50000,4319.70020,64.0000
2026-09-23T16:17:00+00:00,4319.39990,4320.20020,4319.39990,4320.20020,59.0000
2026-09-23T16:18:00+00:00,4320.00000,4320.60010,4319.60010,4319.60010,49.0000
2026-09-23T16:19:00+00:00,4320.00000,4320.70020,4318.60010,4320.29980,112.0000
2026-09-23T16:20:00+00:00,4320.29980,4320.50000,4319.79980,4320.29980,45.0000
2026-09-23T16:21:00+00:00,4320.20020,4320.79980,4319.50000,4320.79980,38.0000
2026-09-23T16:22:00+00:00,4320.50000,4320.50000,4319.10010,4319.60010,48.0000
2026-09-23T16:23:00+00:00,4319.39990,4319.60010,4318.89990,4319.20020,57.0000
2026-09-23T16:24:00+00:00,4319.70020,4319.70020,4318.29980,4318.29980,41.0000
2026-09-23T16:25:00+00:00,4318.70020,4321.20020,4318.70020,4321.10010,111.0000
2026-09-23T16:26:00+00:00,4321.29980,4321.79980,4320.60010,4320.70020,97.0000
2026-09-23T16:27:00+00:00,4320.50000,4321.20020,4320.50000,4320.70020,63.0000
2026-09-23T16:28:00+00:00,4320.50000,4321.79980,4319.89990,4321.29980,170.0000
2026-09-23T16:29:00+00:00,4321.29980,4322.00000,4320.60010,4322.00000,50.0000
2026-09-23T16:30:00+00:00,4322.20020,4323.10010,4322.20020,4322.29980,137.0000
2026-09-23T16:31:00+00:00,4322.29980,4322.60010,4321.00000,4322.20020,102.0000
2026-09-23T16:32:00+00:00,4322.20020,4323.00000,4321.60010,4321.70020,136.0000
2026-09-23T16:33:00+00:00,4321.60010,4323.70020,4321.60010,4323.50000,37.0000
2026-09-23T16:34:00+00:00,4323.60010,4324.39990,4323.10010,4323.10010,130.0000
2026-09-23T16:35:00+00:00,4323.20020,4323.29980,4322.29980,4322.89990,65.0000
2026-09-23T16:36:00+00:00,4323.00000,4324.79980,4323.00000,4324.00000,63.0000
2026-09-23T16:37:00+00:00,4324.10010,4325.10010,4324.10010,4324.79980,71.0000
2026-09-23T16:38:00+00:00,4324.70020,4325.70020,4324.20020,4325.70020,53.0000
2026-09-23T16:39:00+00:00,4325.79980,4326.10010,4324.50000,4324.60010,134.0000
2026-09-23T16:40:00+00:00,4323.79980,4324.10010,4322.89990,4323.89990,126.0000
2026-09-23T16:41:00+00:00,4324.00000,4324.10010,4322.79980,4323.10010,69.0000
2026-09-23T16:42:00+00:00,4323.20020,4324.00000,4322.29980,4322.29980,70.0000
2026-09-23T16:43:00+00:00,4322.29980,4324.00000,4322.10010,4323.70020,31.0000
2026-09-23T16:44:00+00:00,4323.70020,4323.89990,4322.20020,4322.20020,70.0000
2026-09-23T16:45:00+00:00,4322.39990,4323.00000,4319.89990,4321.50000,349.0000
2026-09-23T16:46:00+00:00,4321.70020,4322.29980,4321.39990,4321.60010,112.0000
2026-09-23T16:47:00+00:00,4321.70020,4322.70020,4320.10010,4320.89990,106.0000
2026-09-23T16:48:00+00:00,4320.79980,4321.00000,4320.00000,4320.89990,75.0000
2026-09-23T16:49:00+00:00,4321.10010,4321.10010,4317.00000,4319.00000,168.0000
2026-09-23T16:50:00+00:00,4319.29980,4320.60010,4318.79980,4319.60010,128.0000
2026-09-23T16:51:00+00:00,4319.39990,4319.39990,4317.39990,4317.60010,106.0000
2026-09-23T16:52:00+00:00,4317.60010,4317.70020,4315.79980,4316.50000,254.0000
2026-09-23T16:53:00+00:00,4316.50000,4318.10010,4314.70020,4318.10010,310.0000
2026-09-23T16:54:00+00:00,4317.79980,4320.00000,4317.79980,4319.20020,174.0000
2026-09-23T16:55:00+00:00,4319.00000,4320.29980,4318.10010,4319.60010,123.0000
2026-09-23T16:56:00+00:00,4319.60010,4321.10010,4318.89990,4320.70020,144.0000
2026-09-23T16:57:00+00:00,4320.79980,4321.20020,4319.79980,4320.00000,150.0000
2026-09-23T16:58:00+00:00,4320.10010,4322.10010,4319.89990,4321.60010,151.0000
2026-09-23T16:59:00+00:00,4321.39990,4322.00000,4321.00000,4321.10010,80.0000
2026-09-23T17:00:00+00:00,4321.20020,4321.29980,4320.20020,4320.50000,94.0000
2026-09-23T17:01:00+00:00,4320.50000,4322.00000,4320.50000,4321.10010,83.0000
2026-09-23T17:02:00+00:00,4321.50000,4321.50000,4311.50000,4312.89990,1087.0000
2026-09-23T17:03:00+00:00,4312.79980,4317.39990,4312.29980,4313.79980,303.0000
2026-09-23T17:04:00+00:00,4313.60010,4315.79980,4313.20020,4314.39990,153.0000
2026-09-23T17:05:00+00:00,4314.39990,4316.70020,4314.10010,4315.70020,161.0000
2026-09-23T17:06:00+00:00,4315.89990,4317.00000,4314.79980,4316.79980,159.0000
2026-09-23T17:07:00+00:00,4317.00000,4317.89990,4316.00000,4317.00000,147.0000
2026-09-23T17:08:00+00:00,4317.10010,4319.39990,4316.89990,4318.29980,142.0000
2026-09-23T17:09:00+00:00,4318.39990,4320.29980,4317.89990,4319.79980,266.0000
2026-09-23T17:10:00+00:00,4319.89990,4320.39990,4319.10010,4320.00000,79.0000
2026-09-23T17:11:00+00:00,4319.89990,4321.39990,4316.70020,4316.89990,157.0000
2026-09-23T17:12:00+00:00,4317.00000,4317.00000,4313.89990,4315.50000,261.0000
2026-09-23T17:13:00+00:00,4315.29980,4315.89990,4314.39990,4314.39990,140.0000
2026-09-23T17:14:00+00:00,4314.60010,4315.60010,4314.10010,4315.20020,95.0000
2026-09-23T17:15:00+00:00,4315.00000,4315.60010,4312.89990,4313.20020,240.0000
2026-09-23T17:16:00+00:00,4313.39990,4315.00000,4312.70020,4314.70020,140.0000
2026-09-23T17:17:00+00:00,4314.39990,4316.10010,4314.29980,4315.70020,125.0000
2026-09-23T17:18:00+00:00,4316.29980,4316.70020,4315.10010,4315.39990,104.0000
2026-09-23T17:19:00+00:00,4315.00000,4317.29980,4314.79980,4316.10010,93.0000
2026-09-23T17:20:00+00:00,4315.79980,4318.39990,4315.50000,4318.29980,86.0000
2026-09-23T17:21:00+00:00,4318.60010,4320.00000,4318.20020,4319.60010,165.0000
2026-09-23T17:22:00+00:00,4319.29980,4319.50000,4317.89990,4318.79980,96.0000
2026-09-23T17:23:00+00:00,4319.10010,4320.29980,4318.70020,4320.10010,130.0000
2026-09-23T17:24:00+00:00,4319.89990,4320.00000,4318.50000,4318.60010,116.0000
2026-09-23T17:25:00+00:00,4318.50000,4319.10010,4318.00000,4318.29980,98.0000
2026-09-23T17:26:00+00:00,4318.39990,4318.79980,4317.60010,4318.70020,105.0000
2026-09-23T17:27:00+00:00,4319.10010,4320.20020,4317.29980,4317.39990,140.0000
2026-09-23T17:28:00+00:00,4317.60010,4319.29980,4317.50000,4317.50000,270.0000
2026-09-23T17:29:00+00:00,4317.70020,4318.79980,4317.29980,4318.60010,1169.0000
2026-09-23T17:30:00+00:00,4318.39990,4318.70020,4317.20020,4318.00000,169.0000
2026-09-23T17:31:00+00:00,4317.89990,4318.20020,4315.10010,4315.29980,192.0000
2026-09-23T17:32:00+00:00,4315.10010,4315.10010,4313.39990,4314.50000,145.0000
2026-09-23T17:33:00+00:00,4314.39990,4315.79980,4313.60010,4315.70020,157.0000
2026-09-23T17:34:00+00:00,4315.60010,4317.60010,4315.60010,4317.00000,85.0000
2026-09-23T17:35:00+00:00,4316.79980,4316.79980,4315.20020,4315.29980,131.0000
2026-09-23T17:36:00+00:00,4315.10010,4315.10010,4313.89990,4314.79980,100.0000
2026-09-23T17:37:00+00:00,4314.89990,4317.10010,4314.79980,4316.29980,75.0000
2026-09-23T17:38:00+00:00,4316.29980,4316.39990,4315.29980,4315.70020,42.0000
2026-09-23T17:39:00+00:00,4315.70020,4315.89990,4311.70020,4312.70020,171.0000
2026-09-23T17:40:00+00:00,4312.50000,4316.00000,4310.70020,4315.29980,632.0000
2026-09-23T17:41:00+00:00,4315.29980,4320.29980,4314.79980,4319.29980,433.0000
2026-09-23T17:42:00+00:00,4319.10010,4323.20020,4318.79980,4322.39990,407.0000
2026-09-23T17:43:00+00:00,4322.60010,4324.39990,4321.89990,4323.00000,177.0000
2026-09-23T17:44:00+00:00,4323.29980,4326.00000,4321.60010,4324.70020,419.0000
2026-09-23T17:45:00+00:00,4324.20020,4325.89990,4324.20020,4325.89990,140.0000
2026-09-23T17:46:00+00:00,4326.00000,4326.20020,4323.60010,4324.00000,83.0000
2026-09-23T17:47:00+00:00,4323.89990,4327.20020,4323.89990,4326.29980,104.0000
2026-09-23T17:48:00+00:00,4326.10010,4326.79980,4325.29980,4325.70020,72.0000
2026-09-23T17:49:00+00:00,4325.60010,4327.39990,4325.29980,4327.29980,289.0000
2026-09-23T17:50:00+00:00,4327.29980,4328.00000,4326.20020,4326.20020,109.0000
2026-09-23T17:51:00+00:00,4326.20020,4327.29980,4325.39990,4325.89990,93.0000
2026-09-23T17:52:00+00:00,4326.00000,4327.70020,4326.00000,4327.20020,59.0000
2026-09-23T17:53:00+00:00,4327.10010,4328.10010,4326.79980,4327.70020,134.0000
2026-09-23T17:54:00+00:00,4327.79980,4328.10010,4327.10010,4327.60010,40.0000
2026-09-23T17:55:00+00:00,4327.89990,4328.00000,4325.39990,4325.60010,70.0000
2026-09-23T17:56:00+00:00,4325.70020,4326.60010,4325.29980,4326.29980,109.0000
2026-09-23T17:57:00+00:00,4326.50000,4328.60010,4326.00000,4328.20020,84.0000
2026-09-23T17:58:00+00:00,4328.20020,4330.00000,4328.20020,4328.50000,189.0000
2026-09-23T17:59:00+00:00,4328.60010,4329.60010,4328.60010,4329.50000,64.0000
2026-09-23T18:00:00+00:00,4329.60010,4330.10010,4329.10010,4329.70020,96.0000
2026-09-23T18:01:00+00:00,4329.70020,4331.39990,4329.70020,4330.50000,169.0000
2026-09-23T18:02:00+00:00,4331.00000,4331.50000,4329.60010,4329.60010,120.0000
2026-09-23T18:03:00+00:00,4329.70020,4329.70020,4327.60010,4327.60010,60.0000
2026-09-23T18:04:00+00:00,4327.70020,4328.00000,4326.89990,4327.10010,80.0000
2026-09-23T18:05:00+00:00,4327.20020,4327.29980,4326.10010,4326.70020,85.0000
2026-09-23T18:06:00+00:00,4326.89990,4327.70020,4326.39990,4326.70020,33.0000
2026-09-23T18:07:00+00:00,4326.60010,4327.20020,4326.29980,4327.00000,19.0000
2026-09-23T18:08:00+00:00,4327.29980,4327.50000,4327.00000,4327.20020,19.0000
2026-09-23T18:09:00+00:00,4326.79980,4327.20020,4326.50000,4327.20020,31.0000
2026-09-23T18:10:00+00:00,4326.70020,4327.10010,4325.79980,4326.60010,72.0000
2026-09-23T18:11:00+00:00,4326.39990,4326.60010,4325.79980,4325.89990,34.0000
2026-09-23T18:12:00+00:00,4325.79980,4325.89990,4324.50000,4325.10010,55.0000
2026-09-23T18:13:00+00:00,4325.00000,4326.20020,4325.00000,4325.89990,62.0000
2026-09-23T18:14:00+00:00,4326.00000,4326.10010,4325.60010,4325.79980,21.0000
2026-09-23T18:15:00+00:00,4325.70020,4326.50000,4325.39990,4326.39990,30.0000
2026-09-23T18:16:00+00:00,4326.89990,4326.89990,4324.79980,4324.79980,47.0000
2026-09-23T18:17:00+00:00,4325.20020,4327.29980,4325.20020,4326.60010,39.0000
2026-09-23T18:18:00+00:00,4326.79980,4327.60010,4326.60010,4326.60010,83.0000
2026-09-23T18:19:00+00:00,4326.39990,4327.70020,4326.39990,4326.89990,98.0000
2026-09-23T18:20:00+00:00,4326.20020,4327.10010,4326.20020,4326.79980,27.0000
2026-09-23T18:21:00+00:00,4326.89990,4326.89990,4324.10010,4324.60010,39.0000
2026-09-23T18:22:00+00:00,4325.29980,4325.79980,4324.89990,4324.89990,76.0000
2026-09-23T18:23:00+00:00,4325.00000,4326.20020,4324.39990,4324.50000,44.0000
2026-09-23T18:24:00+00:00,4324.39990,4324.39990,4324.00000,4324.10010,11.0000
2026-09-23T18:25:00+00:00,4324.20020,4324.50000,4323.50000,4323.70020,52.0000
2026-09-23T18:26:00+00:00,4323.89990,4324.20020,4323.10010,4323.29980,34.0000
2026-09-23T18:27:00+00:00,4323.50000,4323.60010,4322.29980,4322.70020,79.0000
2026-09-23T18:28:00+00:00,4322.50000,4322.50000,4320.39990,4321.00000,131.0000
2026-09-23T18:29:00+00:00,4321.00000,4322.39990,4319.89990,4322.20020,155.0000
2026-09-23T18:30:00+00:00,4322.29980,4322.29980,4320.79980,4321.20020,62.0000
2026-09-23T18:31:00+00:00,4321.50000,4323.20020,4321.50000,4323.20020,26.0000
2026-09-23T18:32:00+00:00,4323.39990,4323.39990,4322.50000,4323.20020,51.0000
2026-09-23T18:33:00+00:00,4323.10010,4323.39990,4322.60010,4322.60010,22.0000
2026-09-23T18:34:00+00:00,4322.39990,4323.10010,4322.20020,4322.60010,27.0000
2026-09-23T18:35:00+00:00,4323.20020,4323.70020,4322.60010,4323.39990,39.0000
2026-09-23T18:36:00+00:00,4323.39990,4323.79980,4322.70020,4323.10010,40.0000
2026-09-23T18:37:00+00:00,4323.00000,4323.00000,4322.39990,4322.89990,16.0000
2026-09-23T18:38:00+00:00,4322.70020,4322.70020,4321.50000,4321.79980,45.0000
2026-09-23T18:39:00+00:00,4321.79980,4321.79980,4320.79980,4321.20020,49.0000
2026-09-23T18:40:00+00:00,4321.39990,4321.70020,4320.89990,4321.20020,37.0000
2026-09-23T18:41:00+00:00,4321.20020,4322.10010,4320.60010,4321.79980,30.0000
2026-09-23T18:42:00+00:00,4322.00000,4322.70020,4321.50000,4321.60010,46.0000
2026-09-23T18:43:00+00:00,4321.79980,4322.00000,4321.20020,4321.50000,34.0000
2026-09-23T18:44:00+00:00,4321.20020,4321.39990,4320.29980,4320.39990,50.0000
2026-09-23T18:45:00+00:00,4320.20020,4320.70020,4319.00000,4320.29980,89.0000
2026-09-23T18:46:00+00:00,4320.29980,4320.50000,4319.70020,4320.00000,33.0000
2026-09-23T18:47:00+00:00,4320.20020,4321.20020,4320.20020,4321.10010,29.0000
2026-09-23T18:48:00+00:00,4321.10010,4322.50000,4320.79980,4322.50000,30.0000
2026-09-23T18:49:00+00:00,4322.39990,4323.29980,4322.39990,4323.10010,47.0000
2026-09-23T18:50:00+00:00,4322.89990,4324.20020,4322.89990,4322.89990,138.0000
2026-09-23T18:51:00+00:00,4323.29980,4324.10010,4323.29980,4323.50000,93.0000
2026-09-23T18:52:00+00:00,4323.70020,4324.10010,4323.60010,4323.89990,23.0000
2026-09-23T18:53:00+00:00,4323.89990,4324.20020,4322.89990,4323.39990,54.0000
2026-09-23T18:54:00+00:00,4323.60010,4324.60010,4323.39990,4324.60010,45.0000
2026-09-23T18:55:00+00:00,4324.50000,4326.39990,4323.60010,4326.29980,215.0000
2026-09-23T18:56:00+00:00,4326.10010,4326.20020,4325.39990,4325.70020,57.0000
2026-09-23T18:57:00+00:00,4325.50000,4325.79980,4325.10010,4325.70020,30.0000
2026-09-23T18:58:00+00:00,4325.29980,4326.60010,4325.10010,4326.60010,97.0000
2026-09-23T18:59:00+00:00,4326.39990,4327.00000,4326.10010,4326.79980,85.0000
2026-09-23T19:00:00+00:00,4326.70020,4327.10010,4325.29980,4326.50000,91.0000
2026-09-23T19:01:00+00:00,4326.10010,4327.20020,4326.00000,4326.20020,42.0000
2026-09-23T19:02:00+00:00,4326.20020,4326.60010,4326.00000,4326.29980,20.0000
2026-09-23T19:03:00+00:00,4326.39990,4326.60010,4324.29980,4324.29980,18.0000
2026-09-23T19:04:00+00:00,4324.70020,4325.10010,4324.29980,4325.10010,31.0000
2026-09-23T19:05:00+00:00,4325.29980,4325.50000,4324.60010,4324.70020,30.0000
2026-09-23T19:06:00+00:00,4324.89990,4328.10010,4324.89990,4328.10010,81.0000
2026-09-23T19:07:00+00:00,4327.79980,4329.39990,4326.79980,4328.70020,85.0000
2026-09-23T19:08:00+00:00,4329.20020,4329.89990,4328.00000,4328.00000,61.0000
2026-09-23T19:09:00+00:00,4327.89990,4327.89990,4325.50000,4325.89990,80.0000
2026-09-23T19:10:00+00:00,4326.00000,4326.50000,4325.50000,4325.70020,42.0000
2026-09-23T19:11:00+00:00,4325.89990,4326.39990,4325.70020,4326.29980,28.0000
2026-09-23T19:12:00+00:00,4326.20020,4326.20020,4324.00000,4324.10010,305.0000
2026-09-23T19:13:00+00:00,4324.00000,4324.00000,4322.50000,4323.10010,79.0000
2026-09-23T19:14:00+00:00,4323.20020,4323.50000,4320.89990,4320.89990,98.0000
2026-09-23T19:15:00+00:00,4321.10010,4322.60010,4320.20020,4320.39990,96.0000
2026-09-23T19:16:00+00:00,4320.29980,4321.70020,4319.70020,4321.60010,69.0000
2026-09-23T19:17:00+00:00,4321.79980,4322.10010,4321.10010,4322.00000,38.0000
2026-09-23T19:18:00+00:00,4322.10010,4322.10010,4320.89990,4321.60010,20.0000
2026-09-23T19:19:00+00:00,4321.70020,4322.00000,4320.20020,4320.70020,74.0000
2026-09-23T19:20:00+00:00,4320.70020,4321.00000,4320.10010,4320.20020,117.0000
2026-09-23T19:21:00+00:00,4320.39990,4320.79980,4319.89990,4320.39990,60.0000
2026-09-23T19:22:00+00:00,4320.29980,4320.60010,4320.00000,4320.39990,39.0000
2026-09-23T19:23:00+00:00,4320.60010,4322.00000,4319.89990,4321.29980,115.0000
2026-09-23T19:24:00+00:00,4321.60010,4322.29980,4321.60010,4322.29980,29.0000
2026-09-23T19:25:00+00:00,4322.10010,4322.60010,4321.50000,4321.50000,37.0000
2026-09-23T19:26:00+00:00,4321.70020,4322.39990,4321.00000,4321.00000,27.0000
2026-09-23T19:27:00+00:00,4321.29980,4323.29980,4321.00000,4322.79980,38.0000
2026-09-23T19:28:00+00:00,4322.39990,4323.39990,4322.39990,4323.20020,16.0000
2026-09-23T19:29:00+00:00,4323.20020,4323.89990,4323.00000,4323.20020,65.0000
2026-09-23T19:30:00+00:00,4323.20020,4323.79980,4322.29980,4323.20020,103.0000
2026-09-23T19:31:00+00:00,4323.20020,4323.20020,4321.20020,4321.39990,44.0000
2026-09-23T19:32:00+00:00,4321.20020,4321.20020,4320.10010,4321.00000,52.0000
2026-09-23T19:33:00+00:00,4321.20020,4321.60010,4320.70020,4321.60010,35.0000
2026-09-23T19:34:00+00:00,4321.70020,4322.20020,4321.50000,4322.20020,43.0000
2026-09-23T19:35:00+00:00,4322.10010,4322.29980,4321.20020,4321.20020,21.0000
2026-09-23T19:36:00+00:00,4321.39990,4321.60010,4319.89990,4320.20020,151.0000
2026-09-23T19:37:00+00:00,4320.00000,4320.20020,4319.10010,4319.10010,68.0000
2026-09-23T19:38:00+00:00,4319.00000,4319.00000,4317.29980,4318.00000,144.0000
2026-09-23T19:39:00+00:00,4317.89990,4318.70020,4317.60010,4318.39990,104.0000
2026-09-23T19:40:00+00:00,4318.60010,4320.60010,4318.60010,4320.29980,49.0000
2026-09-23T19:41:00+00:00,4320.20020,4321.20020,4319.79980,4319.79980,77.0000
2026-09-23T19:42:00+00:00,4319.70020,4320.50000,4319.00000,4319.00000,68.0000
2026-09-23T19:43:00+00:00,4318.79980,4319.50000,4318.29980,4318.50000,55.0000
2026-09-23T19:44:00+00:00,4318.39990,4318.89990,4318.00000,4318.89990,50.0000
2026-09-23T19:45:00+00:00,4318.89990,4320.39990,4318.50000,4320.00000,73.0000
2026-09-23T19:46:00+00:00,4319.70020,4322.00000,4319.70020,4321.79980,39.0000
2026-09-23T19:47:00+00:00,4321.79980,4322.70020,4321.60010,4322.00000,57.0000
2026-09-23T19:48:00+00:00,4322.20020,4322.60010,4321.70020,4322.20020,48.0000
2026-09-23T19:49:00+00:00,4322.70020,4323.20020,4322.29980,4322.89990,66.0000
2026-09-23T19:50:00+00:00,4323.10010,4323.39990,4321.29980,4322.60010,111.0000
2026-09-23T19:51:00+00:00,4322.79980,4323.20020,4322.10010,4323.10010,224.0000
2026-09-23T19:52:00+00:00,4323.29980,4323.50000,4320.39990,4320.70020,270.0000
2026-09-23T19:53:00+00:00,4320.79980,4321.60010,4320.20020,4320.70020,85.0000
2026-09-23T19:54:00+00:00,4320.70020,4321.10010,4319.39990,4319.50000,68.0000
2026-09-23T19:55:00+00:00,4319.60010,4320.79980,4318.79980,4319.89990,118.0000
2026-09-23T19:56:00+00:00,4319.70020,4320.00000,4318.89990,4319.29980,65.0000
2026-09-23T19:57:00+00:00,4319.39990,4320.39990,4318.29980,4319.89990,98.0000
2026-09-23T19:58:00+00:00,4319.89990,4320.50000,4319.39990,4319.70020,112.0000
2026-09-23T19:59:00+00:00,4319.50000,4321.29980,4319.20020,4320.60010,149.0000
2026-09-23T20:00:00+00:00,4320.29980,4321.10010,4319.50000,4320.10010,74.0000
2026-09-23T20:01:00+00:00,4320.20020,4320.79980,4319.89990,4320.60010,47.0000
2026-09-23T20:02:00+00:00,4321.00000,4322.00000,4321.00000,4321.29980,268.0000
2026-09-23T20:03:00+00:00,4321.39990,4321.60010,4320.79980,4320.89990,36.0000
2026-09-23T20:04:00+00:00,4321.29980,4321.60010,4320.70020,4320.89990,49.0000
2026-09-23T20:05:00+00:00,4321.20020,4322.89990,4321.10010,4322.89990,63.0000
2026-09-23T20:06:00+00:00,4322.89990,4324.00000,4322.89990,4323.70020,37.0000
2026-09-23T20:07:00+00:00,4323.60010,4323.60010,4323.00000,4323.29980,33.0000
2026-09-23T20:08:00+00:00,4323.20020,4323.20020,4322.60010,4322.79980,10.0000
2026-09-23T20:09:00+00:00,4322.89990,4323.60010,4322.79980,4323.29980,25.0000
2026-09-23T20:10:00+00:00,4323.20020,4323.39990,4322.20020,4322.20020,36.0000
2026-09-23T20:11:00+00:00,4322.10010,4322.29980,4321.20020,4321.20020,30.0000
2026-09-23T20:12:00+00:00,4321.50000,4321.70020,4321.20020,4321.50000,10.0000
2026-09-23T20:13:00+00:00,4321.50000,4321.89990,4321.39990,4321.89990,11.0000
2026-09-23T20:14:00+00:00,4321.70020,4321.70020,4320.89990,4320.89990,12.0000
2026-09-23T20:15:00+00:00,4321.10010,4321.79980,4320.50000,4321.20020,91.0000
2026-09-23T20:16:00+00:00,4321.29980,4321.79980,4321.20020,4321.79980,416.0000
2026-09-23T20:17:00+00:00,4321.79980,4321.79980,4321.10010,4321.79980,14.0000
2026-09-23T20:18:00+00:00,4321.79980,4321.89990,4321.10010,4321.10010,28.0000
2026-09-23T20:19:00+00:00,4321.00000,4321.00000,4319.29980,4319.29980,263.0000
2026-09-23T20:20:00+00:00,4319.60010,4320.20020,4319.00000,4319.00000,51.0000
2026-09-23T20:21:00+00:00,4319.00000,4319.39990,4318.39990,4319.29980,42.0000
2026-09-23T20:22:00+00:00,4319.60010,4320.20020,4319.60010,4320.00000,63.0000
2026-09-23T20:23:00+00:00,4320.10010,4320.39990,4320.00000,4320.39990,7.0000
2026-09-23T20:24:00+00:00,4320.39990,4320.70020,4320.00000,4320.20020,21.0000
2026-09-23T20:25:00+00:00,4320.39990,4320.60010,4320.20020,4320.20020,40.0000
2026-09-23T20:26:00+00:00,4320.39990,4320.79980,4320.20020,4320.50000,22.0000
2026-09-23T20:27:00+00:00,4320.20020,4320.50000,4320.10010,4320.29980,17.0000
2026-09-23T20:28:00+00:00,4320.39990,4320.79980,4320.39990,4320.79980,2.0000
2026-09-23T20:29:00+00:00,4320.50000,4321.20020,4320.50000,4321.20020,13.0000
2026-09-23T20:30:00+00:00,4321.79980,4322.00000,4321.20020,4322.00000,7.0000
2026-09-23T20:31:00+00:00,4321.89990,4322.29980,4320.79980,4321.39990,50.0000
2026-09-23T20:32:00+00:00,4321.89990,4321.89990,4320.50000,4320.50000,27.0000
2026-09-23T20:33:00+00:00,4320.60010,4320.89990,4319.10010,4319.20020,67.0000
2026-09-23T20:34:00+00:00,4319.29980,4319.70020,4318.60010,4318.89990,46.0000
2026-09-23T20:35:00+00:00,4319.10010,4320.00000,4319.00000,4320.00000,58.0000
2026-09-23T20:36:00+00:00,4319.70020,4319.70020,4319.29980,4319.70020,10.0000
2026-09-23T20:37:00+00:00,4319.60010,4319.70020,4319.29980,4319.60010,7.0000
2026-09-23T20:38:00+00:00,4320.00000,4320.00000,4319.70020,4320.00000,7.0000
2026-09-23T20:39:00+00:00,4320.10010,4320.79980,4320.10010,4320.29980,25.0000
2026-09-23T20:40:00+00:00,4320.79980,4321.39990,4320.70020,4321.39990,65.0000
2026-09-23T20:41:00+00:00,4321.10010,4321.70020,4321.00000,4321.50000,16.0000
2026-09-23T20:46:00+00:00,4321.20020,4321.39990,4321.20020,4321.29980,91.0000
2026-09-23T20:47:00+00:00,4321.79980,4322.10010,4321.70020,4321.70020,7.0000
2026-09-23T20:48:00+00:00,4321.60010,4322.20020,4321.50000,4322.10010,17.0000
2026-09-23T20:49:00+00:00,4322.10010,4322.10010,4321.79980,4322.10010,15.0000
2026-09-23T20:50:00+00:00,4322.29980,4322.79980,4322.20020,4322.50000,42.0000
2026-09-23T20:51:00+00:00,4322.29980,4322.70020,4322.29980,4322.70020,2.0000
2026-09-23T20:52:00+00:00,4323.00000,4323.20020,4322.60010,4323.00000,19.0000
2026-09-23T20:53:00+00:00,4323.00000,4323.70020,4323.00000,4323.50000,41.0000
2026-09-23T20:54:00+00:00,4323.60010,4325.79980,4323.60010,4325.79980,52.0000
2026-09-23T20:55:00+00:00,4325.79980,4326.50000,4325.70020,4326.20020,109.0000
2026-09-23T20:56:00+00:00,4325.89990,4325.89990,4323.29980,4323.29980,144.0000
2026-09-23T20:57:00+00:00,4323.29980,4324.29980,4322.70020,4322.79980,87.0000
2026-09-23T20:58:00+00:00,4322.79980,4323.60010,4322.39990,4323.60010,63.0000
2026-09-23T20:59:00+00:00,4323.10010,4323.89990,4322.00000,4322.70020,145.0000
2026-09-23T21:00:00+00:00,4322.70020,4322.70020,4322.70020,4322.70020,1.0000
2026-09-23T22:00:00+00:00,4324.39990,4325.79980,4324.00000,4325.00000,0.0000
2026-09-23T22:01:00+00:00,4324.89990,4325.29980,4324.70020,4324.70020,9.0000
2026-09-23T22:02:00+00:00,4325.20020,4326.00000,4325.20020,4325.50000,34.0000
2026-09-23T22:03:00+00:00,4325.79980,4326.79980,4325.60010,4326.60010,46.0000
2026-09-23T22:04:00+00:00,4326.89990,4328.10010,4326.29980,4327.29980,110.0000
2026-09-23T22:05:00+00:00,4327.60010,4328.70020,4327.29980,4328.20020,39.0000
2026-09-23T22:06:00+00:00,4328.29980,4328.79980,4328.10010,4328.20020,26.0000
2026-09-23T22:07:00+00:00,4328.20020,4328.50000,4327.70020,4328.29980,26.0000
2026-09-23T22:08:00+00:00,4328.29980,4328.79980,4327.50000,4327.70020,28.0000
2026-09-23T22:09:00+00:00,4328.20020,4328.50000,4326.29980,4326.89990,58.0000
2026-09-23T22:10:00+00:00,4326.89990,4326.89990,4325.20020,4325.20020,114.0000
2026-09-23T22:11:00+00:00,4325.29980,4325.50000,4323.00000,4323.70020,241.0000
2026-09-23T22:12:00+00:00,4323.60010,4323.60010,4321.50000,4322.10010,72.0000
2026-09-23T22:13:00+00:00,4321.70020,4323.39990,4320.89990,4323.00000,380.0000
2026-09-23T22:14:00+00:00,4322.89990,4323.39990,4321.29980,4322.79980,114.0000
2026-09-23T22:15:00+00:00,4323.00000,4323.10010,4322.10010,4322.50000,100.0000
2026-09-23T22:16:00+00:00,4322.39990,4323.39990,4321.50000,4321.89990,67.0000
2026-09-23T22:17:00+00:00,4321.79980,4322.60010,4321.79980,4322.39990,20.0000
2026-09-23T22:18:00+00:00,4322.20020,4322.29980,4321.79980,4322.20020,26.0000
2026-09-23T22:19:00+00:00,4322.39990,4323.20020,4321.60010,4322.10010,35.0000
2026-09-23T22:20:00+00:00,4322.10010,4322.70020,4322.00000,4322.70020,19.0000
2026-09-23T22:21:00+00:00,4322.79980,4323.50000,4322.60010,4322.89990,38.0000
2026-09-23T22:22:00+00:00,4323.00000,4324.70020,4322.70020,4323.79980,164.0000
2026-09-23T22:23:00+00:00,4324.29980,4327.39990,4324.20020,4325.29980,351.0000
2026-09-23T22:24:00+00:00,4325.50000,4327.39990,4324.89990,4326.70020,370.0000
2026-09-23T22:25:00+00:00,4326.10010,4326.89990,4324.60010,4325.89990,197.0000
2026-09-23T22:26:00+00:00,4326.10010,4326.79980,4324.20020,4324.20020,91.0000
2026-09-23T22:27:00+00:00,4324.20020,4325.70020,4323.79980,4324.39990,121.0000
2026-09-23T22:28:00+00:00,4324.79980,4325.39990,4323.29980,4323.39990,29.0000
2026-09-23T22:29:00+00:00,4323.60010,4323.89990,4323.00000,4323.79980,65.0000
2026-09-23T22:30:00+00:00,4323.50000,4323.89990,4322.79980,4323.10010,108.0000
2026-09-23T22:31:00+00:00,4323.29980,4323.39990,4322.60010,4323.00000,78.0000
2026-09-23T22:32:00+00:00,4322.89990,4324.20020,4322.70020,4323.79980,167.0000
2026-09-23T22:33:00+00:00,4323.50000,4324.20020,4323.00000,4323.89990,177.0000
2026-09-23T22:34:00+00:00,4323.79980,4324.29980,4323.00000,4323.50000,187.0000
2026-09-23T22:35:00+00:00,4323.60010,4324.50000,4323.10010,4324.10010,195.0000
2026-09-23T22:36:00+00:00,4323.60010,4325.39990,4323.20020,4324.79980,250.0000
2026-09-23T22:37:00+00:00,4324.89990,4326.10010,4324.29980,4325.50000,100.0000
2026-09-23T22:38:00+00:00,4325.50000,4325.50000,4322.79980,4322.79980,100.0000
2026-09-23T22:39:00+00:00,4322.79980,4325.00000,4322.50000,4324.39990,56.0000
2026-09-23T22:40:00+00:00,4323.79980,4324.70020,4323.60010,4324.39990,32.0000
2026-09-23T22:41:00+00:00,4324.00000,4324.89990,4324.00000,4324.29980,21.0000
2026-09-23T22:42:00+00:00,4324.89990,4325.39990,4323.79980,4323.79980,29.0000
2026-09-23T22:43:00+00:00,4323.39990,4323.79980,4323.10010,4323.50000,26.0000
2026-09-23T22:44:00+00:00,4323.29980,4324.00000,4323.00000,4324.00000,15.0000
2026-09-23T22:45:00+00:00,4323.79980,4323.89990,4323.00000,4323.39990,16.0000
2026-09-23T22:46:00+00:00,4322.89990,4324.89990,4322.60010,4324.50000,52.0000
2026-09-23T22:47:00+00:00,4324.79980,4325.60010,4324.60010,4325.60010,43.0000
2026-09-23T22:48:00+00:00,4325.60010,4326.00000,4325.29980,4326.00000,24.0000
2026-09-23T22:49:00+00:00,4325.89990,4325.89990,4324.50000,4324.50000,76.0000
2026-09-23T22:50:00+00:00,4324.60010,4324.60010,4322.70020,4322.89990,50.0000
2026-09-23T22:51:00+00:00,4323.50000,4323.50000,4322.60010,4323.20020,21.0000
2026-09-23T22:52:00+00:00,4323.29980,4323.50000,4322.39990,4322.39990,24.0000
2026-09-23T22:53:00+00:00,4322.70020,4324.70020,4322.50000,4324.70020,122.0000
2026-09-23T22:54:00+00:00,4324.29980,4325.00000,4322.89990,4323.10010,193.0000
2026-09-23T22:55:00+00:00,4323.10010,4326.00000,4322.50000,4325.70020,116.0000
2026-09-23T22:56:00+00:00,4325.70020,4326.20020,4325.39990,4325.39990,36.0000
2026-09-23T22:57:00+00:00,4325.20020,4325.20020,4324.00000,4324.00000,24.0000
2026-09-23T22:58:00+00:00,4324.20020,4324.89990,4324.20020,4324.70020,7.0000
2026-09-23T22:59:00+00:00,4324.50000,4324.50000,4324.20020,4324.20020,8.0000
2026-09-23T23:00:00+00:00,4324.00000,4324.89990,4323.79980,4324.89990,78.0000
2026-09-23T23:02:00+00:00,4324.10010,4324.89990,4323.89990,4324.60010,17.0000
2026-09-23T23:03:00+00:00,4324.20020,4324.29980,4323.79980,4324.29980,13.0000
2026-09-23T23:04:00+00:00,4324.70020,4325.60010,4324.70020,4325.29980,16.0000
2026-09-23T23:05:00+00:00,4325.39990,4326.20020,4325.39990,4325.50000,70.0000
2026-09-23T23:06:00+00:00,4325.50000,4326.20020,4325.00000,4325.00000,31.0000
2026-09-23T23:07:00+00:00,4325.00000,4325.50000,4324.79980,4325.50000,5.0000
2026-09-23T23:08:00+00:00,4325.60010,4326.60010,4325.39990,4326.60010,31.0000
2026-09-23T23:09:00+00:00,4325.89990,4325.89990,4325.20020,4325.60010,10.0000
2026-09-23T23:10:00+00:00,4325.60010,4326.39990,4325.50000,4325.79980,18.0000
2026-09-23T23:12:00+00:00,4326.10010,4326.39990,4325.79980,4326.29980,18.0000
2026-09-23T23:13:00+00:00,4325.70020,4326.10010,4325.70020,4326.10010,4.0000
2026-09-23T23:14:00+00:00,4325.89990,4326.29980,4325.79980,4326.00000,12.0000
2026-09-23T23:15:00+00:00,4326.39990,4328.79980,4326.29980,4327.79980,197.0000
2026-09-23T23:16:00+00:00,4328.00000,4328.10010,4326.70020,4326.70020,40.0000
2026-09-23T23:17:00+00:00,4326.60010,4327.20020,4325.70020,4325.70020,35.0000
2026-09-23T23:18:00+00:00,4325.89990,4325.89990,4325.00000,4325.39990,32.0000
2026-09-23T23:19:00+00:00,4325.60010,4325.60010,4324.10010,4325.20020,52.0000
2026-09-23T23:20:00+00:00,4325.10010,4326.20020,4324.39990,4326.20020,46.0000
2026-09-23T23:21:00+00:00,4326.00000,4326.00000,4324.60010,4324.79980,36.0000
2026-09-23T23:22:00+00:00,4324.60010,4325.20020,4324.00000,4325.20020,22.0000
2026-09-23T23:23:00+00:00,4325.39990,4325.70020,4325.20020,4325.39990,8.0000
2026-09-23T23:24:00+00:00,4325.10010,4325.10010,4325.00000,4325.00000,4.0000
2026-09-23T23:25:00+00:00,4324.79980,4324.79980,4324.60010,4324.70020,4.0000
2026-09-23T23:26:00+00:00,4324.70020,4324.70020,4323.60010,4324.20020,15.0000
2026-09-23T23:27:00+00:00,4324.50000,4324.50000,4324.10010,4324.10010,10.0000
2026-09-23T23:28:00+00:00,4324.29980,4324.79980,4324.10010,4324.10010,32.0000
2026-09-23T23:29:00+00:00,4324.00000,4324.00000,4323.00000,4323.20020,33.0000
2026-09-23T23:30:00+00:00,4323.60010,4324.20020,4323.20020,4324.00000,57.0000
2026-09-23T23:31:00+00:00,4323.79980,4323.79980,4321.60010,4321.79980,52.0000
2026-09-23T23:32:00+00:00,4321.39990,4322.10010,4321.20020,4321.70020,25.0000
2026-09-23T23:33:00+00:00,4321.50000,4321.89990,4321.20020,4321.29980,35.0000
2026-09-23T23:34:00+00:00,4321.10010,4321.29980,4320.70020,4321.10010,39.0000
2026-09-23T23:35:00+00:00,4320.89990,4321.10010,4320.79980,4321.10010,9.0000
2026-09-23T23:36:00+00:00,4320.89990,4321.50000,4320.89990,4321.39990,20.0000
2026-09-23T23:37:00+00:00,4321.70020,4322.29980,4321.10010,4322.00000,62.0000
2026-09-23T23:38:00+00:00,4322.00000,4322.70020,4321.70020,4322.39990,20.0000
2026-09-23T23:39:00+00:00,4322.39990,4322.39990,4321.39990,4321.79980,13.0000
2026-09-23T23:40:00+00:00,4321.50000,4322.39990,4321.50000,4322.00000,23.0000
2026-09-23T23:41:00+00:00,4321.89990,4321.89990,4321.10010,4321.10010,7.0000
2026-09-23T23:42:00+00:00,4320.60010,4320.70020,4320.20020,4320.70020,26.0000
2026-09-23T23:43:00+00:00,4320.60010,4320.60010,4320.20020,4320.39990,10.0000
2026-09-23T23:44:00+00:00,4320.60010,4320.79980,4320.29980,4320.39990,16.0000
2026-09-23T23:45:00+00:00,4320.39990,4322.20020,4320.29980,4322.00000,260.0000
2026-09-23T23:46:00+00:00,4322.10010,4322.70020,4322.10010,4322.29980,18.0000
2026-09-23T23:47:00+00:00,4322.60010,4324.10010,4322.60010,4323.79980,57.0000
2026-09-23T23:48:00+00:00,4323.70020,4323.89990,4323.10010,4323.50000,10.0000
2026-09-23T23:49:00+00:00,4323.89990,4325.10010,4323.89990,4325.10010,27.0000
2026-09-23T23:50:00+00:00,4324.79980,4325.29980,4324.20020,4325.20020,40.0000
2026-09-23T23:51:00+00:00,4324.70020,4325.79980,4324.50000,4325.79980,15.0000
2026-09-23T23:52:00+00:00,4325.79980,4326.89990,4325.79980,4326.50000,75.0000
2026-09-23T23:53:00+00:00,4326.39990,4326.39990,4325.60010,4325.89990,28.0000
2026-09-23T23:54:00+00:00,4325.60010,4326.60010,4325.60010,4326.00000,28.0000
2026-09-23T23:55:00+00:00,4326.00000,4326.00000,4325.29980,4325.50000,25.0000
2026-09-23T23:56:00+00:00,4325.70020,4327.10010,4325.70020,4326.20020,28.0000
2026-09-23T23:57:00+00:00,4326.39990,4326.39990,4325.89990,4325.89990,29.0000
2026-09-23T23:58:00+00:00,4325.89990,4326.10010,4324.29980,4324.50000,55.0000
2026-09-23T23:59:00+00:00,4324.29980,4325.79980,4323.79980,4323.79980,49.0000
2026-09-24T00:00:00+00:00,4324.10010,4325.70020,4323.50000,4325.29980,44.0000
2026-09-24T00:01:00+00:00,4325.79980,4327.20020,4325.50000,4325.60010,37.0000
2026-09-24T00:02:00+00:00,4325.39990,4325.60010,4323.70020,4323.79980,28.0000
2026-09-24T00:03:00+00:00,4324.60010,4326.39990,4324.60010,4325.10010,49.0000
2026-09-24T00:04:00+00:00,4325.20020,4326.39990,4323.89990,4325.89990,29.0000
2026-09-24T00:05:00+00:00,4325.10010,4326.20020,4323.89990,4324.00000,60.0000
2026-09-24T00:06:00+00:00,4324.50000,4326.29980,4324.50000,4325.89990,43.0000
2026-09-24T00:07:00+00:00,4325.89990,4326.89990,4325.10010,4325.10010,42.0000
2026-09-24T00:08:00+00:00,4325.50000,4326.00000,4324.60010,4325.39990,38.0000
2026-09-24T00:09:00+00:00,4325.50000,4326.60010,4325.39990,4326.60010,38.0000
2026-09-24T00:10:00+00:00,4326.89990,4327.29980,4324.00000,4324.79980,71.0000
2026-09-24T00:11:00+00:00,4324.79980,4325.50000,4322.79980,4323.50000,86.0000
2026-09-24T00:12:00+00:00,4323.10010,4324.70020,4322.50000,4324.00000,42.0000
2026-09-24T00:13:00+00:00,4323.89990,4324.89990,4323.50000,4324.79980,34.0000
2026-09-24T00:14:00+00:00,4324.60010,4324.79980,4323.70020,4324.20020,32.0000
2026-09-24T00:15:00+00:00,4324.20020,4326.60010,4323.29980,4324.10010,57.0000
2026-09-24T00:16:00+00:00,4323.60010,4324.29980,4322.20020,4324.20020,34.0000
2026-09-24T00:17:00+00:00,4323.50000,4324.00000,4322.39990,4323.60010,76.0000
2026-09-24T00:18:00+00:00,4323.39990,4323.89990,4322.89990,4323.79980,53.0000
2026-09-24T00:19:00+00:00,4323.60010,4324.39990,4323.39990,4324.10010,19.0000
2026-09-24T00:20:00+00:00,4324.10010,4324.10010,4322.50000,4322.70020,19.0000
2026-09-24T00:21:00+00:00,4323.10010,4323.20020,4321.60010,4321.70020,58.0000
2026-09-24T00:22:00+00:00,4321.79980,4322.50000,4319.00000,4319.50000,115.0000
2026-09-24T00:23:00+00:00,4319.29980,4321.79980,4319.10010,4321.60010,83.0000
2026-09-24T00:24:00+00:00,4321.70020,4324.39990,4321.70020,4323.00000,98.0000
2026-09-24T00:25:00+00:00,4323.10010,4324.29980,4322.60010,4324.10010,160.0000
2026-09-24T00:26:00+00:00,4323.89990,4325.50000,4322.79980,4323.60010,135.0000
2026-09-24T00:27:00+00:00,4323.39990,4323.60010,4321.50000,4321.79980,41.0000
2026-09-24T00:28:00+00:00,4321.70020,4323.60010,4321.50000,4323.39990,140.0000
2026-09-24T00:29:00+00:00,4323.50000,4327.79980,4323.50000,4327.39990,110.0000
2026-09-24T00:30:00+00:00,4327.10010,4327.50000,4325.60010,4327.39990,110.0000
2026-09-24T00:31:00+00:00,4327.50000,4329.70020,4327.50000,4328.10010,102.0000
2026-09-24T00:32:00+00:00,4328.10010,4328.60010,4327.10010,4327.29980,51.0000
2026-09-24T00:33:00+00:00,4327.29980,4327.50000,4326.60010,4327.00000,25.0000
2026-09-24T00:34:00+00:00,4326.60010,4327.79980,4326.39990,4327.00000,30.0000
2026-09-24T00:35:00+00:00,4327.29980,4327.89990,4327.00000,4327.70020,12.0000
2026-09-24T00:36:00+00:00,4327.39990,4328.39990,4326.89990,4327.39990,21.0000
2026-09-24T00:37:00+00:00,4327.50000,4327.70020,4326.79980,4327.70020,10.0000
2026-09-24T00:38:00+00:00,4328.20020,4328.50000,4327.50000,4327.60010,21.0000
2026-09-24T00:39:00+00:00,4327.50000,4327.60010,4327.39990,4327.39990,6.0000
2026-09-24T00:40:00+00:00,4326.70020,4328.39990,4326.50000,4328.39990,22.0000
2026-09-24T00:41:00+00:00,4328.39990,4329.79980,4328.20020,4328.50000,61.0000
2026-09-24T00:42:00+00:00,4328.60010,4330.39990,4328.60010,4328.79980,94.0000
2026-09-24T00:43:00+00:00,4329.10010,4330.00000,4328.39990,4330.00000,22.0000
2026-09-24T00:44:00+00:00,4330.10010,4330.20020,4329.10010,4329.79980,56.0000
2026-09-24T00:45:00+00:00,4329.20020,4329.60010,4327.89990,4328.50000,36.0000
2026-09-24T00:46:00+00:00,4329.10010,4330.39990,4328.39990,4328.60010,33.0000
2026-09-24T00:47:00+00:00,4328.70020,4329.00000,4326.89990,4326.89990,29.0000
2026-09-24T00:48:00+00:00,4326.79980,4328.60010,4326.60010,4328.39990,38.0000
2026-09-24T00:49:00+00:00,4328.20020,4328.20020,4327.79980,4327.79980,13.0000
2026-09-24T00:50:00+00:00,4327.60010,4329.60010,4327.10010,4328.10010,38.0000
2026-09-24T00:51:00+00:00,4327.39990,4330.60010,4327.39990,4329.29980,60.0000
2026-09-24T00:52:00+00:00,4329.50000,4329.50000,4328.00000,4328.29980,28.0000
2026-09-24T00:53:00+00:00,4328.10010,4329.89990,4327.79980,4329.60010,63.0000
2026-09-24T00:54:00+00:00,4329.89990,4330.70020,4329.89990,4330.39990,31.0000
2026-09-24T00:55:00+00:00,4330.50000,4332.89990,4330.10010,4332.70020,250.0000
2026-09-24T00:56:00+00:00,4332.20020,4332.79980,4331.39990,4332.50000,58.0000
2026-09-24T00:57:00+00:00,4332.70020,4334.60010,4332.39990,4333.39990,121.0000
2026-09-24T00:58:00+00:00,4333.60010,4334.29980,4332.89990,4333.79980,59.0000
2026-09-24T00:59:00+00:00,4333.60010,4334.10010,4332.89990,4333.70020,74.0000
2026-09-24T01:00:00+00:00,4333.79980,4334.10010,4330.79980,4333.20020,342.0000
2026-09-24T01:01:00+00:00,4332.79980,4334.29980,4331.20020,4331.39990,115.0000
2026-09-24T01:02:00+00:00,4331.39990,4331.89990,4328.60010,4328.89990,147.0000
2026-09-24T01:03:00+00:00,4328.70020,4329.60010,4326.10010,4326.79980,254.0000
2026-09-24T01:04:00+00:00,4326.50000,4328.39990,4325.10010,4327.00000,169.0000
2026-09-24T01:05:00+00:00,4326.79980,4326.79980,4324.50000,4324.89990,115.0000
2026-09-24T01:06:00+00:00,4325.00000,4330.00000,4325.00000,4330.00000,177.0000
2026-09-24T01:07:00+00:00,4330.29980,4332.29980,4329.79980,4331.60010,96.0000
2026-09-24T01:08:00+00:00,4331.89990,4332.00000,4330.10010,4330.60010,178.0000
2026-09-24T01:09:00+00:00,4330.39990,4331.00000,4329.70020,4331.00000,80.0000
2026-09-24T01:10:00+00:00,4330.70020,4333.00000,4330.70020,4332.70020,60.0000
2026-09-24T01:11:00+00:00,4332.60010,4334.00000,4331.89990,4332.29980,87.0000
2026-09-24T01:12:00+00:00,4332.10010,4336.79980,4331.89990,4335.29980,290.0000
2026-09-24T01:13:00+00:00,4335.39990,4336.60010,4335.39990,4335.70020,87.0000
2026-09-24T01:14:00+00:00,4336.29980,4337.89990,4336.00000,4337.89990,103.0000
2026-09-24T01:15:00+00:00,4337.89990,4338.00000,4335.89990,4336.20020,179.0000
2026-09-24T01:16:00+00:00,4336.20020,4336.70020,4335.29980,4335.29980,50.0000
2026-09-24T01:17:00+00:00,4335.00000,4335.00000,4332.50000,4334.00000,90.0000
2026-09-24T01:18:00+00:00,4333.70020,4334.00000,4332.29980,4333.20020,79.0000
2026-09-24T01:19:00+00:00,4333.50000,4335.29980,4332.79980,4335.00000,126.0000
2026-09-24T01:20:00+00:00,4334.79980,4335.60010,4334.00000,4334.89990,137.0000
2026-09-24T01:21:00+00:00,4334.20020,4335.10010,4333.29980,4334.50000,104.0000
2026-09-24T01:22:00+00:00,4334.39990,4335.70020,4332.39990,4332.39990,86.0000
2026-09-24T01:23:00+00:00,4332.29980,4333.10010,4331.70020,4332.00000,40.0000
2026-09-24T01:24:00+00:00,4332.60010,4332.89990,4330.60010,4332.79980,102.0000
2026-09-24T01:25:00+00:00,4332.70020,4332.70020,4330.20020,4331.50000,53.0000
2026-09-24T01:26:00+00:00,4331.50000,4332.50000,4331.29980,4332.39990,61.0000
2026-09-24T01:27:00+00:00,4332.50000,4333.39990,4331.70020,4333.39990,44.0000
2026-09-24T01:28:00+00:00,4333.50000,4334.50000,4332.60010,4334.10010,46.0000
2026-09-24T01:29:00+00:00,4334.00000,4335.00000,4333.29980,4334.10010,51.0000
2026-09-24T01:30:00+00:00,4334.70020,4335.89990,4332.79980,4335.20020,140.0000
2026-09-24T01:31:00+00:00,4335.29980,4335.70020,4334.20020,4334.29980,87.0000
2026-09-24T01:32:00+00:00,4334.50000,4335.10010,4333.39990,4334.70020,30.0000
2026-09-24T01:33:00+00:00,4334.50000,4334.50000,4332.29980,4332.29980,25.0000
2026-09-24T01:34:00+00:00,4332.00000,4335.89990,4331.70020,4332.79980,160.0000
2026-09-24T01:35:00+00:00,4332.70020,4334.29980,4332.70020,4333.10010,23.0000
2026-09-24T01:36:00+00:00,4333.10010,4333.39990,4330.00000,4330.20020,123.0000
2026-09-24T01:37:00+00:00,4330.79980,4331.10010,4329.39990,4329.79980,87.0000
2026-09-24T01:38:00+00:00,4329.50000,4329.60010,4328.10010,4328.50000,49.0000
2026-09-24T01:39:00+00:00,4328.29980,4328.79980,4327.79980,4328.70020,303.0000
2026-09-24T01:40:00+00:00,4328.29980,4329.00000,4327.60010,4327.60010,55.0000
2026-09-24T01:41:00+00:00,4327.50000,4328.70020,4326.60010,4328.60010,62.0000
2026-09-24T01:42:00+00:00,4328.50000,4328.70020,4327.29980,4327.29980,52.0000
2026-09-24T01:43:00+00:00,4327.00000,4327.29980,4324.39990,4324.60010,149.0000
2026-09-24T01:44:00+00:00,4324.70020,4326.29980,4324.60010,4324.89990,41.0000
2026-09-24T01:45:00+00:00,4324.79980,4325.50000,4322.39990,4322.89990,103.0000
2026-09-24T01:46:00+00:00,4323.10010,4323.39990,4318.39990,4319.50000,249.0000
2026-09-24T01:47:00+00:00,4319.79980,4323.60010,4319.39990,4323.20020,117.0000
2026-09-24T01:48:00+00:00,4323.20020,4324.00000,4320.39990,4320.39990,104.0000
2026-09-24T01:49:00+00:00,4320.29980,4320.89990,4317.89990,4318.89990,92.0000
2026-09-24T01:50:00+00:00,4318.89990,4319.60010,4315.89990,4316.70020,157.0000
2026-09-24T01:51:00+00:00,4317.10010,4318.79980,4316.89990,4318.50000,89.0000
2026-09-24T01:52:00+00:00,4318.60010,4322.29980,4318.60010,4322.29980,131.0000
2026-09-24T01:53:00+00:00,4322.50000,4323.60010,4320.70020,4320.70020,98.0000
2026-09-24T01:54:00+00:00,4321.39990,4321.39990,4317.39990,4317.39990,208.0000
2026-09-24T01:55:00+00:00,4317.70020,4319.70020,4316.79980,4319.60010,104.0000
2026-09-24T01:56:00+00:00,4319.50000,4319.89990,4318.29980,4318.50000,52.0000
2026-09-24T01:57:00+00:00,4318.29980,4318.89990,4312.60010,4314.00000,411.0000
2026-09-24T01:58:00+00:00,4314.00000,4314.50000,4312.89990,4314.50000,200.0000
2026-09-24T01:59:00+00:00,4314.60010,4315.20020,4313.89990,4314.79980,102.0000
2026-09-24T02:00:00+00:00,4314.00000,4314.39990,4308.39990,4309.60010,1053.0000
2026-09-24T02:01:00+00:00,4309.50000,4312.60010,4309.50000,4312.20020,815.0000
2026-09-24T02:02:00+00:00,4312.10010,4313.50000,4310.50000,4312.89990,158.0000
2026-09-24T02:03:00+00:00,4312.50000,4312.50000,4309.50000,4310.39990,190.0000
2026-09-24T02:04:00+00:00,4310.50000,4311.00000,4309.60010,4310.39990,73.0000
2026-09-24T02:05:00+00:00,4310.39990,4310.70020,4308.60010,4308.89990,82.0000
2026-09-24T02:06:00+00:00,4309.00000,4309.39990,4308.00000,4308.79980,214.0000
2026-09-24T02:07:00+00:00,4309.29980,4310.60010,4309.00000,4309.60010,84.0000
2026-09-24T02:08:00+00:00,4309.60010,4309.79980,4308.10010,4308.70020,177.0000
2026-09-24T02:09:00+00:00,4308.70020,4311.00000,4308.70020,4311.00000,224.0000
2026-09-24T02:10:00+00:00,4311.00000,4312.29980,4310.20020,4312.20020,289.0000
2026-09-24T02:11:00+00:00,4312.00000,4312.70020,4310.89990,4312.29980,51.0000
2026-09-24T02:12:00+00:00,4312.29980,4312.89990,4311.39990,4312.50000,48.0000
2026-09-24T02:13:00+00:00,4312.60010,4315.79980,4312.60010,4315.79980,122.0000
2026-09-24T02:14:00+00:00,4315.89990,4317.39990,4315.29980,4317.29980,107.0000
2026-09-24T02:15:00+00:00,4317.20020,4319.50000,4317.10010,4319.10010,230.0000
2026-09-24T02:16:00+00:00,4319.10010,4320.89990,4318.79980,4319.29980,196.0000
2026-09-24T02:17:00+00:00,4319.50000,4320.00000,4319.20020,4319.60010,50.0000
2026-09-24T02:18:00+00:00,4319.50000,4319.79980,4318.79980,4319.60010,42.0000
2026-09-24T02:19:00+00:00,4319.89990,4321.39990,4319.20020,4319.39990,55.0000
2026-09-24T02:20:00+00:00,4319.60010,4319.70020,4318.50000,4318.70020,78.0000
2026-09-24T02:21:00+00:00,4318.70020,4319.89990,4318.20020,4319.89990,72.0000
2026-09-24T02:22:00+00:00,4319.60010,4319.60010,4318.00000,4319.20020,35.0000
2026-09-24T02:23:00+00:00,4319.20020,4319.70020,4317.20020,4319.70020,110.0000
2026-09-24T02:24:00+00:00,4319.50000,4320.39990,4319.39990,4320.10010,118.0000
2026-09-24T02:25:00+00:00,4320.29980,4320.70020,4319.79980,4319.79980,37.0000
2026-09-24T02:26:00+00:00,4319.39990,4322.50000,4319.39990,4320.50000,146.0000
2026-09-24T02:27:00+00:00,4320.50000,4320.60010,4319.00000,4319.79980,54.0000
2026-09-24T02:28:00+00:00,4319.70020,4320.50000,4319.50000,4320.29980,39.0000
2026-09-24T02:29:00+00:00,4320.70020,4321.50000,4320.20020,4320.79980,36.0000
2026-09-24T02:30:00+00:00,4321.10010,4322.50000,4319.20020,4321.70020,150.0000
2026-09-24T02:31:00+00:00,4321.79980,4323.79980,4321.79980,4323.00000,88.0000
2026-09-24T02:32:00+00:00,4322.89990,4326.79980,4322.89990,4326.29980,121.0000
2026-09-24T02:33:00+00:00,4326.60010,4328.70020,4326.60010,4327.70020,156.0000
2026-09-24T02:34:00+00:00,4327.60010,4328.20020,4325.70020,4327.50000,182.0000
2026-09-24T02:35:00+00:00,4327.60010,4329.00000,4326.10010,4326.29980,151.0000
2026-09-24T02:36:00+00:00,4326.70020,4327.60010,4325.89990,4326.10010,72.0000
2026-09-24T02:37:00+00:00,4325.89990,4327.70020,4325.39990,4327.20020,58.0000
2026-09-24T02:38:00+00:00,4327.20020,4328.50000,4327.20020,4328.00000,79.0000
2026-09-24T02:39:00+00:00,4327.70020,4330.70020,4327.70020,4330.10010,134.0000
2026-09-24T02:40:00+00:00,4329.70020,4329.89990,4328.20020,4328.39990,146.0000
2026-09-24T02:41:00+00:00,4328.39990,4331.39990,4328.39990,4330.79980,76.0000
2026-09-24T02:42:00+00:00,4330.39990,4331.29980,4330.20020,4330.60010,135.0000
2026-09-24T02:43:00+00:00,4330.79980,4332.00000,4329.20020,4330.39990,124.0000
2026-09-24T02:44:00+00:00,4330.00000,4330.60010,4329.89990,4330.20020,36.0000
2026-09-24T02:45:00+00:00,4330.10010,4330.50000,4328.39990,4329.00000,109.0000
2026-09-24T02:46:00+00:00,4328.89990,4329.29980,4328.20020,4329.00000,96.0000
2026-09-24T02:47:00+00:00,4329.00000,4329.20020,4328.29980,4328.70020,58.0000
2026-09-24T02:48:00+00:00,4329.10010,4330.10010,4326.70020,4326.89990,452.0000
2026-09-24T02:49:00+00:00,4326.89990,4327.39990,4325.89990,4327.20020,55.0000
2026-09-24T02:50:00+00:00,4327.50000,4327.60010,4324.70020,4325.10010,115.0000
2026-09-24T02:51:00+00:00,4325.20020,4325.60010,4323.60010,4323.60010,79.0000
2026-09-24T02:52:00+00:00,4323.60010,4324.10010,4322.50000,4323.00000,184.0000
2026-09-24T02:53:00+00:00,4322.89990,4323.29980,4321.89990,4323.10010,57.0000
2026-09-24T02:54:00+00:00,4323.00000,4324.89990,4323.00000,4324.60010,42.0000
2026-09-24T02:55:00+00:00,4324.60010,4327.29980,4324.60010,4327.29980,210.0000
2026-09-24T02:56:00+00:00,4327.20020,4327.79980,4326.20020,4326.79980,240.0000
2026-09-24T02:57:00+00:00,4327.00000,4327.39990,4326.10010,4326.29980,160.0000
2026-09-24T02:58:00+00:00,4327.00000,4327.10010,4325.70020,4326.00000,64.0000
2026-09-24T02:59:00+00:00,4326.29980,4326.50000,4324.89990,4325.70020,78.0000
2026-09-24T03:00:00+00:00,4325.39990,4327.60010,4325.10010,4327.00000,62.0000
2026-09-24T03:01:00+00:00,4326.89990,4328.29980,4326.89990,4328.10010,47.0000
2026-09-24T03:02:00+00:00,4328.29980,4328.70020,4325.79980,4325.89990,80.0000
2026-09-24T03:03:00+00:00,4325.89990,4326.79980,4325.20020,4326.79980,29.0000
2026-09-24T03:04:00+00:00,4326.79980,4326.79980,4324.89990,4325.29980,109.0000
2026-09-24T03:05:00+00:00,4325.50000,4325.50000,4323.20020,4323.20020,45.0000
2026-09-24T03:06:00+00:00,4323.20020,4323.60010,4321.20020,4321.20020,85.0000
2026-09-24T03:07:00+00:00,4321.20020,4321.29980,4320.29980,4321.10010,71.0000
2026-09-24T03:08:00+00:00,4322.00000,4322.20020,4321.00000,4321.00000,92.0000
2026-09-24T03:09:00+00:00,4321.60010,4322.29980,4321.20020,4321.89990,87.0000
2026-09-24T03:10:00+00:00,4321.79980,4322.10010,4320.89990,4320.89990,69.0000
2026-09-24T03:11:00+00:00,4321.29980,4321.29980,4320.50000,4320.89990,36.0000
2026-09-24T03:12:00+00:00,4320.70020,4321.00000,4319.89990,4320.79980,46.0000
2026-09-24T03:13:00+00:00,4320.70020,4323.39990,4320.70020,4323.39990,28.0000
2026-09-24T03:14:00+00:00,4323.39990,4323.39990,4321.70020,4322.10010,39.0000
2026-09-24T03:15:00+00:00,4322.29980,4322.89990,4322.10010,4322.29980,32.0000
2026-09-24T03:16:00+00:00,4322.70020,4323.29980,4322.29980,4322.60010,24.0000
2026-09-24T03:17:00+00:00,4323.20020,4324.10010,4323.00000,4323.70020,22.0000
2026-09-24T03:18:00+00:00,4323.79980,4325.00000,4323.60010,4324.79980,44.0000
2026-09-24T03:19:00+00:00,4325.00000,4325.70020,4322.89990,4322.89990,92.0000
2026-09-24T03:20:00+00:00,4322.89990,4323.89990,4322.29980,4322.70020,43.0000
2026-09-24T03:21:00+00:00,4322.50000,4322.50000,4321.70020,4322.50000,17.0000
2026-09-24T03:22:00+00:00,4321.79980,4323.39990,4321.79980,4322.70020,48.0000
2026-09-24T03:23:00+00:00,4323.29980,4323.50000,4321.79980,4322.10010,27.0000
2026-09-24T03:24:00+00:00,4322.29980,4323.29980,4322.29980,4322.29980,32.0000
2026-09-24T03:25:00+00:00,4322.79980,4323.39990,4322.39990,4322.50000,31.0000
2026-09-24T03:26:00+00:00,4323.00000,4323.50000,4322.00000,4322.60010,93.0000
2026-09-24T03:27:00+00:00,4322.10010,4322.29980,4321.00000,4321.39990,26.0000
2026-09-24T03:28:00+00:00,4321.70020,4321.79980,4321.00000,4321.39990,10.0000
2026-09-24T03:29:00+00:00,4321.20020,4321.70020,4320.20020,4320.79980,27.0000
2026-09-24T03:30:00+00:00,4320.60010,4322.00000,4320.39990,4321.20020,41.0000
2026-09-24T03:31:00+00:00,4321.00000,4321.00000,4320.20020,4320.50000,19.0000
2026-09-24T03:32:00+00:00,4320.79980,4321.29980,4320.50000,4320.70020,58.0000
2026-09-24T03:33:00+00:00,4320.79980,4321.20020,4320.29980,4320.79980,50.0000
2026-09-24T03:34:00+00:00,4320.79980,4321.10010,4319.20020,4319.39990,33.0000
2026-09-24T03:35:00+00:00,4319.60010,4319.60010,4318.39990,4318.60010,55.0000
2026-09-24T03:36:00+00:00,4318.60010,4319.89990,4318.00000,4318.10010,123.0000
2026-09-24T03:37:00+00:00,4318.00000,4318.70020,4317.70020,4318.50000,41.0000
2026-09-24T03:38:00+00:00,4318.70020,4319.29980,4318.50000,4319.29980,11.0000
2026-09-24T03:39:00+00:00,4319.70020,4321.00000,4319.70020,4320.10010,28.0000
2026-09-24T03:40:00+00:00,4320.00000,4320.00000,4319.50000,4319.50000,16.0000
2026-09-24T03:41:00+00:00,4319.50000,4320.50000,4318.79980,4319.20020,67.0000
2026-09-24T03:42:00+00:00,4319.10010,4319.10010,4317.70020,4317.70020,18.0000
2026-09-24T03:43:00+00:00,4317.60010,4317.60010,4317.10010,4317.20020,16.0000
2026-09-24T03:44:00+00:00,4317.10010,4317.10010,4316.39990,4316.70020,48.0000
2026-09-24T03:45:00+00:00,4316.79980,4317.10010,4315.60010,4317.10010,51.0000
2026-09-24T03:46:00+00:00,4317.10010,4319.29980,4317.10010,4318.89990,92.0000
2026-09-24T03:47:00+00:00,4318.79980,4319.50000,4318.50000,4319.20020,111.0000
2026-09-24T03:48:00+00:00,4319.20020,4319.20020,4318.10010,4318.60010,18.0000
2026-09-24T03:49:00+00:00,4318.60010,4318.89990,4318.00000,4318.39990,26.0000
2026-09-24T03:50:00+00:00,4318.50000,4319.10010,4317.50000,4319.00000,38.0000
2026-09-24T03:51:00+00:00,4319.00000,4319.00000,4317.60010,4317.60010,38.0000
2026-09-24T03:52:00+00:00,4317.60010,4317.60010,4316.39990,4316.60010,21.0000
2026-09-24T03:53:00+00:00,4316.39990,4318.29980,4316.39990,4318.29980,43.0000
2026-09-24T03:54:00+00:00,4318.20020,4319.10010,4318.20020,4318.60010,36.0000
2026-09-24T03:55:00+00:00,4318.29980,4318.89990,4317.79980,4318.60010,90.0000
2026-09-24T03:56:00+00:00,4318.70020,4320.00000,4318.50000,4319.20020,115.0000
2026-09-24T03:57:00+00:00,4319.20020,4319.39990,4317.50000,4319.00000,88.0000
2026-09-24T03:58:00+00:00,4319.10010,4319.10010,4317.39990,4318.89990,137.0000
2026-09-24T04:00:00+00:00,4320.10010,4321.79980,4318.89990,4319.29980,100.0000
2026-09-24T04:01:00+00:00,4319.50000,4320.00000,4317.10010,4317.50000,48.0000
2026-09-24T04:02:00+00:00,4318.39990,4318.60010,4317.50000,4317.89990,16.0000
2026-09-24T04:03:00+00:00,4318.10010,4318.29980,4316.39990,4317.10010,116.0000
2026-09-24T04:04:00+00:00,4317.50000,4319.89990,4317.29980,4318.89990,74.0000
2026-09-24T04:05:00+00:00,4318.79980,4319.00000,4318.50000,4318.50000,7.0000
2026-09-24T04:06:00+00:00,4317.89990,4318.29980,4317.79980,4317.89990,10.0000
2026-09-24T04:07:00+00:00,4318.10010,4318.89990,4318.10010,4318.29980,6.0000
2026-09-24T04:08:00+00:00,4318.50000,4318.89990,4318.00000,4318.50000,9.0000
2026-09-24T04:09:00+00:00,4318.60010,4319.29980,4318.29980,4318.70020,28.0000
2026-09-24T04:10:00+00:00,4318.79980,4319.00000,4318.60010,4318.89990,8.0000
2026-09-24T04:11:00+00:00,4318.89990,4320.00000,4318.79980,4319.89990,74.0000
2026-09-24T04:12:00+00:00,4319.70020,4319.70020,4318.60010,4318.60010,30.0000
2026-09-24T04:13:00+00:00,4318.60010,4319.70020,4318.20020,4319.00000,43.0000
2026-09-24T04:14:00+00:00,4319.20020,4320.89990,4319.20020,4319.60010,125.0000
2026-09-24T04:15:00+00:00,4319.70020,4320.10010,4319.39990,4320.00000,64.0000
2026-09-24T04:16:00+00:00,4320.20020,4321.00000,4319.89990,4321.00000,14.0000
2026-09-24T04:17:00+00:00,4321.29980,4321.79980,4320.60010,4321.29980,30.0000
2026-09-24T04:18:00+00:00,4321.20020,4322.79980,4320.50000,4320.50000,58.0000
2026-09-24T04:19:00+00:00,4320.39990,4321.50000,4320.20020,4320.79980,26.0000
2026-09-24T04:20:00+00:00,4321.00000,4322.10010,4320.50000,4320.50000,16.0000
2026-09-24T04:21:00+00:00,4320.50000,4321.39990,4320.50000,4321.10010,11.0000
2026-09-24T04:22:00+00:00,4321.10010,4321.10010,4320.39990,4320.70020,19.0000
2026-09-24T04:23:00+00:00,4320.10010,4320.10010,4319.39990,4319.79980,17.0000
2026-09-24T04:24:00+00:00,4319.70020,4319.89990,4319.10010,4319.29980,15.0000
2026-09-24T04:25:00+00:00,4319.00000,4319.60010,4319.00000,4319.50000,7.0000
2026-09-24T04:26:00+00:00,4320.10010,4320.10010,4318.79980,4319.50000,10.0000
2026-09-24T04:27:00+00:00,4319.20020,4319.70020,4319.20020,4319.70020,8.0000
2026-09-24T04:28:00+00:00,4319.60010,4319.60010,4318.89990,4318.89990,8.0000
2026-09-24T04:29:00+00:00,4319.00000,4321.10010,4319.00000,4321.00000,8.0000
2026-09-24T04:30:00+00:00,4321.20020,4321.20020,4320.79980,4320.89990,5.0000
2026-09-24T04:31:00+00:00,4321.29980,4321.50000,4321.29980,4321.50000,3.0000
2026-09-24T04:32:00+00:00,4321.29980,4322.10010,4321.29980,4321.50000,12.0000
2026-09-24T04:33:00+00:00,4321.89990,4322.89990,4321.89990,4322.39990,16.0000
2026-09-24T04:34:00+00:00,4322.79980,4323.60010,4321.70020,4323.29980,42.0000
2026-09-24T04:35:00+00:00,4323.39990,4323.89990,4322.70020,4323.70020,21.0000
2026-09-24T04:36:00+00:00,4323.39990,4323.39990,4322.79980,4322.79980,10.0000
2026-09-24T04:37:00+00:00,4323.20020,4323.20020,4321.89990,4322.10010,27.0000
2026-09-24T04:38:00+00:00,4321.89990,4323.10010,4321.89990,4323.00000,10.0000
2026-09-24T04:39:00+00:00,4322.20020,4322.20020,4322.00000,4322.00000,5.0000
2026-09-24T04:40:00+00:00,4321.70020,4321.89990,4321.00000,4321.39990,24.0000
2026-09-24T04:41:00+00:00,4322.00000,4322.00000,4320.79980,4321.20020,22.0000
2026-09-24T04:42:00+00:00,4321.50000,4321.60010,4320.39990,4320.89990,20.0000
2026-09-24T04:43:00+00:00,4320.70020,4321.60010,4320.60010,4321.39990,14.0000
2026-09-24T04:44:00+00:00,4321.79980,4321.89990,4321.29980,4321.29980,12.0000
2026-09-24T04:45:00+00:00,4321.50000,4321.70020,4320.79980,4321.10010,22.0000
2026-09-24T04:46:00+00:00,4321.39990,4322.29980,4321.10010,4322.29980,17.0000
2026-09-24T04:47:00+00:00,4322.10010,4322.89990,4322.00000,4322.89990,18.0000
2026-09-24T04:48:00+00:00,4322.70020,4323.70020,4322.60010,4323.00000,76.0000
2026-09-24T04:49:00+00:00,4322.79980,4323.50000,4322.60010,4323.50000,15.0000
2026-09-24T04:50:00+00:00,4323.20020,4323.60010,4322.79980,4323.10010,31.0000
2026-09-24T04:51:00+00:00,4323.00000,4323.29980,4323.00000,4323.10010,10.0000
2026-09-24T04:52:00+00:00,4323.29980,4324.29980,4323.29980,4324.20020,31.0000
2026-09-24T04:53:00+00:00,4324.10010,4324.20020,4322.50000,4324.10010,45.0000
2026-09-24T04:54:00+00:00,4324.10010,4324.60010,4324.10010,4324.50000,13.0000
2026-09-24T04:55:00+00:00,4324.50000,4324.50000,4324.39990,4324.39990,5.0000
2026-09-24T04:56:00+00:00,4324.60010,4325.10010,4324.50000,4324.50000,12.0000
2026-09-24T04:57:00+00:00,4324.50000,4324.50000,4323.79980,4324.20020,7.0000
2026-09-24T04:58:00+00:00,4324.20020,4324.50000,4323.79980,4324.50000,18.0000
2026-09-24T04:59:00+00:00,4324.20020,4324.29980,4323.70020,4324.29980,14.0000
2026-09-24T05:00:00+00:00,4324.39990,4326.60010,4324.39990,4326.60010,136.0000
2026-09-24T05:01:00+00:00,4326.20020,4327.10010,4325.70020,4327.10010,47.0000
2026-09-24T05:02:00+00:00,4327.00000,4327.39990,4326.89990,4327.20020,38.0000
2026-09-24T05:03:00+00:00,4327.20020,4329.39990,4327.00000,4329.39990,100.0000
2026-09-24T05:04:00+00:00,4329.50000,4330.70020,4329.50000,4329.79980,59.0000
2026-09-24T05:05:00+00:00,4329.70020,4331.20020,4329.70020,4329.79980,99.0000
2026-09-24T05:06:00+00:00,4329.29980,4330.00000,4327.39990,4327.39990,70.0000
2026-09-24T05:07:00+00:00,4327.70020,4329.50000,4327.60010,4328.70020,32.0000
2026-09-24T05:08:00+00:00,4328.70020,4330.39990,4328.50000,4328.70020,38.0000
2026-09-24T05:09:00+00:00,4328.79980,4329.50000,4328.60010,4328.70020,58.0000
2026-09-24T05:10:00+00:00,4328.50000,4328.60010,4327.79980,4327.89990,44.0000
2026-09-24T05:11:00+00:00,4327.39990,4327.50000,4326.60010,4326.89990,22.0000
2026-09-24T05:12:00+00:00,4326.89990,4326.89990,4326.10010,4326.39990,18.0000
2026-09-24T05:13:00+00:00,4326.39990,4326.39990,4325.20020,4325.20020,22.0000
2026-09-24T05:14:00+00:00,4325.20020,4325.20020,4324.50000,4325.10010,15.0000
2026-09-24T05:15:00+00:00,4324.70020,4324.79980,4323.50000,4323.50000,30.0000
2026-09-24T05:16:00+00:00,4323.29980,4323.29980,4320.89990,4320.89990,43.0000
2026-09-24T05:17:00+00:00,4321.00000,4323.00000,4320.89990,4323.00000,14.0000
2026-09-24T05:18:00+00:00,4322.79980,4323.89990,4322.70020,4323.89990,22.0000
2026-09-24T05:19:00+00:00,4323.29980,4324.39990,4322.70020,4324.39990,21.0000
2026-09-24T05:20:00+00:00,4324.50000,4326.10010,4324.50000,4325.00000,22.0000
2026-09-24T05:21:00+00:00,4325.20020,4325.20020,4322.79980,4323.39990,22.0000
2026-09-24T05:22:00+00:00,4323.89990,4324.50000,4323.39990,4324.10010,18.0000
2026-09-24T05:23:00+00:00,4324.60010,4324.79980,4323.60010,4324.39990,20.0000
2026-09-24T05:24:00+00:00,4324.50000,4324.50000,4324.00000,4324.10010,11.0000
2026-09-24T05:25:00+00:00,4324.39990,4325.70020,4324.39990,4325.70020,20.0000
2026-09-24T05:26:00+00:00,4325.00000,4325.29980,4324.39990,4324.39990,20.0000
2026-09-24T05:27:00+00:00,4324.00000,4324.00000,4323.50000,4323.79980,45.0000
2026-09-24T05:28:00+00:00,4323.70020,4325.20020,4323.70020,4324.70020,22.0000
2026-09-24T05:29:00+00:00,4324.79980,4325.10010,4324.20020,4325.10010,12.0000
2026-09-24T05:30:00+00:00,4325.50000,4325.70020,4322.50000,4324.00000,147.0000
2026-09-24T05:31:00+00:00,4323.50000,4323.50000,4319.89990,4320.39990,108.0000
2026-09-24T05:32:00+00:00,4320.29980,4322.39990,4319.60010,4322.10010,72.0000
2026-09-24T05:33:00+00:00,4322.20020,4324.89990,4321.29980,4321.60010,106.0000
2026-09-24T05:34:00+00:00,4321.39990,4321.50000,4319.70020,4319.89990,40.0000
2026-09-24T05:35:00+00:00,4319.60010,4320.20020,4318.79980,4319.20020,53.0000
2026-09-24T05:36:00+00:00,4319.29980,4321.50000,4319.29980,4321.50000,36.0000
2026-09-24T05:37:00+00:00,4322.00000,4322.00000,4320.70020,4320.70020,22.0000
2026-09-24T05:38:00+00:00,4320.50000,4321.89990,4320.20020,4321.89990,42.0000
2026-09-24T05:39:00+00:00,4321.79980,4321.79980,4318.20020,4318.79980,50.0000
2026-09-24T05:40:00+00:00,4318.70020,4321.20020,4318.70020,4319.10010,37.0000
2026-09-24T05:41:00+00:00,4319.10010,4319.10010,4316.39990,4317.20020,77.0000
2026-09-24T05:42:00+00:00,4317.50000,4317.70020,4316.00000,4316.70020,69.0000
2026-09-24T05:43:00+00:00,4316.79980,4317.50000,4315.89990,4316.50000,47.0000
2026-09-24T05:44:00+00:00,4316.20020,4316.20020,4315.00000,4315.89990,144.0000
2026-09-24T05:45:00+00:00,4315.39990,4317.10010,4314.60010,4317.10010,93.0000
2026-09-24T05:46:00+00:00,4317.00000,4320.29980,4317.00000,4319.20020,98.0000
2026-09-24T05:47:00+00:00,4319.29980,4319.79980,4319.00000,4319.50000,35.0000
2026-09-24T05:48:00+00:00,4319.39990,4319.39990,4318.70020,4319.29980,13.0000
2026-09-24T05:49:00+00:00,4318.89990,4319.20020,4316.29980,4317.50000,178.0000
2026-09-24T05:50:00+00:00,4318.29980,4318.50000,4317.39990,4317.70020,26.0000
2026-09-24T05:51:00+00:00,4317.20020,4317.39990,4317.20020,4317.20020,4.0000
2026-09-24T05:52:00+00:00,4316.60010,4318.10010,4316.60010,4318.10010,11.0000
2026-09-24T05:53:00+00:00,4318.10010,4318.50000,4315.79980,4315.79980,42.0000
2026-09-24T05:54:00+00:00,4316.00000,4316.29980,4315.00000,4315.00000,20.0000
2026-09-24T05:55:00+00:00,4314.70020,4315.89990,4314.29980,4314.50000,75.0000
2026-09-24T05:56:00+00:00,4314.29980,4314.60010,4312.70020,4312.79980,84.0000
2026-09-24T05:57:00+00:00,4312.79980,4313.79980,4312.29980,4313.70020,63.0000
2026-09-24T05:58:00+00:00,4313.79980,4314.20020,4312.50000,4312.60010,70.0000
2026-09-24T05:59:00+00:00,4312.50000,4314.39990,4312.00000,4313.60010,79.0000
2026-09-24T06:00:00+00:00,4313.79980,4316.79980,4313.39990,4315.50000,158.0000
2026-09-24T06:01:00+00:00,4315.70020,4318.00000,4315.70020,4316.89990,125.0000
2026-09-24T06:02:00+00:00,4317.50000,4318.10010,4316.00000,4317.29980,88.0000
2026-09-24T06:03:00+00:00,4316.79980,4317.29980,4316.00000,4316.50000,64.0000
2026-09-24T06:04:00+00:00,4316.70020,4316.79980,4314.20020,4314.60010,80.0000
2026-09-24T06:05:00+00:00,4314.50000,4316.29980,4314.29980,4315.89990,60.0000
2026-09-24T06:06:00+00:00,4316.60010,4317.70020,4316.39990,4316.89990,55.0000
2026-09-24T06:07:00+00:00,4316.89990,4320.60010,4316.89990,4320.50000,83.0000
2026-09-24T06:08:00+00:00,4320.29980,4320.50000,4318.79980,4318.89990,47.0000
2026-09-24T06:09:00+00:00,4318.39990,4320.89990,4318.00000,4320.79980,27.0000
2026-09-24T06:10:00+00:00,4320.89990,4321.29980,4319.29980,4320.60010,98.0000
2026-09-24T06:11:00+00:00,4320.39990,4320.50000,4319.39990,4319.79980,29.0000
2026-09-24T06:12:00+00:00,4319.50000,4319.70020,4318.50000,4318.89990,35.0000
2026-09-24T06:13:00+00:00,4319.00000,4319.10010,4318.00000,4318.20020,38.0000
2026-09-24T06:14:00+00:00,4317.89990,4318.29980,4316.00000,4317.00000,93.0000
2026-09-24T06:15:00+00:00,4317.00000,4317.39990,4315.89990,4316.20020,71.0000
2026-09-24T06:16:00+00:00,4316.20020,4317.00000,4315.39990,4316.89990,57.0000
2026-09-24T06:17:00+00:00,4316.70020,4318.60010,4316.29980,4317.89990,50.0000
2026-09-24T06:18:00+00:00,4317.79980,4319.20020,4315.50000,4319.20020,125.0000
2026-09-24T06:19:00+00:00,4319.10010,4319.10010,4317.70020,4317.70020,68.0000
2026-09-24T06:20:00+00:00,4317.79980,4319.79980,4317.70020,4318.79980,48.0000
2026-09-24T06:21:00+00:00,4319.00000,4320.20020,4318.70020,4319.20020,41.0000
2026-09-24T06:22:00+00:00,4319.00000,4321.00000,4318.79980,4320.89990,71.0000
2026-09-24T06:23:00+00:00,4321.00000,4321.00000,4319.50000,4319.89990,36.0000
2026-09-24T06:24:00+00:00,4319.89990,4319.89990,4317.79980,4318.79980,65.0000
2026-09-24T06:25:00+00:00,4319.00000,4319.50000,4317.70020,4318.29980,56.0000
2026-09-24T06:26:00+00:00,4318.70020,4319.29980,4317.89990,4319.20020,26.0000
2026-09-24T06:27:00+00:00,4319.50000,4320.00000,4318.29980,4318.70020,59.0000
2026-09-24T06:28:00+00:00,4318.50000,4318.50000,4316.50000,4316.50000,52.0000
2026-09-24T06:29:00+00:00,4316.70020,4317.39990,4316.10010,4317.29980,35.0000
2026-09-24T06:30:00+00:00,4316.79980,4317.50000,4315.50000,4317.39990,124.0000
2026-09-24T06:31:00+00:00,4317.60010,4318.50000,4317.39990,4317.39990,17.0000
2026-09-24T06:32:00+00:00,4317.70020,4318.29980,4317.00000,4317.39990,54.0000
2026-09-24T06:33:00+00:00,4317.10010,4317.10010,4315.89990,4316.10010,29.0000
2026-09-24T06:34:00+00:00,4315.89990,4317.10010,4314.79980,4316.00000,189.0000
2026-09-24T06:35:00+00:00,4316.00000,4316.50000,4314.00000,4314.00000,276.0000
2026-09-24T06:36:00+00:00,4313.89990,4314.89990,4313.20020,4313.50000,92.0000
2026-09-24T06:37:00+00:00,4313.20020,4314.00000,4310.20020,4313.79980,266.0000
2026-09-24T06:38:00+00:00,4313.39990,4314.29980,4313.29980,4313.79980,44.0000
2026-09-24T06:39:00+00:00,4314.20020,4315.50000,4314.20020,4314.79980,45.0000
2026-09-24T06:40:00+00:00,4315.20020,4315.39990,4313.79980,4314.00000,42.0000
2026-09-24T06:41:00+00:00,4314.50000,4314.60010,4312.00000,4312.00000,166.0000
2026-09-24T06:42:00+00:00,4312.10010,4313.20020,4311.89990,4312.39990,61.0000
2026-09-24T06:43:00+00:00,4312.00000,4314.29980,4312.00000,4313.70020,55.0000
2026-09-24T06:44:00+00:00,4313.20020,4314.29980,4312.29980,4312.79980,71.0000
2026-09-24T06:45:00+00:00,4313.00000,4313.00000,4311.60010,4311.89990,96.0000
2026-09-24T06:46:00+00:00,4311.70020,4311.70020,4309.70020,4309.89990,177.0000
2026-09-24T06:47:00+00:00,4309.70020,4310.50000,4309.00000,4309.89990,319.0000
2026-09-24T06:48:00+00:00,4309.60010,4310.79980,4309.29980,4309.60010,79.0000
2026-09-24T06:49:00+00:00,4309.70020,4310.70020,4309.00000,4310.39990,203.0000
2026-09-24T06:50:00+00:00,4310.29980,4311.79980,4310.29980,4311.60010,59.0000
2026-09-24T06:51:00+00:00,4311.60010,4311.79980,4310.20020,4310.70020,45.0000
2026-09-24T06:52:00+00:00,4310.89990,4311.39990,4309.89990,4311.20020,65.0000
2026-09-24T06:53:00+00:00,4311.29980,4312.79980,4311.29980,4312.39990,68.0000
2026-09-24T06:54:00+00:00,4312.50000,4312.89990,4311.39990,4311.60010,27.0000
2026-09-24T06:55:00+00:00,4312.00000,4313.00000,4312.00000,4313.00000,21.0000
2026-09-24T06:56:00+00:00,4312.89990,4313.00000,4311.89990,4312.00000,16.0000
2026-09-24T06:57:00+00:00,4311.79980,4312.79980,4311.79980,4312.50000,41.0000
2026-09-24T06:58:00+00:00,4312.89990,4312.89990,4311.29980,4312.20020,41.0000
2026-09-24T06:59:00+00:00,4311.89990,4312.20020,4310.70020,4311.29980,69.0000
2026-09-24T07:00:00+00:00,4311.20020,4312.39990,4309.70020,4310.10010,177.0000
2026-09-24T07:01:00+00:00,4310.29980,4311.20020,4310.00000,4310.79980,59.0000
2026-09-24T07:02:00+00:00,4310.79980,4310.89990,4309.00000,4310.10010,87.0000
2026-09-24T07:03:00+00:00,4310.60010,4313.60010,4310.60010,4313.39990,94.0000
2026-09-24T07:04:00+00:00,4313.29980,4315.50000,4313.10010,4314.79980,400.0000
2026-09-24T07:05:00+00:00,4314.79980,4317.79980,4314.39990,4317.79980,229.0000
2026-09-24T07:06:00+00:00,4318.00000,4320.00000,4317.39990,4318.89990,222.0000
2026-09-24T07:07:00+00:00,4318.70020,4318.70020,4315.79980,4316.60010,116.0000
2026-09-24T07:08:00+00:00,4316.50000,4318.10010,4316.29980,4316.89990,54.0000
2026-09-24T07:09:00+00:00,4317.29980,4318.50000,4316.29980,4318.50000,66.0000
2026-09-24T07:10:00+00:00,4318.29980,4318.50000,4317.29980,4317.70020,34.0000
2026-09-24T07:11:00+00:00,4317.39990,4318.29980,4316.70020,4317.39990,159.0000
2026-09-24T07:12:00+00:00,4316.79980,4318.79980,4316.70020,4318.39990,31.0000
2026-09-24T07:13:00+00:00,4318.39990,4320.00000,4318.00000,4319.00000,85.0000
2026-09-24T07:14:00+00:00,4319.10010,4319.89990,4318.79980,4319.20020,26.0000
2026-09-24T07:15:00+00:00,4319.00000,4320.20020,4318.29980,4320.20020,43.0000
2026-09-24T07:16:00+00:00,4320.50000,4323.00000,4320.50000,4321.10010,148.0000
2026-09-24T07:17:00+00:00,4321.20020,4322.00000,4320.39990,4320.39990,123.0000
2026-09-24T07:18:00+00:00,4320.29980,4321.79980,4319.70020,4321.79980,48.0000
2026-09-24T07:19:00+00:00,4322.00000,4322.20020,4321.20020,4321.89990,32.0000
2026-09-24T07:20:00+00:00,4321.70020,4321.70020,4319.89990,4319.89990,64.0000
2026-09-24T07:21:00+00:00,4320.10010,4320.10010,4319.00000,4319.29980,62.0000
2026-09-24T07:22:00+00:00,4319.29980,4319.29980,4316.29980,4316.29980,99.0000
2026-09-24T07:23:00+00:00,4316.29980,4317.89990,4316.00000,4317.00000,115.0000
2026-09-24T07:24:00+00:00,4316.89990,4317.29980,4316.20020,4316.70020,29.0000
2026-09-24T07:25:00+00:00,4316.79980,4318.70020,4316.79980,4318.60010,28.0000
2026-09-24T07:26:00+00:00,4318.39990,4318.39990,4317.29980,4317.79980,22.0000
2026-09-24T07:27:00+00:00,4317.50000,4318.50000,4317.39990,4318.50000,23.0000
2026-09-24T07:28:00+00:00,4318.29980,4319.20020,4318.10010,4318.10010,36.0000
2026-09-24T07:29:00+00:00,4318.00000,4320.10010,4317.89990,4320.00000,44.0000
2026-09-24T07:30:00+00:00,4320.00000,4321.29980,4319.20020,4319.20020,81.0000
2026-09-24T07:31:00+00:00,4319.60010,4321.29980,4319.20020,4319.20020,66.0000
2026-09-24T07:32:00+00:00,4319.50000,4322.29980,4319.00000,4322.10010,64.0000
2026-09-24T07:33:00+00:00,4321.79980,4323.00000,4321.00000,4321.00000,92.0000
2026-09-24T07:34:00+00:00,4321.00000,4321.39990,4317.10010,4317.79980,51.0000
2026-09-24T07:35:00+00:00,4318.00000,4320.20020,4317.70020,4320.20020,27.0000
2026-09-24T07:36:00+00:00,4320.50000,4321.60010,4320.29980,4320.39990,28.0000
2026-09-24T07:37:00+00:00,4320.60010,4321.20020,4320.29980,4321.10010,48.0000
2026-09-24T07:38:00+00:00,4321.20020,4321.60010,4320.10010,4320.10010,42.0000
2026-09-24T07:39:00+00:00,4319.89990,4320.00000,4319.29980,4319.60010,19.0000
2026-09-24T07:40:00+00:00,4319.20020,4319.60010,4317.79980,4318.10010,44.0000
2026-09-24T07:41:00+00:00,4317.20020,4317.39990,4315.10010,4316.10010,69.0000
2026-09-24T07:42:00+00:00,4315.89990,4317.00000,4315.20020,4316.39990,27.0000
2026-09-24T07:43:00+00:00,4316.60010,4317.39990,4316.29980,4316.79980,25.0000
2026-09-24T07:44:00+00:00,4317.60010,4318.39990,4317.39990,4318.00000,13.0000
2026-09-24T07:45:00+00:00,4317.89990,4319.79980,4317.60010,4319.50000,61.0000
2026-09-24T07:46:00+00:00,4319.29980,4320.50000,4319.00000,4320.00000,24.0000
2026-09-24T07:47:00+00:00,4319.39990,4319.60010,4316.29980,4316.29980,28.0000
2026-09-24T07:48:00+00:00,4316.39990,4316.60010,4315.20020,4316.10010,45.0000
2026-09-24T07:49:00+00:00,4315.89990,4317.20020,4314.60010,4314.89990,53.0000
2026-09-24T07:50:00+00:00,4314.89990,4315.79980,4313.89990,4315.79980,30.0000
2026-09-24T07:51:00+00:00,4316.20020,4317.79980,4315.70020,4317.70020,37.0000
2026-09-24T07:52:00+00:00,4318.00000,4318.79980,4316.70020,4317.29980,52.0000
2026-09-24T07:53:00+00:00,4316.89990,4317.89990,4316.29980,4317.89990,25.0000
2026-09-24T07:54:00+00:00,4317.70020,4318.50000,4317.50000,4318.10010,26.0000
2026-09-24T07:55:00+00:00,4318.10010,4318.10010,4314.10010,4314.20020,44.0000
2026-09-24T07:56:00+00:00,4314.10010,4315.10010,4313.79980,4314.00000,123.0000
2026-09-24T07:57:00+00:00,4314.00000,4314.89990,4313.79980,4313.79980,11.0000
2026-09-24T07:58:00+00:00,4313.60010,4314.20020,4313.00000,4313.29980,59.0000
2026-09-24T07:59:00+00:00,4313.10010,4313.89990,4310.89990,4313.29980,305.0000
2026-09-24T08:00:00+00:00,4313.39990,4317.50000,4312.39990,4316.10010,248.0000
2026-09-24T08:01:00+00:00,4316.00000,4319.20020,4315.10010,4318.79980,85.0000
2026-09-24T08:02:00+00:00,4318.29980,4319.10010,4316.89990,4317.89990,136.0000
2026-09-24T08:03:00+00:00,4317.89990,4319.39990,4317.00000,4319.00000,46.0000
2026-09-24T08:04:00+00:00,4319.00000,4319.10010,4316.20020,4319.10010,112.0000
2026-09-24T08:05:00+00:00,4319.20020,4320.29980,4317.39990,4318.50000,128.0000
2026-09-24T08:06:00+00:00,4318.70020,4318.70020,4317.00000,4318.50000,31.0000
2026-09-24T08:07:00+00:00,4318.39990,4318.89990,4317.79980,4318.20020,51.0000
2026-09-24T08:08:00+00:00,4318.50000,4318.50000,4316.20020,4316.50000,60.0000
2026-09-24T08:09:00+00:00,4316.29980,4317.60010,4316.20020,4317.29980,16.0000
2026-09-24T08:10:00+00:00,4316.89990,4317.70020,4315.60010,4316.10010,82.0000
2026-09-24T08:11:00+00:00,4316.10010,4316.79980,4314.70020,4315.20020,179.0000
2026-09-24T08:12:00+00:00,4315.50000,4315.50000,4313.29980,4315.10010,54.0000
2026-09-24T08:13:00+00:00,4314.89990,4315.70020,4313.79980,4313.79980,101.0000
2026-09-24T08:14:00+00:00,4314.00000,4314.10010,4311.00000,4311.89990,146.0000
2026-09-24T08:15:00+00:00,4312.10010,4313.50000,4304.39990,4304.79980,574.0000
2026-09-24T08:16:00+00:00,4304.79980,4306.39990,4303.89990,4305.39990,369.0000
2026-09-24T08:17:00+00:00,4305.20020,4308.39990,4304.70020,4305.10010,153.0000
2026-09-24T08:18:00+00:00,4304.60010,4305.00000,4302.50000,4303.00000,436.0000
2026-09-24T08:19:00+00:00,4303.20020,4306.39990,4301.79980,4305.70020,132.0000
2026-09-24T08:20:00+00:00,4305.70020,4308.20020,4304.60010,4304.70020,114.0000
2026-09-24T08:21:00+00:00,4304.79980,4305.29980,4302.20020,4302.29980,140.0000
2026-09-24T08:22:00+00:00,4302.60010,4304.70020,4302.00000,4302.89990,184.0000
2026-09-24T08:23:00+00:00,4302.89990,4304.29980,4302.20020,4302.39990,86.0000
2026-09-24T08:24:00+00:00,4302.50000,4302.89990,4298.39990,4299.89990,467.0000
2026-09-24T08:25:00+00:00,4300.20020,4301.20020,4297.10010,4298.20020,444.0000
2026-09-24T08:26:00+00:00,4298.10010,4298.60010,4296.60010,4298.10010,226.0000
2026-09-24T08:27:00+00:00,4298.39990,4300.20020,4296.70020,4299.29980,169.0000
2026-09-24T08:28:00+00:00,4299.60010,4299.70020,4296.79980,4297.60010,305.0000
2026-09-24T08:29:00+00:00,4297.39990,4300.29980,4297.00000,4298.70020,400.0000
2026-09-24T08:30:00+00:00,4298.60010,4302.60010,4297.70020,4302.10010,163.0000
2026-09-24T08:31:00+00:00,4302.29980,4307.20020,4302.00000,4306.70020,401.0000
2026-09-24T08:32:00+00:00,4306.60010,4308.20020,4305.70020,4307.39990,316.0000
2026-09-24T08:33:00+00:00,4307.50000,4307.70020,4304.79980,4305.29980,70.0000
2026-09-24T08:34:00+00:00,4305.70020,4306.00000,4300.50000,4301.60010,366.0000
2026-09-24T08:35:00+00:00,4302.10010,4302.70020,4300.00000,4301.79980,199.0000
2026-09-24T08:36:00+00:00,4301.60010,4302.20020,4299.79980,4300.10010,103.0000
2026-09-24T08:37:00+00:00,4299.89990,4301.89990,4298.79980,4301.60010,129.0000
2026-09-24T08:38:00+00:00,4301.79980,4302.70020,4300.50000,4302.20020,67.0000
2026-09-24T08:39:00+00:00,4302.39990,4303.29980,4301.50000,4302.39990,125.0000
2026-09-24T08:40:00+00:00,4302.39990,4303.10010,4300.60010,4300.60010,60.0000
2026-09-24T08:41:00+00:00,4301.10010,4303.00000,4300.60010,4302.10010,65.0000
2026-09-24T08:42:00+00:00,4301.39990,4302.39990,4301.20020,4302.29980,34.0000
2026-09-24T08:43:00+00:00,4302.00000,4304.29980,4302.00000,4304.00000,106.0000
2026-09-24T08:44:00+00:00,4304.10010,4304.29980,4301.79980,4302.29980,95.0000
2026-09-24T08:45:00+00:00,4302.29980,4304.50000,4301.70020,4303.39990,72.0000
2026-09-24T08:46:00+00:00,4303.20020,4304.60010,4303.00000,4303.50000,36.0000
2026-09-24T08:47:00+00:00,4303.00000,4304.20020,4302.70020,4303.79980,18.0000
2026-09-24T08:48:00+00:00,4302.79980,4304.89990,4302.79980,4303.89990,38.0000
2026-09-24T08:49:00+00:00,4303.60010,4303.89990,4301.29980,4302.29980,60.0000
2026-09-24T08:50:00+00:00,4301.39990,4302.00000,4300.50000,4300.50000,65.0000
2026-09-24T08:51:00+00:00,4300.50000,4302.50000,4300.39990,4302.00000,97.0000
2026-09-24T08:52:00+00:00,4300.89990,4302.00000,4300.39990,4301.79980,28.0000
2026-09-24T08:53:00+00:00,4301.79980,4301.79980,4297.00000,4297.20020,230.0000
2026-09-24T08:54:00+00:00,4297.10010,4297.50000,4295.70020,4296.39990,258.0000
2026-09-24T08:55:00+00:00,4296.10010,4297.39990,4295.60010,4296.89990,45.0000
2026-09-24T08:56:00+00:00,4297.60010,4297.79980,4295.39990,4295.70020,146.0000
2026-09-24T08:57:00+00:00,4295.60010,4296.50000,4295.39990,4295.70020,60.0000
2026-09-24T08:58:00+00:00,4295.79980,4296.79980,4295.50000,4295.70020,66.0000
2026-09-24T08:59:00+00:00,4295.70020,4296.39990,4295.00000,4295.50000,147.0000
2026-09-24T09:00:00+00:00,4295.50000,4297.29980,4293.50000,4297.29980,333.0000
2026-09-24T09:01:00+00:00,4297.50000,4301.70020,4296.70020,4299.60010,152.0000
2026-09-24T09:02:00+00:00,4299.50000,4299.50000,4296.50000,4296.50000,62.0000
2026-09-24T09:03:00+00:00,4296.70020,4297.00000,4294.29980,4295.20020,62.0000
2026-09-24T09:04:00+00:00,4295.00000,4295.00000,4293.29980,4293.89990,58.0000
2026-09-24T09:05:00+00:00,4293.79980,4295.00000,4293.10010,4294.29980,76.0000
2026-09-24T09:06:00+00:00,4294.39990,4296.20020,4293.60010,4295.79980,91.0000
2026-09-24T09:07:00+00:00,4296.20020,4296.60010,4295.29980,4296.20020,30.0000
2026-09-24T09:08:00+00:00,4296.29980,4298.60010,4295.79980,4298.29980,191.0000
2026-09-24T09:09:00+00:00,4298.50000,4299.00000,4297.50000,4297.50000,36.0000
2026-09-24T09:10:00+00:00,4298.00000,4299.79980,4297.60010,4299.00000,96.0000
2026-09-24T09:11:00+00:00,4299.00000,4299.50000,4298.00000,4298.10010,67.0000
2026-09-24T09:12:00+00:00,4298.10010,4298.10010,4295.29980,4295.79980,85.0000
2026-09-24T09:13:00+00:00,4295.89990,4297.29980,4295.89990,4296.89990,45.0000
2026-09-24T09:14:00+00:00,4296.79980,4297.39990,4296.39990,4297.00000,38.0000
2026-09-24T09:15:00+00:00,4297.20020,4299.39990,4297.20020,4299.39990,107.0000
2026-09-24T09:16:00+00:00,4299.70020,4299.70020,4296.29980,4296.50000,185.0000
2026-09-24T09:17:00+00:00,4296.10010,4298.10010,4295.79980,4297.39990,43.0000
2026-09-24T09:18:00+00:00,4297.00000,4297.39990,4296.10010,4296.20020,101.0000
2026-09-24T09:19:00+00:00,4296.10010,4297.60010,4295.60010,4297.20020,64.0000
2026-09-24T09:20:00+00:00,4297.39990,4298.60010,4297.29980,4298.39990,20.0000
2026-09-24T09:21:00+00:00,4298.79980,4298.89990,4296.60010,4297.10010,64.0000
2026-09-24T09:22:00+00:00,4296.70020,4297.20020,4295.70020,4295.89990,45.0000
2026-09-24T09:23:00+00:00,4295.89990,4297.89990,4295.39990,4297.50000,85.0000
2026-09-24T09:24:00+00:00,4297.29980,4299.39990,4296.89990,4297.39990,132.0000
2026-09-24T09:25:00+00:00,4297.70020,4298.29980,4297.20020,4297.39990,52.0000
2026-09-24T09:26:00+00:00,4297.60010,4298.10010,4295.60010,4295.70020,43.0000
2026-09-24T09:27:00+00:00,4295.70020,4296.00000,4292.39990,4293.00000,200.0000
2026-09-24T09:28:00+00:00,4293.29980,4293.50000,4291.39990,4291.60010,126.0000
2026-09-24T09:29:00+00:00,4291.70020,4291.70020,4289.29980,4289.60010,185.0000
2026-09-24T09:30:00+00:00,4289.89990,4291.70020,4288.79980,4291.70020,271.0000
2026-09-24T09:31:00+00:00,4291.20020,4293.39990,4289.20020,4293.29980,288.0000
2026-09-24T09:32:00+00:00,4293.00000,4294.89990,4292.70020,4294.50000,179.0000
2026-09-24T09:33:00+00:00,4294.20020,4294.39990,4291.79980,4293.50000,74.0000
2026-09-24T09:34:00+00:00,4292.89990,4293.50000,4292.20020,4292.20020,33.0000
2026-09-24T09:35:00+00:00,4292.00000,4293.50000,4291.79980,4293.00000,46.0000
2026-09-24T09:36:00+00:00,4293.20020,4293.79980,4292.20020,4292.60010,17.0000
2026-09-24T09:37:00+00:00,4292.60010,4292.79980,4290.89990,4290.89990,31.0000
2026-09-24T09:38:00+00:00,4290.70020,4291.50000,4290.00000,4291.50000,116.0000
2026-09-24T09:39:00+00:00,4291.00000,4292.29980,4290.79980,4291.79980,21.0000
2026-09-24T09:40:00+00:00,4291.60010,4292.39990,4291.10010,4291.79980,34.0000
2026-09-24T09:41:00+00:00,4291.50000,4291.50000,4288.79980,4289.70020,112.0000
2026-09-24T09:42:00+00:00,4289.60010,4289.70020,4287.79980,4288.89990,148.0000
2026-09-24T09:43:00+00:00,4288.79980,4288.89990,4285.70020,4286.50000,501.0000
2026-09-24T09:44:00+00:00,4286.29980,4286.70020,4285.00000,4286.50000,133.0000
2026-09-24T09:45:00+00:00,4286.20020,4287.89990,4286.20020,4286.89990,76.0000
2026-09-24T09:46:00+00:00,4286.89990,4288.20020,4286.50000,4288.10010,46.0000
2026-09-24T09:47:00+00:00,4288.50000,4288.89990,4287.39990,4288.39990,25.0000
2026-09-24T09:48:00+00:00,4288.10010,4290.10010,4287.29980,4287.89990,238.0000
2026-09-24T09:49:00+00:00,4288.20020,4288.60010,4287.00000,4287.00000,74.0000
2026-09-24T09:50:00+00:00,4287.10010,4290.20020,4287.10010,4290.00000,63.0000
2026-09-24T09:51:00+00:00,4290.10010,4290.70020,4289.29980,4289.79980,71.0000
2026-09-24T09:52:00+00:00,4289.50000,4290.10010,4289.20020,4289.70020,38.0000
2026-09-24T09:53:00+00:00,4289.70020,4290.00000,4288.39990,4289.20020,46.0000
2026-09-24T09:54:00+00:00,4288.89990,4289.00000,4286.89990,4288.29980,192.0000
2026-09-24T09:55:00+00:00,4288.39990,4290.50000,4288.39990,4289.79980,213.0000
2026-09-24T09:56:00+00:00,4289.29980,4290.29980,4289.00000,4289.79980,69.0000
2026-09-24T09:57:00+00:00,4289.39990,4289.70020,4288.79980,4288.79980,38.0000
2026-09-24T09:58:00+00:00,4288.70020,4288.89990,4287.79980,4288.79980,77.0000
2026-09-24T09:59:00+00:00,4288.70020,4290.29980,4288.70020,4289.70020,49.0000
2026-09-24T10:00:00+00:00,4289.60010,4292.79980,4288.89990,4292.79980,119.0000
2026-09-24T10:01:00+00:00,4293.20020,4293.79980,4291.39990,4292.00000,75.0000
2026-09-24T10:02:00+00:00,4292.10010,4292.29980,4288.89990,4289.60010,125.0000
2026-09-24T10:03:00+00:00,4289.20020,4290.50000,4288.89990,4290.00000,314.0000
2026-09-24T10:04:00+00:00,4290.00000,4291.00000,4288.00000,4288.00000,59.0000
2026-09-24T10:05:00+00:00,4287.70020,4288.10010,4285.89990,4286.70020,280.0000
2026-09-24T10:06:00+00:00,4286.20020,4287.60010,4285.00000,4285.00000,84.0000
2026-09-24T10:07:00+00:00,4285.00000,4285.89990,4284.70020,4285.60010,120.0000
2026-09-24T10:08:00+00:00,4285.79980,4287.39990,4285.79980,4287.39990,39.0000
2026-09-24T10:09:00+00:00,4287.29980,4287.89990,4286.29980,4287.00000,132.0000
2026-09-24T10:10:00+00:00,4287.10010,4291.79980,4287.00000,4290.10010,549.0000
2026-09-24T10:11:00+00:00,4290.70020,4291.70020,4289.70020,4289.89990,228.0000
2026-09-24T10:12:00+00:00,4289.79980,4290.29980,4289.00000,4289.20020,84.0000
2026-09-24T10:13:00+00:00,4289.00000,4289.00000,4286.39990,4286.39990,83.0000
2026-09-24T10:14:00+00:00,4286.10010,4287.20020,4285.89990,4287.00000,139.0000
2026-09-24T10:15:00+00:00,4286.60010,4286.70020,4284.79980,4285.89990,113.0000
2026-09-24T10:16:00+00:00,4285.89990,4289.39990,4285.20020,4289.29980,291.0000
2026-09-24T10:17:00+00:00,4289.10010,4289.60010,4285.50000,4286.00000,88.0000
2026-09-24T10:18:00+00:00,4286.10010,4286.60010,4283.89990,4284.10010,141.0000
2026-09-24T10:19:00+00:00,4284.20020,4286.50000,4284.20020,4286.20020,92.0000
2026-09-24T10:20:00+00:00,4286.79980,4287.70020,4285.89990,4285.89990,73.0000
2026-09-24T10:21:00+00:00,4285.39990,4285.50000,4282.89990,4284.60010,140.0000
2026-09-24T10:22:00+00:00,4285.00000,4285.60010,4283.50000,4283.50000,83.0000
2026-09-24T10:23:00+00:00,4283.50000,4283.60010,4281.89990,4282.00000,191.0000
2026-09-24T10:24:00+00:00,4282.00000,4284.29980,4281.39990,4282.00000,413.0000
2026-09-24T10:25:00+00:00,4282.00000,4283.29980,4279.70020,4280.89990,395.0000
2026-09-24T10:26:00+00:00,4280.39990,4285.00000,4279.89990,4284.70020,212.0000
2026-09-24T10:27:00+00:00,4284.00000,4285.00000,4283.39990,4284.50000,158.0000
2026-09-24T10:28:00+00:00,4284.29980,4286.70020,4282.50000,4283.60010,334.0000
2026-09-24T10:29:00+00:00,4283.39990,4283.39990,4279.00000,4280.10010,273.0000
2026-09-24T10:30:00+00:00,4280.20020,4281.50000,4278.29980,4279.39990,303.0000
2026-09-24T10:31:00+00:00,4279.60010,4283.20020,4279.00000,4283.20020,239.0000
2026-09-24T10:32:00+00:00,4283.20020,4286.29980,4282.89990,4286.00000,176.0000
2026-09-24T10:33:00+00:00,4286.00000,4288.50000,4285.89990,4286.70020,191.0000
2026-09-24T10:34:00+00:00,4287.20020,4288.89990,4287.00000,4288.39990,59.0000
2026-09-24T10:35:00+00:00,4288.20020,4292.00000,4288.00000,4291.89990,259.0000
2026-09-24T10:36:00+00:00,4291.70020,4294.10010,4291.60010,4294.10010,405.0000
2026-09-24T10:37:00+00:00,4294.00000,4295.00000,4292.79980,4294.20020,234.0000
2026-09-24T10:38:00+00:00,4294.00000,4295.89990,4293.60010,4295.10010,185.0000
2026-09-24T10:39:00+00:00,4295.20020,4296.89990,4294.60010,4295.00000,150.0000
2026-09-24T10:40:00+00:00,4295.00000,4295.50000,4293.39990,4295.50000,125.0000
2026-09-24T10:41:00+00:00,4295.10010,4295.60010,4294.50000,4295.50000,72.0000
2026-09-24T10:42:00+00:00,4295.79980,4296.89990,4295.50000,4296.10010,90.0000
2026-09-24T10:43:00+00:00,4295.50000,4295.50000,4293.50000,4293.50000,50.0000
2026-09-24T10:44:00+00:00,4294.00000,4294.00000,4292.29980,4292.89990,56.0000
2026-09-24T10:45:00+00:00,4292.89990,4293.20020,4292.29980,4292.50000,31.0000
2026-09-24T10:46:00+00:00,4292.39990,4294.10010,4292.39990,4293.89990,29.0000
2026-09-24T10:47:00+00:00,4294.10010,4294.39990,4294.00000,4294.10010,25.0000
2026-09-24T10:48:00+00:00,4294.00000,4294.10010,4293.20020,4294.00000,35.0000
2026-09-24T10:49:00+00:00,4294.10010,4299.39990,4294.00000,4297.10010,696.0000
2026-09-24T10:50:00+00:00,4297.20020,4298.29980,4295.29980,4295.79980,160.0000
2026-09-24T10:51:00+00:00,4295.79980,4295.79980,4292.89990,4293.60010,116.0000
2026-09-24T10:52:00+00:00,4293.70020,4293.70020,4292.70020,4293.10010,47.0000
2026-09-24T10:53:00+00:00,4293.10010,4293.50000,4291.89990,4292.29980,61.0000
2026-09-24T10:54:00+00:00,4292.20020,4293.00000,4291.39990,4291.60010,67.0000
2026-09-24T10:55:00+00:00,4291.39990,4291.60010,4290.10010,4291.29980,136.0000
2026-09-24T10:56:00+00:00,4291.50000,4291.60010,4290.70020,4291.20020,30.0000
2026-09-24T10:57:00+00:00,4291.39990,4293.00000,4291.10010,4292.70020,35.0000
2026-09-24T10:58:00+00:00,4293.20020,4293.89990,4292.70020,4293.20020,25.0000
2026-09-24T10:59:00+00:00,4292.89990,4292.89990,4291.50000,4292.50000,30.0000
2026-09-24T11:00:00+00:00,4292.39990,4295.00000,4292.39990,4293.00000,129.0000
2026-09-24T11:01:00+00:00,4293.20020,4293.60010,4292.29980,4293.00000,26.0000
2026-09-24T11:02:00+00:00,4292.50000,4293.10010,4292.10010,4292.60010,136.0000
2026-09-24T11:03:00+00:00,4292.39990,4292.50000,4291.00000,4291.60010,158.0000
2026-09-24T11:04:00+00:00,4291.39990,4291.39990,4290.29980,4290.50000,41.0000
2026-09-24T11:05:00+00:00,4290.00000,4290.89990,4289.60010,4290.50000,36.0000
2026-09-24T11:06:00+00:00,4290.50000,4291.29980,4290.50000,4291.29980,21.0000
2026-09-24T11:07:00+00:00,4291.00000,4291.20020,4289.79980,4289.79980,24.0000
2026-09-24T11:08:00+00:00,4290.10010,4290.60010,4286.70020,4286.70020,104.0000
2026-09-24T11:09:00+00:00,4286.70020,4289.60010,4286.39990,4289.29980,79.0000
2026-09-24T11:10:00+00:00,4289.39990,4291.00000,4288.89990,4290.20020,52.0000
2026-09-24T11:11:00+00:00,4290.70020,4291.29980,4290.00000,4290.00000,31.0000
2026-09-24T11:12:00+00:00,4290.00000,4291.00000,4289.39990,4289.39990,37.0000
2026-09-24T11:13:00+00:00,4288.89990,4291.60010,4288.70020,4290.79980,31.0000
2026-09-24T11:14:00+00:00,4291.39990,4293.50000,4291.39990,4293.20020,261.0000
2026-09-24T11:15:00+00:00,4293.00000,4296.79980,4291.00000,4296.29980,430.0000
2026-09-24T11:16:00+00:00,4295.89990,4298.10010,4295.00000,4297.70020,152.0000
2026-09-24T11:17:00+00:00,4297.60010,4297.60010,4292.79980,4293.29980,93.0000
2026-09-24T11:18:00+00:00,4293.39990,4294.79980,4292.89990,4294.50000,155.0000
2026-09-24T11:19:00+00:00,4294.60010,4297.10010,4294.60010,4295.79980,212.0000
2026-09-24T11:20:00+00:00,4296.00000,4300.89990,4296.00000,4300.29980,232.0000
2026-09-24T11:21:00+00:00,4300.29980,4300.70020,4298.79980,4299.60010,124.0000
2026-09-24T11:22:00+00:00,4299.79980,4302.20020,4299.29980,4300.89990,156.0000
2026-09-24T11:23:00+00:00,4300.89990,4301.29980,4299.89990,4299.89990,33.0000
2026-09-24T11:24:00+00:00,4299.79980,4301.00000,4298.89990,4300.60010,179.0000
2026-09-24T11:25:00+00:00,4300.50000,4301.29980,4299.29980,4300.00000,120.0000
2026-09-24T11:26:00+00:00,4299.50000,4302.39990,4299.50000,4302.39990,68.0000
2026-09-24T11:27:00+00:00,4302.00000,4302.29980,4300.00000,4301.39990,57.0000
2026-09-24T11:28:00+00:00,4301.79980,4302.29980,4299.70020,4299.89990,109.0000
2026-09-24T11:29:00+00:00,4300.10010,4300.10010,4298.00000,4298.20020,65.0000
2026-09-24T11:30:00+00:00,4298.20020,4300.39990,4298.00000,4299.39990,44.0000
2026-09-24T11:31:00+00:00,4299.29980,4300.29980,4298.00000,4298.00000,56.0000
2026-09-24T11:32:00+00:00,4298.10010,4298.39990,4296.60010,4296.60010,50.0000
2026-09-24T11:33:00+00:00,4296.89990,4297.50000,4296.39990,4297.00000,39.0000
2026-09-24T11:34:00+00:00,4297.10010,4297.70020,4296.00000,4296.29980,36.0000
2026-09-24T11:35:00+00:00,4295.89990,4295.89990,4294.89990,4295.70020,95.0000
2026-09-24T11:36:00+00:00,4295.89990,4296.89990,4295.89990,4296.89990,47.0000
2026-09-24T11:37:00+00:00,4296.60010,4296.60010,4294.10010,4294.10010,31.0000
2026-09-24T11:38:00+00:00,4294.20020,4294.29980,4293.00000,4293.10010,107.0000
2026-09-24T11:39:00+00:00,4292.89990,4294.39990,4292.79980,4294.39990,59.0000
2026-09-24T11:40:00+00:00,4294.60010,4295.50000,4294.39990,4294.39990,31.0000
2026-09-24T11:41:00+00:00,4294.10010,4294.79980,4294.10010,4294.70020,14.0000
2026-09-24T11:42:00+00:00,4294.79980,4294.79980,4293.79980,4294.20020,21.0000
2026-09-24T11:43:00+00:00,4293.89990,4293.89990,4292.89990,4293.79980,17.0000
2026-09-24T11:44:00+00:00,4293.89990,4295.10010,4293.79980,4295.10010,18.0000
2026-09-24T11:45:00+00:00,4295.00000,4295.60010,4294.39990,4294.89990,169.0000
2026-09-24T11:46:00+00:00,4294.79980,4295.50000,4294.20020,4294.29980,291.0000
2026-09-24T11:47:00+00:00,4294.29980,4295.50000,4294.29980,4294.70020,39.0000
2026-09-24T11:48:00+00:00,4294.60010,4295.89990,4294.60010,4295.39990,48.0000
2026-09-24T11:49:00+00:00,4295.70020,4296.00000,4295.00000,4295.00000,29.0000
2026-09-24T11:50:00+00:00,4295.10010,4295.79980,4294.60010,4295.10010,34.0000
2026-09-24T11:51:00+00:00,4295.00000,4295.10010,4294.60010,4295.00000,43.0000
2026-09-24T11:52:00+00:00,4295.10010,4295.50000,4294.20020,4294.79980,43.0000
2026-09-24T11:53:00+00:00,4294.79980,4295.20020,4294.29980,4294.29980,36.0000
2026-09-24T11:54:00+00:00,4294.10010,4295.39990,4293.29980,4294.79980,69.0000
2026-09-24T11:55:00+00:00,4295.29980,4295.70020,4294.20020,4294.79980,24.0000
2026-09-24T11:56:00+00:00,4294.89990,4295.79980,4294.60010,4295.79980,33.0000
2026-09-24T11:57:00+00:00,4295.20020,4296.39990,4295.20020,4296.20020,26.0000
2026-09-24T11:58:00+00:00,4296.10010,4298.70020,4296.10010,4298.60010,56.0000
2026-09-24T11:59:00+00:00,4298.60010,4300.79980,4298.10010,4300.39990,223.0000
2026-09-24T12:00:00+00:00,4300.20020,4300.29980,4297.29980,4299.60010,65.0000
2026-09-24T12:01:00+00:00,4298.10010,4299.29980,4296.00000,4296.29980,57.0000
2026-09-24T12:02:00+00:00,4297.20020,4301.60010,4295.89990,4299.20020,298.0000
2026-09-24T12:03:00+00:00,4299.00000,4299.50000,4295.29980,4295.39990,59.0000
2026-09-24T12:04:00+00:00,4295.39990,4297.10010,4295.00000,4296.50000,65.0000
2026-09-24T12:05:00+00:00,4296.10010,4297.00000,4295.89990,4297.00000,35.0000
2026-09-24T12:06:00+00:00,4297.10010,4297.29980,4295.50000,4297.10010,18.0000
2026-09-24T12:07:00+00:00,4296.10010,4297.89990,4295.60010,4296.29980,38.0000
2026-09-24T12:08:00+00:00,4296.89990,4300.79980,4296.70020,4300.39990,55.0000
2026-09-24T12:09:00+00:00,4300.50000,4300.89990,4299.10010,4300.10010,37.0000
2026-09-24T12:10:00+00:00,4299.89990,4300.29980,4299.20020,4300.29980,41.0000
2026-09-24T12:11:00+00:00,4300.10010,4300.79980,4299.60010,4300.20020,53.0000
2026-09-24T12:12:00+00:00,4300.00000,4303.10010,4300.00000,4302.00000,135.0000
2026-09-24T12:13:00+00:00,4301.70020,4303.70020,4301.39990,4302.70020,167.0000
2026-09-24T12:14:00+00:00,4302.70020,4304.39990,4302.70020,4303.79980,100.0000
2026-09-24T12:15:00+00:00,4303.29980,4303.50000,4302.29980,4303.50000,69.0000
2026-09-24T12:16:00+00:00,4304.00000,4305.39990,4303.79980,4305.00000,126.0000
2026-09-24T12:17:00+00:00,4304.89990,4305.20020,4302.39990,4303.79980,101.0000
2026-09-24T12:18:00+00:00,4303.70020,4304.29980,4303.29980,4303.79980,41.0000
2026-09-24T12:19:00+00:00,4303.89990,4304.39990,4302.89990,4303.60010,55.0000
2026-09-24T12:20:00+00:00,4303.39990,4306.20020,4302.50000,4304.39990,585.0000
2026-09-24T12:21:00+00:00,4304.20020,4306.60010,4303.39990,4305.00000,413.0000
2026-09-24T12:22:00+00:00,4305.00000,4305.20020,4303.79980,4304.20020,125.0000
2026-09-24T12:23:00+00:00,4304.50000,4306.20020,4303.39990,4304.00000,109.0000
2026-09-24T12:24:00+00:00,4303.79980,4305.20020,4301.29980,4304.50000,227.0000
2026-09-24T12:25:00+00:00,4304.39990,4305.50000,4301.50000,4304.10010,328.0000
2026-09-24T12:26:00+00:00,4303.60010,4304.10010,4301.50000,4302.39990,71.0000
2026-09-24T12:27:00+00:00,4302.70020,4304.29980,4302.70020,4304.20020,91.0000
2026-09-24T12:28:00+00:00,4304.50000,4305.00000,4303.79980,4304.20020,56.0000
2026-09-24T12:29:00+00:00,4304.50000,4306.50000,4304.50000,4306.50000,66.0000
2026-09-24T12:30:00+00:00,4305.60010,4307.60010,4304.20020,4305.89990,230.0000
2026-09-24T12:31:00+00:00,4305.79980,4305.89990,4303.20020,4303.39990,233.0000
2026-09-24T12:32:00+00:00,4303.70020,4305.39990,4302.79980,4304.60010,128.0000
2026-09-24T12:33:00+00:00,4304.39990,4304.39990,4300.50000,4300.89990,138.0000
2026-09-24T12:34:00+00:00,4300.89990,4302.50000,4300.50000,4301.39990,152.0000
2026-09-24T12:35:00+00:00,4301.29980,4301.60010,4299.39990,4300.79980,92.0000
2026-09-24T12:36:00+00:00,4300.89990,4301.50000,4299.79980,4301.29980,91.0000
2026-09-24T12:37:00+00:00,4301.50000,4304.00000,4301.10010,4301.60010,135.0000
2026-09-24T12:38:00+00:00,4301.70020,4301.70020,4299.79980,4301.39990,107.0000
2026-09-24T12:39:00+00:00,4301.70020,4303.20020,4301.50000,4303.00000,85.0000
2026-09-24T12:40:00+00:00,4303.10010,4305.29980,4303.10010,4304.89990,105.0000
2026-09-24T12:41:00+00:00,4305.00000,4308.10010,4304.89990,4307.39990,291.0000
2026-09-24T12:42:00+00:00,4308.00000,4309.00000,4305.79980,4305.79980,156.0000
2026-09-24T12:43:00+00:00,4305.79980,4306.60010,4304.79980,4305.89990,103.0000
2026-09-24T12:44:00+00:00,4306.10010,4306.89990,4305.39990,4306.39990,61.0000
2026-09-24T12:45:00+00:00,4306.60010,4309.20020,4306.00000,4308.10010,150.0000
2026-09-24T12:46:00+00:00,4308.10010,4309.10010,4307.50000,4307.60010,47.0000
2026-09-24T12:47:00+00:00,4307.89990,4308.89990,4307.50000,4308.50000,94.0000
2026-09-24T12:48:00+00:00,4308.50000,4309.60010,4307.70020,4308.29980,122.0000
2026-09-24T12:49:00+00:00,4308.50000,4309.29980,4307.70020,4309.00000,87.0000
2026-09-24T12:50:00+00:00,4309.20020,4311.50000,4307.29980,4308.70020,391.0000
2026-09-24T12:51:00+00:00,4308.70020,4310.60010,4308.70020,4309.89990,161.0000
2026-09-24T12:52:00+00:00,4310.20020,4314.50000,4309.70020,4314.10010,244.0000
2026-09-24T12:53:00+00:00,4314.10010,4314.10010,4310.89990,4311.10010,191.0000
2026-09-24T12:54:00+00:00,4311.20020,4315.29980,4311.20020,4315.10010,171.0000
2026-09-24T12:55:00+00:00,4314.79980,4316.10010,4313.89990,4315.89990,165.0000
2026-09-24T12:56:00+00:00,4316.10010,4318.10010,4315.70020,4317.00000,211.0000
2026-09-24T12:57:00+00:00,4316.70020,4318.20020,4316.39990,4317.79980,197.0000
2026-09-24T12:58:00+00:00,4317.79980,4318.10010,4316.10010,4317.00000,119.0000
2026-09-24T12:59:00+00:00,4316.79980,4317.89990,4315.70020,4316.00000,184.0000
2026-09-24T13:00:00+00:00,4316.20020,4318.39990,4315.70020,4318.10010,210.0000
2026-09-24T13:01:00+00:00,4318.50000,4319.79980,4318.10010,4319.10010,246.0000
2026-09-24T13:02:00+00:00,4319.29980,4320.00000,4317.89990,4318.79980,234.0000
2026-09-24T13:03:00+00:00,4318.89990,4318.89990,4314.10010,4315.39990,256.0000
2026-09-24T13:04:00+00:00,4315.60010,4316.29980,4314.70020,4315.10010,284.0000
2026-09-24T13:05:00+00:00,4315.29980,4317.60010,4314.39990,4314.89990,261.0000
2026-09-24T13:06:00+00:00,4315.00000,4315.00000,4313.89990,4314.50000,118.0000
2026-09-24T13:07:00+00:00,4314.50000,4314.79980,4312.29980,4312.50000,111.0000
2026-09-24T13:08:00+00:00,4312.50000,4315.10010,4311.70020,4314.70020,189.0000
2026-09-24T13:09:00+00:00,4314.70020,4315.10010,4313.50000,4314.20020,61.0000
2026-09-24T13:10:00+00:00,4314.39990,4317.00000,4314.39990,4315.89990,125.0000
2026-09-24T13:11:00+00:00,4315.79980,4317.70020,4315.79980,4316.10010,61.0000
2026-09-24T13:12:00+00:00,4316.39990,4317.20020,4315.70020,4315.89990,62.0000
2026-09-24T13:13:00+00:00,4316.00000,4316.50000,4314.60010,4314.70020,49.0000
2026-09-24T13:14:00+00:00,4315.10010,4315.29980,4312.29980,4313.10010,166.0000
2026-09-24T13:15:00+00:00,4313.29980,4313.60010,4311.10010,4312.20020,157.0000
2026-09-24T13:16:00+00:00,4312.60010,4313.50000,4312.00000,4312.50000,85.0000
2026-09-24T13:17:00+00:00,4312.70020,4312.89990,4311.60010,4311.60010,87.0000
2026-09-24T13:18:00+00:00,4312.10010,4313.89990,4312.10010,4312.60010,76.0000
2026-09-24T13:19:00+00:00,4312.79980,4313.10010,4311.29980,4312.79980,62.0000
2026-09-24T13:20:00+00:00,4312.70020,4314.10010,4311.89990,4311.89990,58.0000
2026-09-24T13:21:00+00:00,4312.39990,4312.89990,4311.60010,4312.00000,47.0000
2026-09-24T13:22:00+00:00,4311.60010,4313.10010,4310.89990,4313.00000,46.0000
2026-09-24T13:23:00+00:00,4312.89990,4312.89990,4311.79980,4312.20020,39.0000
2026-09-24T13:24:00+00:00,4312.00000,4312.39990,4311.70020,4312.39990,29.0000
2026-09-24T13:25:00+00:00,4312.00000,4312.60010,4310.89990,4311.29980,99.0000
2026-09-24T13:26:00+00:00,4311.29980,4313.29980,4310.29980,4312.79980,284.0000
2026-09-24T13:27:00+00:00,4312.70020,4312.70020,4310.79980,4311.60010,120.0000
2026-09-24T13:28:00+00:00,4311.39990,4312.29980,4310.60010,4311.20020,275.0000
2026-09-24T13:29:00+00:00,4310.89990,4312.10010,4310.79980,4311.29980,103.0000
2026-09-24T13:30:00+00:00,4311.60010,4312.79980,4309.39990,4312.10010,318.0000
2026-09-24T13:31:00+00:00,4312.00000,4312.10010,4309.70020,4310.20020,221.0000
2026-09-24T13:32:00+00:00,4310.20020,4310.79980,4308.79980,4309.10010,172.0000
2026-09-24T13:33:00+00:00,4309.10010,4311.29980,4307.60010,4308.20020,175.0000
2026-09-24T13:34:00+00:00,4308.39990,4309.79980,4307.00000,4307.70020,239.0000
2026-09-24T13:35:00+00:00,4307.70020,4308.39990,4305.79980,4305.79980,323.0000
2026-09-24T13:36:00+00:00,4306.10010,4308.20020,4305.39990,4307.00000,228.0000
2026-09-24T13:37:00+00:00,4306.70020,4308.00000,4305.00000,4306.20020,345.0000
2026-09-24T13:38:00+00:00,4305.89990,4308.50000,4305.79980,4307.60010,229.0000
2026-09-24T13:39:00+00:00,4307.79980,4310.79980,4306.10010,4306.60010,287.0000
2026-09-24T13:40:00+00:00,4306.20020,4306.89990,4304.29980,4304.60010,307.0000
2026-09-24T13:41:00+00:00,4304.29980,4304.89990,4302.39990,4303.89990,203.0000
2026-09-24T13:42:00+00:00,4304.00000,4307.70020,4304.00000,4306.79980,166.0000
2026-09-24T13:43:00+00:00,4306.00000,4309.00000,4305.20020,4307.39990,175.0000
2026-09-24T13:44:00+00:00,4307.20020,4308.60010,4306.29980,4308.20020,166.0000
2026-09-24T13:45:00+00:00,4308.00000,4311.50000,4305.79980,4307.79980,407.0000
2026-09-24T13:46:00+00:00,4308.10010,4311.20020,4307.60010,4309.00000,220.0000
2026-09-24T13:47:00+00:00,4309.29980,4310.10010,4306.39990,4306.60010,274.0000
2026-09-24T13:48:00+00:00,4306.50000,4308.10010,4306.00000,4307.70020,92.0000
2026-09-24T13:49:00+00:00,4307.89990,4307.89990,4305.39990,4306.10010,110.0000
2026-09-24T13:50:00+00:00,4306.10010,4306.60010,4304.39990,4306.10010,124.0000
2026-09-24T13:51:00+00:00,4306.00000,4307.00000,4302.89990,4303.50000,172.0000
2026-09-24T13:52:00+00:00,4303.39990,4305.79980,4303.10010,4305.00000,170.0000
2026-09-24T13:53:00+00:00,4305.00000,4305.00000,4301.00000,4301.79980,254.0000
2026-09-24T13:54:00+00:00,4301.89990,4304.89990,4301.20020,4301.20020,314.0000
2026-09-24T13:55:00+00:00,4301.20020,4304.20020,4300.79980,4302.39990,209.0000
2026-09-24T13:56:00+00:00,4302.00000,4302.10010,4299.89990,4301.50000,221.0000
2026-09-24T13:57:00+00:00,4301.29980,4301.29980,4299.70020,4300.39990,232.0000
2026-09-24T13:58:00+00:00,4300.50000,4301.89990,4300.00000,4301.89990,228.0000
2026-09-24T13:59:00+00:00,4302.00000,4303.00000,4300.79980,4302.50000,169.0000
2026-09-24T14:00:00+00:00,4302.50000,4302.50000,4300.39990,4302.20020,302.0000
2026-09-24T14:01:00+00:00,4302.20020,4303.39990,4300.60010,4301.50000,255.0000
2026-09-24T14:02:00+00:00,4301.00000,4303.60010,4301.00000,4301.79980,188.0000
2026-09-24T14:03:00+00:00,4301.70020,4304.79980,4301.39990,4304.60010,217.0000
2026-09-24T14:04:00+00:00,4304.60010,4306.20020,4303.79980,4306.10010,184.0000
2026-09-24T14:05:00+00:00,4306.10010,4306.10010,4302.89990,4304.39990,253.0000
2026-09-24T14:06:00+00:00,4303.79980,4305.10010,4302.79980,4304.39990,233.0000
2026-09-24T14:07:00+00:00,4304.60010,4308.39990,4304.10010,4307.50000,281.0000
2026-09-24T14:08:00+00:00,4307.20020,4308.00000,4305.79980,4307.10010,247.0000
2026-09-24T14:09:00+00:00,4307.39990,4307.39990,4303.60010,4305.20020,127.0000
2026-09-24T14:10:00+00:00,4305.50000,4306.00000,4303.29980,4304.39990,113.0000
2026-09-24T14:11:00+00:00,4304.10010,4304.50000,4302.39990,4303.50000,205.0000
2026-09-24T14:12:00+00:00,4303.29980,4303.79980,4302.20020,4303.79980,60.0000
2026-09-24T14:13:00+00:00,4303.79980,4305.79980,4303.70020,4305.00000,73.0000
2026-09-24T14:14:00+00:00,4305.29980,4306.79980,4304.60010,4304.60010,108.0000
2026-09-24T14:15:00+00:00,4304.89990,4306.70020,4301.70020,4301.70020,191.0000
2026-09-24T14:16:00+00:00,4301.70020,4301.79980,4299.00000,4301.60010,454.0000
2026-09-24T14:17:00+00:00,4301.60010,4304.20020,4299.70020,4302.29980,455.0000
2026-09-24T14:18:00+00:00,4302.29980,4304.39990,4300.70020,4303.20020,221.0000
2026-09-24T14:19:00+00:00,4303.20020,4303.70020,4299.50000,4299.89990,199.0000
2026-09-24T14:20:00+00:00,4300.00000,4300.00000,4297.89990,4298.89990,135.0000
2026-09-24T14:21:00+00:00,4298.79980,4299.10010,4297.00000,4297.60010,172.0000
2026-09-24T14:22:00+00:00,4297.60010,4298.70020,4297.10010,4297.70020,134.0000
2026-09-24T14:23:00+00:00,4297.29980,4298.89990,4296.39990,4296.89990,163.0000
2026-09-24T14:24:00+00:00,4296.79980,4299.70020,4295.79980,4298.70020,129.0000
2026-09-24T14:25:00+00:00,4298.29980,4298.79980,4297.20020,4297.39990,286.0000
2026-09-24T14:26:00+00:00,4297.60010,4299.60010,4297.00000,4299.50000,108.0000
2026-09-24T14:27:00+00:00,4299.70020,4303.29980,4298.70020,4302.60010,258.0000
2026-09-24T14:28:00+00:00,4302.50000,4304.00000,4301.89990,4302.10010,239.0000
2026-09-24T14:29:00+00:00,4302.39990,4302.79980,4301.20020,4302.39990,102.0000
2026-09-24T14:30:00+00:00,4302.29980,4302.29980,4296.79980,4297.79980,349.0000
2026-09-24T14:31:00+00:00,4297.50000,4297.89990,4295.60010,4296.70020,152.0000
2026-09-24T14:32:00+00:00,4296.70020,4297.39990,4294.60010,4295.29980,164.0000
2026-09-24T14:33:00+00:00,4295.10010,4295.70020,4291.50000,4294.10010,498.0000
2026-09-24T14:34:00+00:00,4293.89990,4297.00000,4293.79980,4296.89990,165.0000
2026-09-24T14:35:00+00:00,4296.60010,4297.29980,4294.79980,4297.10010,169.0000
2026-09-24T14:36:00+00:00,4297.39990,4297.39990,4295.00000,4296.20020,108.0000
2026-09-24T14:37:00+00:00,4296.20020,4297.00000,4294.79980,4295.29980,102.0000
2026-09-24T14:38:00+00:00,4295.60010,4295.89990,4291.79980,4291.79980,192.0000
2026-09-24T14:39:00+00:00,4291.89990,4292.20020,4290.29980,4291.50000,283.0000
2026-09-24T14:40:00+00:00,4291.89990,4292.20020,4289.89990,4290.39990,168.0000
2026-09-24T14:41:00+00:00,4290.10010,4290.39990,4289.39990,4289.39990,182.0000
2026-09-24T14:42:00+00:00,4289.29980,4292.00000,4288.89990,4289.20020,219.0000
2026-09-24T14:43:00+00:00,4289.29980,4290.79980,4288.70020,4290.79980,274.0000
2026-09-24T14:44:00+00:00,4290.79980,4291.50000,4290.50000,4291.39990,173.0000
2026-09-24T14:45:00+00:00,4291.29980,4291.29980,4289.39990,4290.50000,105.0000
2026-09-24T14:46:00+00:00,4289.89990,4292.50000,4289.60010,4291.60010,129.0000
2026-09-24T14:47:00+00:00,4291.29980,4293.29980,4290.50000,4291.79980,155.0000
2026-09-24T14:48:00+00:00,4292.10010,4293.50000,4291.79980,4292.79980,118.0000
2026-09-24T14:49:00+00:00,4292.60010,4292.70020,4291.60010,4292.50000,93.0000
2026-09-24T14:50:00+00:00,4292.50000,4296.60010,4292.50000,4293.70020,464.0000
2026-09-24T14:51:00+00:00,4293.70020,4294.50000,4293.20020,4294.00000,80.0000
2026-09-24T14:52:00+00:00,4294.39990,4297.29980,4294.39990,4295.60010,200.0000
2026-09-24T14:53:00+00:00,4295.50000,4296.20020,4294.70020,4296.20020,97.0000
2026-09-24T14:54:00+00:00,4296.20020,4296.79980,4294.89990,4294.89990,71.0000
2026-09-24T14:55:00+00:00,4294.79980,4295.00000,4292.00000,4292.60010,261.0000
2026-09-24T14:56:00+00:00,4292.50000,4292.70020,4290.29980,4290.60010,356.0000
2026-09-24T14:57:00+00:00,4290.39990,4290.50000,4288.39990,4288.89990,304.0000
2026-09-24T14:58:00+00:00,4288.50000,4290.20020,4287.39990,4288.89990,236.0000
2026-09-24T14:59:00+00:00,4288.70020,4289.39990,4287.89990,4288.00000,162.0000
2026-09-24T15:00:00+00:00,4288.29980,4289.29980,4287.60010,4288.20020,210.0000
2026-09-24T15:01:00+00:00,4288.39990,4288.79980,4285.39990,4287.10010,206.0000
2026-09-24T15:02:00+00:00,4286.89990,4288.20020,4285.20020,4286.39990,184.0000
2026-09-24T15:03:00+00:00,4286.39990,4288.29980,4284.60010,4286.20020,267.0000
2026-09-24T15:04:00+00:00,4286.20020,4288.50000,4285.39990,4285.39990,229.0000
2026-09-24T15:05:00+00:00,4285.50000,4286.39990,4285.20020,4285.39990,110.0000
2026-09-24T15:06:00+00:00,4285.50000,4286.50000,4284.39990,4284.89990,143.0000
2026-09-24T15:07:00+00:00,4284.70020,4285.79980,4283.70020,4285.60010,291.0000
2026-09-24T15:08:00+00:00,4285.60010,4286.39990,4284.50000,4285.39990,195.0000
2026-09-24T15:09:00+00:00,4285.10010,4285.70020,4284.29980,4284.70020,173.0000
2026-09-24T15:10:00+00:00,4284.79980,4285.89990,4284.20020,4284.70020,177.0000
2026-09-24T15:11:00+00:00,4284.89990,4286.20020,4284.60010,4285.60010,112.0000
2026-09-24T15:12:00+00:00,4285.29980,4285.79980,4282.89990,4283.20020,198.0000
2026-09-24T15:13:00+00:00,4283.00000,4283.20020,4279.50000,4279.60010,374.0000
2026-09-24T15:14:00+00:00,4279.79980,4282.10010,4279.60010,4282.10010,243.0000
2026-09-24T15:15:00+00:00,4281.89990,4284.89990,4281.29980,4283.39990,260.0000
2026-09-24T15:16:00+00:00,4283.60010,4288.50000,4282.79980,4285.70020,674.0000
2026-09-24T15:17:00+00:00,4285.79980,4287.10010,4285.20020,4285.60010,164.0000
2026-09-24T15:18:00+00:00,4285.29980,4286.60010,4284.39990,4286.50000,155.0000
2026-09-24T15:19:00+00:00,4286.20020,4288.29980,4285.39990,4285.39990,120.0000
2026-09-24T15:20:00+00:00,4285.20020,4286.89990,4284.70020,4286.20020,123.0000
2026-09-24T15:21:00+00:00,4285.79980,4289.10010,4285.79980,4288.89990,155.0000
2026-09-24T15:22:00+00:00,4288.79980,4290.29980,4288.10010,4290.00000,271.0000
2026-09-24T15:23:00+00:00,4289.79980,4290.70020,4289.50000,4290.00000,241.0000
2026-09-24T15:24:00+00:00,4289.89990,4290.60010,4289.00000,4290.39990,284.0000
2026-09-24T15:25:00+00:00,4290.39990,4290.60010,4286.89990,4287.39990,216.0000
2026-09-24T15:26:00+00:00,4287.20020,4287.50000,4286.20020,4286.50000,82.0000
2026-09-24T15:27:00+00:00,4286.79980,4286.89990,4284.00000,4284.60010,233.0000
2026-09-24T15:28:00+00:00,4283.89990,4286.60010,4283.89990,4285.00000,174.0000
2026-09-24T15:29:00+00:00,4284.89990,4285.89990,4284.70020,4285.39990,105.0000
2026-09-24T15:30:00+00:00,4285.39990,4285.89990,4284.10010,4284.20020,105.0000
2026-09-24T15:31:00+00:00,4284.00000,4284.60010,4282.50000,4282.50000,143.0000
2026-09-24T15:32:00+00:00,4282.29980,4284.89990,4281.50000,4283.39990,214.0000
2026-09-24T15:33:00+00:00,4283.60010,4285.10010,4283.50000,4284.50000,104.0000
2026-09-24T15:34:00+00:00,4284.50000,4284.50000,4282.20020,4282.79980,135.0000
2026-09-24T15:35:00+00:00,4282.60010,4284.00000,4281.70020,4284.00000,120.0000
2026-09-24T15:36:00+00:00,4284.60010,4285.79980,4283.50000,4283.70020,143.0000
2026-09-24T15:37:00+00:00,4283.70020,4286.89990,4283.70020,4286.60010,154.0000
2026-09-24T15:38:00+00:00,4286.60010,4287.89990,4286.29980,4287.70020,209.0000
2026-09-24T15:39:00+00:00,4287.89990,4288.79980,4286.10010,4288.79980,184.0000
2026-09-24T15:40:00+00:00,4288.60010,4289.00000,4287.20020,4287.39990,103.0000
2026-09-24T15:41:00+00:00,4287.39990,4289.29980,4287.29980,4287.89990,92.0000
2026-09-24T15:42:00+00:00,4287.79980,4288.60010,4287.39990,4288.29980,65.0000
2026-09-24T15:43:00+00:00,4288.00000,4289.00000,4287.79980,4288.70020,76.0000
2026-09-24T15:44:00+00:00,4288.89990,4290.50000,4288.39990,4289.89990,206.0000
2026-09-24T15:45:00+00:00,4290.10010,4291.39990,4289.60010,4290.10010,140.0000
2026-09-24T15:46:00+00:00,4290.39990,4290.39990,4288.20020,4288.89990,104.0000
2026-09-24T15:47:00+00:00,4289.20020,4291.60010,4289.10010,4290.29980,386.0000
2026-09-24T15:48:00+00:00,4290.39990,4290.70020,4289.39990,4289.60010,218.0000
2026-09-24T15:49:00+00:00,4289.70020,4291.20020,4288.39990,4289.79980,71.0000
2026-09-24T15:50:00+00:00,4289.39990,4292.70020,4288.89990,4292.70020,100.0000
2026-09-24T15:51:00+00:00,4292.79980,4294.29980,4292.70020,4293.89990,143.0000
2026-09-24T15:52:00+00:00,4294.20020,4294.50000,4292.70020,4293.00000,137.0000
2026-09-24T15:53:00+00:00,4293.29980,4295.10010,4292.00000,4292.00000,160.0000
2026-09-24T15:54:00+00:00,4292.20020,4292.70020,4291.29980,4292.39990,80.0000
2026-09-24T15:55:00+00:00,4292.39990,4292.50000,4290.00000,4290.20020,198.0000
2026-09-24T15:56:00+00:00,4290.10010,4292.20020,4289.70020,4291.50000,115.0000
2026-09-24T15:57:00+00:00,4291.60010,4292.00000,4291.10010,4291.79980,44.0000
2026-09-24T15:58:00+00:00,4291.60010,4292.10010,4291.10010,4291.20020,54.0000
2026-09-24T15:59:00+00:00,4291.10010,4291.70020,4290.70020,4291.29980,37.0000
2026-09-24T16:00:00+00:00,4291.50000,4292.20020,4289.79980,4290.60010,91.0000
2026-09-24T16:01:00+00:00,4290.50000,4291.79980,4289.20020,4290.70020,95.0000
2026-09-24T16:02:00+00:00,4290.70020,4291.60010,4290.50000,4291.20020,52.0000
2026-09-24T16:03:00+00:00,4291.10010,4292.20020,4290.50000,4292.00000,59.0000
2026-09-24T16:04:00+00:00,4292.20020,4293.10010,4291.50000,4293.00000,55.0000
2026-09-24T16:05:00+00:00,4293.00000,4293.00000,4291.60010,4292.39990,151.0000
2026-09-24T16:06:00+00:00,4292.20020,4292.70020,4289.00000,4289.20020,125.0000
2026-09-24T16:07:00+00:00,4289.00000,4289.20020,4287.70020,4288.20020,126.0000
2026-09-24T16:08:00+00:00,4288.10010,4288.70020,4287.89990,4288.60010,52.0000
2026-09-24T16:09:00+00:00,4288.70020,4288.79980,4287.20020,4287.89990,81.0000
2026-09-24T16:10:00+00:00,4287.70020,4289.10010,4287.70020,4288.20020,79.0000
2026-09-24T16:11:00+00:00,4288.50000,4288.50000,4287.70020,4288.50000,35.0000
2026-09-24T16:12:00+00:00,4288.39990,4289.70020,4288.20020,4288.20020,88.0000
2026-09-24T16:13:00+00:00,4288.20020,4288.89990,4287.70020,4288.39990,89.0000
2026-09-24T16:14:00+00:00,4288.60010,4294.39990,4288.60010,4294.00000,362.0000
2026-09-24T16:15:00+00:00,4294.00000,4305.60010,4292.79980,4303.60010,1658.0000
2026-09-24T16:16:00+00:00,4303.60010,4322.39990,4302.60010,4318.10010,2732.0000
2026-09-24T16:17:00+00:00,4318.10010,4323.10010,4314.50000,4316.00000,1226.0000
2026-09-24T16:18:00+00:00,4315.79980,4324.29980,4312.29980,4312.29980,1179.0000
2026-09-24T16:19:00+00:00,4312.39990,4315.60010,4307.10010,4308.89990,889.0000
2026-09-24T16:20:00+00:00,4310.00000,4316.79980,4309.60010,4311.10010,494.0000
2026-09-24T16:21:00+00:00,4311.39990,4314.50000,4310.20020,4310.70020,376.0000
2026-09-24T16:22:00+00:00,4310.60010,4312.20020,4308.39990,4309.60010,177.0000
2026-09-24T16:23:00+00:00,4310.39990,4311.60010,4306.79980,4306.89990,460.0000
2026-09-24T16:24:00+00:00,4306.89990,4311.60010,4306.39990,4311.60010,384.0000
2026-09-24T16:25:00+00:00,4311.50000,4313.20020,4307.79980,4308.89990,292.0000
2026-09-24T16:26:00+00:00,4309.10010,4311.89990,4308.00000,4309.50000,125.0000
2026-09-24T16:27:00+00:00,4309.50000,4312.20020,4307.00000,4310.29980,305.0000
2026-09-24T16:28:00+00:00,4310.29980,4312.00000,4309.39990,4310.70020,191.0000
2026-09-24T16:29:00+00:00,4310.60010,4312.00000,4308.79980,4310.89990,132.0000
2026-09-24T16:30:00+00:00,4311.20020,4312.39990,4310.79980,4311.60010,158.0000
2026-09-24T16:31:00+00:00,4311.39990,4313.20020,4307.10010,4307.20020,240.0000
2026-09-24T16:32:00+00:00,4307.20020,4308.29980,4305.39990,4307.10010,293.0000
2026-09-24T16:33:00+00:00,4307.60010,4312.10010,4306.60010,4309.89990,278.0000
2026-09-24T16:34:00+00:00,4309.60010,4311.70020,4307.39990,4308.79980,335.0000
2026-09-24T16:35:00+00:00,4308.89990,4312.20020,4307.79980,4310.89990,277.0000
2026-09-24T16:36:00+00:00,4311.29980,4313.10010,4311.29980,4312.70020,89.0000
2026-09-24T16:37:00+00:00,4313.10010,4314.00000,4311.79980,4312.10010,363.0000
2026-09-24T16:38:00+00:00,4312.00000,4312.70020,4310.20020,4310.20020,169.0000
2026-09-24T16:39:00+00:00,4310.79980,4312.50000,4309.70020,4312.50000,100.0000
2026-09-24T16:40:00+00:00,4312.39990,4314.00000,4311.60010,4314.00000,146.0000
2026-09-24T16:41:00+00:00,4314.00000,4316.00000,4314.00000,4316.00000,209.0000
2026-09-24T16:42:00+00:00,4316.10010,4320.70020,4316.10010,4319.10010,492.0000
2026-09-24T16:43:00+00:00,4319.00000,4319.39990,4314.89990,4314.89990,331.0000
2026-09-24T16:44:00+00:00,4315.00000,4315.29980,4309.39990,4309.60010,365.0000
2026-09-24T16:45:00+00:00,4309.70020,4310.39990,4307.89990,4309.79980,209.0000
2026-09-24T16:46:00+00:00,4309.50000,4312.60010,4309.29980,4312.29980,361.0000
2026-09-24T16:47:00+00:00,4312.50000,4312.60010,4309.70020,4311.00000,100.0000
2026-09-24T16:48:00+00:00,4310.70020,4312.29980,4310.50000,4310.89990,89.0000
2026-09-24T16:49:00+00:00,4311.39990,4311.39990,4310.29980,4310.29980,74.0000
2026-09-24T16:50:00+00:00,4310.89990,4312.20020,4309.20020,4309.20020,167.0000
2026-09-24T16:51:00+00:00,4309.50000,4313.60010,4309.00000,4312.79980,241.0000
2026-09-24T16:52:00+00:00,4312.10010,4312.50000,4307.70020,4308.39990,93.0000
2026-09-24T16:53:00+00:00,4308.50000,4309.79980,4306.00000,4307.10010,160.0000
2026-09-24T16:54:00+00:00,4307.10010,4308.79980,4306.89990,4308.00000,81.0000
2026-09-24T16:55:00+00:00,4307.89990,4309.79980,4307.89990,4309.10010,84.0000
2026-09-24T16:56:00+00:00,4308.79980,4310.70020,4308.60010,4309.89990,115.0000
2026-09-24T16:57:00+00:00,4310.10010,4311.29980,4309.70020,4310.20020,89.0000
2026-09-24T16:58:00+00:00,4309.29980,4310.60010,4309.20020,4310.10010,92.0000
2026-09-24T16:59:00+00:00,4309.50000,4309.60010,4308.29980,4308.70020,172.0000
2026-09-24T17:00:00+00:00,4308.00000,4308.00000,4305.10010,4306.89990,166.0000
2026-09-24T17:01:00+00:00,4306.89990,4309.70020,4306.10010,4307.39990,294.0000
2026-09-24T17:02:00+00:00,4308.00000,4309.29980,4303.79980,4309.10010,429.0000
2026-09-24T17:03:00+00:00,4309.10010,4313.00000,4309.00000,4310.00000,318.0000
2026-09-24T17:04:00+00:00,4310.50000,4310.50000,4304.70020,4307.10010,497.0000
2026-09-24T17:05:00+00:00,4307.10010,4309.20020,4306.79980,4307.00000,109.0000
2026-09-24T17:06:00+00:00,4307.10010,4308.89990,4305.89990,4307.39990,109.0000
2026-09-24T17:07:00+00:00,4306.79980,4308.89990,4306.29980,4306.29980,113.0000
2026-09-24T17:08:00+00:00,4306.00000,4307.39990,4305.00000,4307.39990,63.0000
2026-09-24T17:09:00+00:00,4307.00000,4307.00000,4305.89990,4306.39990,56.0000
2026-09-24T17:10:00+00:00,4305.79980,4306.10010,4301.50000,4304.00000,651.0000
2026-09-24T17:11:00+00:00,4303.60010,4305.10010,4302.29980,4304.20020,194.0000
2026-09-24T17:12:00+00:00,4304.20020,4305.00000,4303.20020,4304.29980,104.0000
2026-09-24T17:13:00+00:00,4304.00000,4305.79980,4304.00000,4305.70020,70.0000
2026-09-24T17:14:00+00:00,4305.89990,4307.00000,4305.29980,4305.89990,97.0000
2026-09-24T17:15:00+00:00,4306.50000,4306.50000,4302.39990,4302.70020,150.0000
2026-09-24T17:16:00+00:00,4302.70020,4304.20020,4302.70020,4302.79980,97.0000
2026-09-24T17:17:00+00:00,4302.50000,4303.10010,4301.00000,4301.20020,171.0000
2026-09-24T17:18:00+00:00,4301.29980,4302.70020,4300.39990,4302.20020,190.0000
2026-09-24T17:19:00+00:00,4302.20020,4302.60010,4297.50000,4297.60010,608.0000
2026-09-24T17:20:00+00:00,4297.89990,4300.79980,4297.20020,4299.39990,369.0000
2026-09-24T17:21:00+00:00,4299.60010,4301.00000,4298.79980,4299.70020,81.0000
2026-09-24T17:22:00+00:00,4299.79980,4301.00000,4299.39990,4299.39990,129.0000
2026-09-24T17:23:00+00:00,4299.29980,4299.60010,4298.39990,4298.60010,211.0000
2026-09-24T17:24:00+00:00,4298.60010,4299.60010,4296.10010,4296.60010,306.0000
2026-09-24T17:25:00+00:00,4296.50000,4298.00000,4295.79980,4297.00000,109.0000
2026-09-24T17:26:00+00:00,4296.70020,4296.89990,4294.39990,4295.39990,178.0000
2026-09-24T17:27:00+00:00,4295.60010,4296.50000,4295.00000,4295.39990,86.0000
2026-09-24T17:28:00+00:00,4295.50000,4298.50000,4295.50000,4297.29980,454.0000
2026-09-24T17:29:00+00:00,4297.10010,4298.70020,4296.20020,4298.50000,1183.0000
2026-09-24T17:30:00+00:00,4298.50000,4299.70020,4298.10010,4299.29980,186.0000
2026-09-24T17:31:00+00:00,4299.39990,4300.70020,4298.70020,4299.70020,143.0000
2026-09-24T17:32:00+00:00,4299.60010,4300.50000,4298.60010,4300.00000,111.0000
2026-09-24T17:33:00+00:00,4299.70020,4302.29980,4299.20020,4302.29980,212.0000
2026-09-24T17:34:00+00:00,4302.60010,4302.70020,4298.29980,4298.29980,186.0000
2026-09-24T17:35:00+00:00,4298.20020,4299.00000,4297.50000,4298.29980,84.0000
2026-09-24T17:36:00+00:00,4298.29980,4299.10010,4297.89990,4298.60010,66.0000
2026-09-24T17:37:00+00:00,4298.20020,4298.60010,4297.39990,4297.89990,57.0000
2026-09-24T17:38:00+00:00,4297.29980,4298.29980,4296.70020,4297.20020,242.0000
2026-09-24T17:39:00+00:00,4297.50000,4298.10010,4297.00000,4297.70020,102.0000
2026-09-24T17:40:00+00:00,4297.70020,4298.20020,4297.29980,4297.70020,30.0000
2026-09-24T17:41:00+00:00,4298.10010,4298.10010,4295.89990,4296.10010,231.0000
2026-09-24T17:42:00+00:00,4295.89990,4297.20020,4295.89990,4296.00000,102.0000
2026-09-24T17:43:00+00:00,4295.79980,4296.10010,4294.00000,4294.60010,252.0000
2026-09-24T17:44:00+00:00,4294.60010,4294.70020,4293.39990,4294.20020,125.0000
2026-09-24T17:45:00+00:00,4294.20020,4294.70020,4293.20020,4294.20020,110.0000
2026-09-24T17:46:00+00:00,4294.39990,4295.60010,4294.39990,4295.00000,67.0000
2026-09-24T17:47:00+00:00,4294.70020,4296.10010,4294.29980,4295.89990,89.0000
2026-09-24T17:48:00+00:00,4295.79980,4295.79980,4293.29980,4293.29980,223.0000
2026-09-24T17:49:00+00:00,4293.39990,4294.10010,4293.20020,4294.10010,36.0000
2026-09-24T17:50:00+00:00,4294.10010,4295.20020,4293.60010,4294.89990,155.0000
2026-09-24T17:51:00+00:00,4295.29980,4295.29980,4293.70020,4294.60010,67.0000
2026-09-24T17:52:00+00:00,4294.39990,4296.10010,4294.39990,4295.50000,99.0000
2026-09-24T17:53:00+00:00,4295.50000,4296.79980,4295.10010,4295.39990,101.0000
2026-09-24T17:54:00+00:00,4295.10010,4296.50000,4294.89990,4295.79980,68.0000
2026-09-24T17:55:00+00:00,4296.10010,4297.20020,4295.79980,4296.29980,75.0000
2026-09-24T17:56:00+00:00,4296.39990,4297.79980,4296.00000,4297.29980,55.0000
2026-09-24T17:57:00+00:00,4297.20020,4299.70020,4296.60010,4299.29980,187.0000
2026-09-24T17:58:00+00:00,4299.50000,4300.29980,4298.79980,4299.89990,120.0000
2026-09-24T17:59:00+00:00,4300.00000,4301.39990,4299.89990,4300.10010,95.0000
2026-09-24T18:00:00+00:00,4300.20020,4300.89990,4298.89990,4299.39990,217.0000
2026-09-24T18:01:00+00:00,4299.79980,4300.70020,4295.20020,4296.50000,210.0000
2026-09-24T18:02:00+00:00,4296.50000,4296.50000,4293.20020,4294.00000,322.0000
2026-09-24T18:03:00+00:00,4294.10010,4295.00000,4291.29980,4291.50000,277.0000
2026-09-24T18:04:00+00:00,4291.60010,4293.39990,4291.39990,4292.79980,187.0000
2026-09-24T18:05:00+00:00,4292.60010,4294.89990,4292.39990,4293.39990,301.0000
2026-09-24T18:06:00+00:00,4293.20020,4297.70020,4292.79980,4296.70020,290.0000
2026-09-24T18:07:00+00:00,4296.79980,4297.50000,4295.70020,4297.10010,77.0000
2026-09-24T18:08:00+00:00,4297.50000,4298.29980,4296.29980,4296.29980,78.0000
2026-09-24T18:09:00+00:00,4296.70020,4297.89990,4296.70020,4297.10010,59.0000
2026-09-24T18:10:00+00:00,4297.50000,4300.00000,4297.50000,4299.89990,138.0000
2026-09-24T18:11:00+00:00,4300.10010,4302.60010,4299.39990,4302.10010,238.0000
2026-09-24T18:12:00+00:00,4302.00000,4304.39990,4301.89990,4302.60010,212.0000
2026-09-24T18:13:00+00:00,4302.70020,4305.00000,4302.70020,4304.60010,166.0000
2026-09-24T18:14:00+00:00,4304.60010,4305.00000,4303.50000,4304.79980,85.0000
2026-09-24T18:15:00+00:00,4304.89990,4305.00000,4303.20020,4304.60010,58.0000
2026-09-24T18:16:00+00:00,4304.60010,4307.20020,4304.60010,4305.89990,105.0000
2026-09-24T18:17:00+00:00,4306.10010,4306.39990,4304.29980,4305.50000,82.0000
2026-09-24T18:18:00+00:00,4305.60010,4306.39990,4304.20020,4304.20020,88.0000
2026-09-24T18:19:00+00:00,4304.29980,4304.29980,4303.50000,4304.00000,28.0000
2026-09-24T18:20:00+00:00,4304.39990,4304.50000,4302.10010,4302.10010,53.0000
2026-09-24T18:21:00+00:00,4302.39990,4303.60010,4302.39990,4303.39990,54.0000
2026-09-24T18:22:00+00:00,4303.20020,4303.89990,4302.70020,4303.20020,52.0000
2026-09-24T18:23:00+00:00,4303.29980,4304.60010,4302.89990,4304.20020,41.0000
2026-09-24T18:24:00+00:00,4304.20020,4304.89990,4303.70020,4304.20020,86.0000
2026-09-24T18:25:00+00:00,4304.10010,4309.50000,4303.70020,4307.39990,625.0000
2026-09-24T18:26:00+00:00,4307.89990,4310.50000,4307.89990,4308.60010,128.0000
2026-09-24T18:27:00+00:00,4308.79980,4309.29980,4308.00000,4308.10010,53.0000
2026-09-24T18:28:00+00:00,4308.29980,4310.00000,4308.00000,4309.29980,59.0000
2026-09-24T18:29:00+00:00,4309.29980,4310.50000,4309.10010,4309.50000,48.0000
2026-09-24T18:30:00+00:00,4309.60010,4312.10010,4309.20020,4311.00000,192.0000
2026-09-24T18:31:00+00:00,4311.10010,4311.10010,4309.10010,4309.50000,98.0000
2026-09-24T18:32:00+00:00,4309.29980,4309.29980,4307.60010,4307.70020,81.0000
2026-09-24T18:33:00+00:00,4308.00000,4309.10010,4307.50000,4307.70020,56.0000
2026-09-24T18:34:00+00:00,4307.60010,4307.60010,4305.50000,4305.50000,71.0000
2026-09-24T18:35:00+00:00,4305.79980,4305.79980,4303.29980,4303.60010,60.0000
2026-09-24T18:36:00+00:00,4303.60010,4304.39990,4303.29980,4303.29980,51.0000
2026-09-24T18:37:00+00:00,4303.00000,4304.70020,4302.79980,4304.50000,108.0000
2026-09-24T18:38:00+00:00,4305.00000,4313.29980,4304.79980,4312.79980,1103.0000
2026-09-24T18:39:00+00:00,4313.00000,4317.20020,4312.50000,4312.70020,534.0000
2026-09-24T18:40:00+00:00,4312.60010,4312.79980,4308.10010,4308.89990,176.0000
2026-09-24T18:41:00+00:00,4309.29980,4310.29980,4308.10010,4310.29980,69.0000
2026-09-24T18:42:00+00:00,4309.79980,4310.00000,4307.00000,4307.60010,41.0000
2026-09-24T18:43:00+00:00,4307.60010,4307.60010,4305.10010,4306.39990,98.0000
2026-09-24T18:44:00+00:00,4306.29980,4307.60010,4306.29980,4306.70020,55.0000
2026-09-24T18:45:00+00:00,4306.79980,4307.89990,4306.00000,4306.89990,43.0000
2026-09-24T18:46:00+00:00,4306.70020,4307.79980,4306.39990,4306.79980,223.0000
2026-09-24T18:47:00+00:00,4306.60010,4306.60010,4305.89990,4306.10010,10.0000
2026-09-24T18:48:00+00:00,4306.29980,4307.29980,4306.29980,4307.20020,16.0000
2026-09-24T18:49:00+00:00,4307.29980,4308.10010,4306.79980,4307.79980,37.0000
2026-09-24T18:50:00+00:00,4307.79980,4312.39990,4307.70020,4311.89990,283.0000
2026-09-24T18:51:00+00:00,4311.60010,4311.60010,4308.20020,4309.70020,157.0000
2026-09-24T18:52:00+00:00,4310.00000,4310.50000,4309.60010,4310.50000,29.0000
2026-09-24T18:53:00+00:00,4310.10010,4310.10010,4308.50000,4308.50000,27.0000
2026-09-24T18:54:00+00:00,4308.79980,4309.29980,4308.20020,4308.60010,27.0000
2026-09-24T18:55:00+00:00,4308.89990,4309.50000,4308.89990,4309.00000,30.0000
2026-09-24T18:56:00+00:00,4308.89990,4310.00000,4308.89990,4309.20020,49.0000
2026-09-24T18:57:00+00:00,4309.29980,4309.79980,4308.39990,4308.39990,42.0000
2026-09-24T18:58:00+00:00,4308.79980,4310.00000,4308.20020,4308.50000,77.0000
2026-09-24T18:59:00+00:00,4308.60010,4308.79980,4306.60010,4307.10010,150.0000
2026-09-24T19:00:00+00:00,4307.20020,4307.50000,4305.89990,4307.20020,156.0000
2026-09-24T19:01:00+00:00,4307.00000,4308.00000,4303.39990,4305.00000,337.0000
2026-09-24T19:02:00+00:00,4305.10010,4305.70020,4303.70020,4303.70020,62.0000
2026-09-24T19:03:00+00:00,4303.79980,4304.79980,4302.20020,4302.39990,89.0000
2026-09-24T19:04:00+00:00,4302.29980,4303.60010,4302.20020,4303.60010,49.0000
2026-09-24T19:05:00+00:00,4303.50000,4304.29980,4303.20020,4303.50000,29.0000
2026-09-24T19:06:00+00:00,4304.10010,4305.50000,4303.79980,4304.50000,31.0000
2026-09-24T19:07:00+00:00,4304.29980,4305.50000,4304.00000,4304.89990,26.0000
2026-09-24T19:08:00+00:00,4304.70020,4304.89990,4304.39990,4304.89990,31.0000
2026-09-24T19:09:00+00:00,4304.60010,4304.79980,4304.20020,4304.79980,19.0000
2026-09-24T19:10:00+00:00,4304.60010,4304.79980,4303.20020,4303.39990,37.0000
2026-09-24T19:11:00+00:00,4303.39990,4303.60010,4302.70020,4303.10010,116.0000
2026-09-24T19:12:00+00:00,4303.20020,4303.60010,4303.10010,4303.50000,11.0000
2026-09-24T19:13:00+00:00,4303.29980,4304.20020,4303.20020,4304.20020,21.0000
2026-09-24T19:14:00+00:00,4303.79980,4303.79980,4302.50000,4302.50000,29.0000
2026-09-24T19:15:00+00:00,4302.50000,4304.39990,4302.39990,4303.89990,35.0000
2026-09-24T19:16:00+00:00,4304.29980,4305.39990,4304.00000,4305.00000,39.0000
2026-09-24T19:17:00+00:00,4305.29980,4305.79980,4304.29980,4305.10010,96.0000
2026-09-24T19:18:00+00:00,4305.50000,4306.00000,4305.50000,4305.89990,264.0000
2026-09-24T19:19:00+00:00,4305.29980,4306.10010,4304.70020,4305.89990,71.0000
2026-09-24T19:20:00+00:00,4306.29980,4306.39990,4304.39990,4304.50000,53.0000
2026-09-24T19:21:00+00:00,4304.60010,4306.50000,4304.39990,4306.00000,70.0000
2026-09-24T19:22:00+00:00,4305.79980,4306.89990,4305.50000,4306.50000,64.0000
2026-09-24T19:23:00+00:00,4305.89990,4308.10010,4305.79980,4308.00000,39.0000
2026-09-24T19:24:00+00:00,4308.00000,4309.20020,4307.89990,4309.20020,56.0000
2026-09-24T19:25:00+00:00,4309.29980,4310.89990,4309.29980,4310.29980,80.0000
2026-09-24T19:26:00+00:00,4310.50000,4310.50000,4309.79980,4310.10010,38.0000
2026-09-24T19:27:00+00:00,4309.60010,4309.89990,4308.20020,4308.79980,82.0000
2026-09-24T19:28:00+00:00,4308.50000,4308.89990,4308.00000,4308.20020,17.0000
2026-09-24T19:29:00+00:00,4308.00000,4308.00000,4306.70020,4307.29980,42.0000
2026-09-24T19:30:00+00:00,4307.39990,4307.89990,4306.29980,4307.00000,54.0000
2026-09-24T19:31:00+00:00,4307.10010,4307.89990,4306.70020,4307.60010,19.0000
2026-09-24T19:32:00+00:00,4307.50000,4307.70020,4306.50000,4307.20020,57.0000
2026-09-24T19:33:00+00:00,4307.20020,4307.50000,4307.10010,4307.50000,13.0000
2026-09-24T19:34:00+00:00,4307.50000,4308.29980,4306.39990,4308.00000,46.0000
2026-09-24T19:35:00+00:00,4308.00000,4308.00000,4306.79980,4306.79980,25.0000
2026-09-24T19:36:00+00:00,4307.79980,4308.70020,4307.50000,4307.50000,32.0000
2026-09-24T19:37:00+00:00,4307.60010,4307.70020,4306.89990,4307.29980,39.0000
2026-09-24T19:38:00+00:00,4307.89990,4308.39990,4307.39990,4307.60010,36.0000
2026-09-24T19:39:00+00:00,4308.00000,4310.70020,4308.00000,4310.70020,135.0000
2026-09-24T19:40:00+00:00,4310.70020,4310.70020,4309.20020,4309.29980,158.0000
2026-09-24T19:41:00+00:00,4309.00000,4309.60010,4308.79980,4308.89990,53.0000
2026-09-24T19:42:00+00:00,4309.00000,4309.60010,4308.70020,4309.60010,84.0000
2026-09-24T19:43:00+00:00,4309.70020,4310.29980,4309.39990,4310.20020,40.0000
2026-09-24T19:44:00+00:00,4310.10010,4310.70020,4309.29980,4309.39990,112.0000
2026-09-24T19:45:00+00:00,4309.20020,4310.10010,4308.89990,4308.89990,52.0000
2026-09-24T19:46:00+00:00,4308.89990,4310.00000,4308.29980,4309.89990,91.0000
2026-09-24T19:47:00+00:00,4309.79980,4310.70020,4309.70020,4310.39990,31.0000
2026-09-24T19:48:00+00:00,4310.29980,4310.29980,4308.70020,4309.20020,64.0000
2026-09-24T19:49:00+00:00,4309.39990,4309.60010,4308.39990,4308.39990,67.0000
2026-09-24T19:50:00+00:00,4308.60010,4309.20020,4307.50000,4308.00000,96.0000
2026-09-24T19:51:00+00:00,4308.10010,4309.10010,4307.89990,4308.89990,66.0000
2026-09-24T19:52:00+00:00,4308.70020,4309.29980,4308.39990,4309.29980,23.0000
2026-09-24T19:53:00+00:00,4309.39990,4309.50000,4308.50000,4309.00000,46.0000
2026-09-24T19:54:00+00:00,4308.89990,4309.89990,4308.79980,4309.79980,18.0000
2026-09-24T19:55:00+00:00,4309.70020,4310.00000,4309.10010,4309.29980,67.0000
2026-09-24T19:56:00+00:00,4309.29980,4309.79980,4308.60010,4309.79980,47.0000
2026-09-24T19:57:00+00:00,4309.50000,4309.50000,4308.50000,4308.50000,46.0000
2026-09-24T19:58:00+00:00,4308.60010,4308.60010,4307.70020,4307.79980,47.0000
2026-09-24T19:59:00+00:00,4308.10010,4309.50000,4307.70020,4309.39990,209.0000
2026-09-24T20:00:00+00:00,4309.10010,4309.89990,4308.79980,4309.20020,871.0000
2026-09-24T20:01:00+00:00,4309.10010,4309.10010,4308.10010,4308.29980,166.0000
2026-09-24T20:02:00+00:00,4308.20020,4308.39990,4307.20020,4307.70020,70.0000
2026-09-24T20:03:00+00:00,4307.39990,4308.00000,4306.70020,4307.89990,43.0000
2026-09-24T20:04:00+00:00,4308.10010,4308.39990,4307.00000,4307.29980,25.0000
2026-09-24T20:05:00+00:00,4307.29980,4307.79980,4306.79980,4307.00000,44.0000
2026-09-24T20:06:00+00:00,4306.79980,4307.50000,4306.79980,4307.29980,18.0000
2026-09-24T20:07:00+00:00,4307.39990,4307.60010,4307.00000,4307.00000,14.0000
2026-09-24T20:08:00+00:00,4307.10010,4307.39990,4306.60010,4306.70020,24.0000
2026-09-24T20:09:00+00:00,4306.89990,4306.89990,4305.39990,4305.60010,71.0000
2026-09-24T20:10:00+00:00,4305.89990,4307.60010,4305.70020,4307.60010,118.0000
2026-09-24T20:11:00+00:00,4307.50000,4307.79980,4306.70020,4307.79980,191.0000
2026-09-24T20:12:00+00:00,4307.89990,4308.20020,4306.39990,4306.60010,115.0000
2026-09-24T20:13:00+00:00,4306.50000,4307.00000,4306.00000,4306.00000,53.0000
2026-09-24T20:14:00+00:00,4305.70020,4305.89990,4305.10010,4305.20020,33.0000
2026-09-24T20:15:00+00:00,4305.20020,4305.79980,4303.79980,4303.79980,64.0000
2026-09-24T20:16:00+00:00,4303.89990,4304.70020,4303.50000,4303.50000,49.0000
2026-09-24T20:17:00+00:00,4303.39990,4303.70020,4301.39990,4301.70020,96.0000
2026-09-24T20:18:00+00:00,4301.50000,4301.70020,4300.29980,4300.70020,141.0000
2026-09-24T20:19:00+00:00,4300.79980,4301.00000,4300.20020,4300.39990,111.0000
2026-09-24T20:20:00+00:00,4300.39990,4300.50000,4299.79980,4300.00000,69.0000
2026-09-24T20:21:00+00:00,4300.29980,4300.89990,4300.00000,4300.89990,43.0000
2026-09-24T20:22:00+00:00,4300.79980,4301.00000,4300.20020,4300.20020,18.0000
2026-09-24T20:23:00+00:00,4299.89990,4301.10010,4299.89990,4301.10010,22.0000
2026-09-24T20:24:00+00:00,4300.79980,4302.20020,4300.60010,4301.10010,96.0000
2026-09-24T20:25:00+00:00,4300.79980,4301.79980,4300.00000,4301.79980,33.0000
2026-09-24T20:26:00+00:00,4301.60010,4301.89990,4301.00000,4301.10010,19.0000
2026-09-24T20:27:00+00:00,4301.10010,4301.10010,4300.00000,4300.50000,45.0000
2026-09-24T20:28:00+00:00,4300.50000,4300.79980,4300.29980,4300.60010,37.0000
2026-09-24T20:29:00+00:00,4300.10010,4300.89990,4299.70020,4300.79980,32.0000
2026-09-24T20:30:00+00:00,4300.89990,4301.60010,4300.39990,4301.60010,59.0000
2026-09-24T20:31:00+00:00,4301.39990,4301.60010,4300.70020,4301.10010,31.0000
2026-09-24T20:32:00+00:00,4301.29980,4302.39990,4301.29980,4302.29980,18.0000
2026-09-24T20:33:00+00:00,4302.00000,4302.29980,4301.89990,4301.89990,13.0000
2026-09-24T20:34:00+00:00,4302.10010,4302.10010,4301.89990,4302.00000,7.0000
2026-09-24T20:35:00+00:00,4302.00000,4302.79980,4301.70020,4302.79980,28.0000
2026-09-24T20:36:00+00:00,4302.29980,4302.29980,4302.00000,4302.00000,4.0000
2026-09-24T20:37:00+00:00,4302.39990,4302.39990,4301.29980,4301.60010,62.0000
2026-09-24T20:38:00+00:00,4302.20020,4303.10010,4302.20020,4303.10010,124.0000
2026-09-24T20:39:00+00:00,4303.20020,4304.00000,4303.20020,4304.00000,37.0000
2026-09-24T20:40:00+00:00,4304.39990,4305.70020,4304.00000,4305.70020,83.0000
2026-09-24T20:41:00+00:00,4305.89990,4305.89990,4304.79980,4304.79980,18.0000
2026-09-24T20:42:00+00:00,4304.89990,4305.39990,4304.89990,4305.39990,8.0000
2026-09-24T20:43:00+00:00,4305.39990,4306.70020,4305.10010,4306.70020,18.0000
2026-09-24T20:44:00+00:00,4306.79980,4306.89990,4306.29980,4306.50000,22.0000
2026-09-24T20:45:00+00:00,4306.50000,4308.00000,4306.50000,4307.29980,38.0000
2026-09-24T20:46:00+00:00,4306.89990,4306.89990,4305.79980,4306.39990,48.0000
2026-09-24T20:47:00+00:00,4306.50000,4307.39990,4306.39990,4306.39990,20.0000
2026-09-24T20:48:00+00:00,4306.89990,4307.39990,4306.10010,4307.10010,18.0000
2026-09-24T20:49:00+00:00,4307.60010,4307.60010,4307.60010,4307.60010,1.0000
2026-09-24T20:50:00+00:00,4307.39990,4307.79980,4306.79980,4307.20020,43.0000
2026-09-24T20:51:00+00:00,4307.29980,4307.79980,4307.10010,4307.50000,10.0000
2026-09-24T20:52:00+00:00,4307.29980,4307.60010,4307.00000,4307.39990,74.0000
2026-09-24T20:53:00+00:00,4307.20020,4307.39990,4307.00000,4307.39990,26.0000
2026-09-24T20:54:00+00:00,4307.60010,4308.50000,4307.29980,4308.50000,23.0000
2026-09-24T20:55:00+00:00,4308.39990,4310.29980,4308.29980,4309.50000,59.0000
2026-09-24T20:56:00+00:00,4309.60010,4309.89990,4309.10010,4309.60010,109.0000
2026-09-24T20:57:00+00:00,4309.79980,4310.79980,4309.70020,4310.10010,22.0000
2026-09-24T20:58:00+00:00,4310.39990,4310.79980,4309.50000,4309.70020,40.0000
2026-09-24T20:59:00+00:00,4309.79980,4311.39990,4309.39990,4310.10010,57.0000
2026-09-24T22:00:00+00:00,4309.50000,4312.79980,4307.10010,4310.20020,0.0000
2026-09-24T22:01:00+00:00,4310.10010,4310.60010,4308.50000,4310.60010,63.0000
2026-09-24T22:02:00+00:00,4310.50000,4311.20020,4310.00000,4310.39990,83.0000
2026-09-24T22:03:00+00:00,4310.20020,4311.20020,4310.20020,4311.20020,9.0000
2026-09-24T22:04:00+00:00,4311.10010,4311.10010,4310.10010,4310.10010,16.0000
2026-09-24T22:05:00+00:00,4310.00000,4310.00000,4308.00000,4308.10010,17.0000
2026-09-24T22:06:00+00:00,4308.10010,4309.10010,4308.10010,4308.20020,5.0000
2026-09-24T22:07:00+00:00,4308.20020,4308.70020,4307.70020,4308.70020,7.0000
2026-09-24T22:08:00+00:00,4308.60010,4308.70020,4307.89990,4307.89990,25.0000
2026-09-24T22:09:00+00:00,4308.10010,4308.10010,4307.10010,4307.29980,22.0000
2026-09-24T22:10:00+00:00,4307.39990,4307.39990,4306.20020,4307.20020,51.0000
2026-09-24T22:11:00+00:00,4306.79980,4307.00000,4306.00000,4306.00000,64.0000
2026-09-24T22:12:00+00:00,4306.29980,4306.60010,4306.20020,4306.29980,13.0000
2026-09-24T22:13:00+00:00,4306.39990,4306.50000,4305.89990,4306.50000,10.0000
2026-09-24T22:14:00+00:00,4306.10010,4306.50000,4305.79980,4305.89990,20.0000
2026-09-24T22:15:00+00:00,4305.89990,4306.20020,4305.70020,4305.89990,14.0000
2026-09-24T22:16:00+00:00,4306.20020,4306.39990,4305.29980,4305.60010,31.0000
2026-09-24T22:17:00+00:00,4305.60010,4306.60010,4305.50000,4305.50000,26.0000
2026-09-24T22:18:00+00:00,4305.29980,4305.29980,4304.70020,4304.70020,20.0000
2026-09-24T22:19:00+00:00,4304.60010,4304.70020,4303.50000,4303.89990,44.0000
2026-09-24T22:20:00+00:00,4304.00000,4304.50000,4303.10010,4304.39990,69.0000
2026-09-24T22:21:00+00:00,4304.50000,4304.79980,4303.39990,4303.50000,47.0000
2026-09-24T22:22:00+00:00,4303.39990,4304.29980,4303.10010,4304.29980,21.0000
2026-09-24T22:23:00+00:00,4304.20020,4304.50000,4303.70020,4304.39990,22.0000
2026-09-24T22:24:00+00:00,4304.60010,4305.70020,4304.29980,4305.70020,51.0000
2026-09-24T22:25:00+00:00,4305.39990,4306.10010,4305.00000,4306.00000,53.0000
2026-09-24T22:26:00+00:00,4306.10010,4306.79980,4306.10010,4306.70020,21.0000
2026-09-24T22:27:00+00:00,4306.39990,4306.60010,4306.10010,4306.10010,20.0000
2026-09-24T22:28:00+00:00,4306.29980,4306.79980,4306.10010,4306.60010,18.0000
2026-09-24T22:29:00+00:00,4306.89990,4307.00000,4306.39990,4306.50000,30.0000
2026-09-24T22:30:00+00:00,4306.39990,4308.50000,4306.39990,4307.39990,83.0000
2026-09-24T22:31:00+00:00,4307.20020,4307.20020,4306.50000,4306.79980,24.0000
2026-09-24T22:32:00+00:00,4306.50000,4306.79980,4306.20020,4306.79980,31.0000
2026-09-24T22:33:00+00:00,4306.60010,4307.10010,4306.50000,4306.70020,58.0000
2026-09-24T22:34:00+00:00,4307.29980,4307.79980,4307.20020,4307.20020,15.0000
2026-09-24T22:35:00+00:00,4307.20020,4307.20020,4306.10010,4306.20020,30.0000
2026-09-24T22:36:00+00:00,4306.00000,4306.00000,4305.89990,4305.89990,7.0000
2026-09-24T22:37:00+00:00,4306.39990,4306.70020,4306.20020,4306.70020,24.0000
2026-09-24T22:38:00+00:00,4306.70020,4307.20020,4306.20020,4306.20020,88.0000
2026-09-24T22:39:00+00:00,4306.10010,4306.89990,4304.60010,4305.29980,98.0000
2026-09-24T22:40:00+00:00,4305.20020,4306.20020,4304.00000,4305.50000,285.0000
2026-09-24T22:41:00+00:00,4306.10010,4307.10010,4305.50000,4306.60010,185.0000
2026-09-24T22:42:00+00:00,4306.70020,4306.89990,4305.70020,4306.60010,26.0000
2026-09-24T22:43:00+00:00,4307.20020,4307.60010,4305.70020,4305.79980,98.0000
2026-09-24T22:44:00+00:00,4305.70020,4306.50000,4305.29980,4305.89990,52.0000
2026-09-24T22:45:00+00:00,4306.00000,4306.79980,4305.79980,4306.79980,17.0000
2026-09-24T22:46:00+00:00,4306.89990,4307.20020,4306.50000,4306.70020,16.0000
2026-09-24T22:47:00+00:00,4306.60010,4306.79980,4305.89990,4305.89990,23.0000
2026-09-24T22:48:00+00:00,4306.29980,4306.39990,4306.29980,4306.39990,4.0000
2026-09-24T22:49:00+00:00,4306.39990,4307.00000,4306.39990,4306.60010,16.0000
2026-09-24T22:50:00+00:00,4306.60010,4307.10010,4306.29980,4307.10010,13.0000
2026-09-24T22:51:00+00:00,4307.10010,4307.20020,4306.29980,4306.29980,10.0000
2026-09-24T22:52:00+00:00,4306.50000,4306.70020,4306.29980,4306.29980,7.0000
2026-09-24T22:53:00+00:00,4306.70020,4306.70020,4305.79980,4305.79980,55.0000
2026-09-24T22:54:00+00:00,4306.29980,4307.39990,4306.20020,4307.10010,40.0000
2026-09-24T22:55:00+00:00,4306.79980,4308.20020,4306.60010,4307.70020,63.0000
2026-09-24T22:56:00+00:00,4307.89990,4309.70020,4307.70020,4308.10010,193.0000
2026-09-24T22:57:00+00:00,4308.10010,4308.29980,4308.00000,4308.20020,7.0000
2026-09-24T22:58:00+00:00,4308.10010,4308.10010,4307.70020,4308.00000,11.0000
2026-09-24T22:59:00+00:00,4307.60010,4307.89990,4307.10010,4307.50000,71.0000
2026-09-24T23:00:00+00:00,4307.79980,4308.89990,4307.79980,4308.70020,32.0000
2026-09-24T23:01:00+00:00,4307.89990,4307.89990,4307.50000,4307.79980,119.0000
2026-09-24T23:02:00+00:00,4307.79980,4308.50000,4307.39990,4308.50000,49.0000
2026-09-24T23:03:00+00:00,4308.20020,4310.29980,4308.10010,4309.20020,68.0000
2026-09-24T23:04:00+00:00,4309.00000,4309.00000,4308.60010,4308.89990,6.0000
2026-09-24T23:05:00+00:00,4309.00000,4309.70020,4308.20020,4309.39990,77.0000
2026-09-24T23:06:00+00:00,4309.29980,4310.20020,4308.60010,4309.00000,273.0000
2026-09-24T23:07:00+00:00,4309.29980,4309.70020,4308.20020,4308.20020,125.0000
2026-09-24T23:08:00+00:00,4308.00000,4309.50000,4307.10010,4307.10010,155.0000
2026-09-24T23:09:00+00:00,4307.00000,4308.39990,4306.89990,4308.39990,202.0000
2026-09-24T23:10:00+00:00,4308.20020,4308.20020,4307.10010,4307.89990,77.0000
2026-09-24T23:11:00+00:00,4308.00000,4309.00000,4307.29980,4307.89990,96.0000
2026-09-24T23:12:00+00:00,4308.79980,4308.79980,4308.20020,4308.20020,2.0000
2026-09-24T23:13:00+00:00,4308.50000,4309.29980,4308.00000,4309.10010,51.0000
2026-09-24T23:14:00+00:00,4308.50000,4310.00000,4308.00000,4308.60010,266.0000
2026-09-24T23:15:00+00:00,4308.50000,4308.50000,4307.70020,4308.29980,20.0000
2026-09-24T23:16:00+00:00,4308.79980,4309.29980,4307.79980,4307.89990,86.0000
2026-09-24T23:17:00+00:00,4307.89990,4308.70020,4306.70020,4308.00000,221.0000
2026-09-24T23:18:00+00:00,4307.60010,4308.39990,4307.20020,4308.39990,55.0000
2026-09-24T23:19:00+00:00,4308.39990,4310.10010,4308.10010,4308.70020,110.0000
2026-09-24T23:20:00+00:00,4308.39990,4309.39990,4307.70020,4308.39990,66.0000
2026-09-24T23:21:00+00:00,4308.00000,4308.79980,4307.79980,4308.29980,138.0000
2026-09-24T23:22:00+00:00,4308.29980,4308.29980,4308.29980,4308.29980,2.0000
2026-09-24T23:23:00+00:00,4308.79980,4308.79980,4308.20020,4308.39990,16.0000
2026-09-24T23:24:00+00:00,4308.20020,4308.60010,4308.20020,4308.29980,4.0000
2026-09-24T23:25:00+00:00,4308.20020,4308.20020,4306.79980,4306.79980,21.0000
2026-09-24T23:26:00+00:00,4307.29980,4308.10010,4307.29980,4307.70020,40.0000
2026-09-24T23:27:00+00:00,4307.79980,4308.29980,4307.29980,4307.89990,59.0000
2026-09-24T23:29:00+00:00,4308.00000,4308.10010,4307.20020,4307.20020,46.0000
2026-09-24T23:30:00+00:00,4307.20020,4307.70020,4306.00000,4307.60010,95.0000
2026-09-24T23:31:00+00:00,4307.70020,4309.50000,4306.89990,4308.79980,138.0000
2026-09-24T23:32:00+00:00,4308.70020,4308.70020,4307.79980,4308.39990,38.0000
2026-09-24T23:33:00+00:00,4309.10010,4309.50000,4308.10010,4308.50000,55.0000
2026-09-24T23:34:00+00:00,4308.60010,4309.10010,4307.60010,4308.10010,103.0000
2026-09-24T23:35:00+00:00,4308.00000,4308.89990,4308.00000,4308.29980,21.0000
2026-09-24T23:36:00+00:00,4308.50000,4309.29980,4308.00000,4308.70020,65.0000
2026-09-24T23:37:00+00:00,4308.50000,4309.10010,4307.60010,4308.79980,184.0000
2026-09-24T23:38:00+00:00,4308.60010,4309.70020,4308.29980,4309.70020,30.0000
2026-09-24T23:39:00+00:00,4309.60010,4311.39990,4309.39990,4309.50000,137.0000
2026-09-24T23:40:00+00:00,4309.79980,4310.00000,4308.70020,4309.50000,96.0000
2026-09-24T23:41:00+00:00,4309.50000,4309.50000,4308.79980,4309.20020,44.0000
2026-09-24T23:42:00+00:00,4309.10010,4309.20020,4308.79980,4308.89990,36.0000
2026-09-24T23:43:00+00:00,4308.89990,4309.29980,4308.89990,4309.29980,8.0000
2026-09-24T23:44:00+00:00,4309.00000,4309.60010,4309.00000,4309.60010,16.0000
2026-09-24T23:45:00+00:00,4309.60010,4309.70020,4308.89990,4308.89990,20.0000
2026-09-24T23:46:00+00:00,4308.50000,4309.10010,4307.89990,4308.50000,21.0000
2026-09-24T23:47:00+00:00,4308.60010,4308.89990,4308.39990,4308.79980,15.0000
2026-09-24T23:48:00+00:00,4308.50000,4308.50000,4307.79980,4308.50000,23.0000
2026-09-24T23:49:00+00:00,4307.70020,4307.79980,4306.70020,4306.70020,23.0000
2026-09-24T23:50:00+00:00,4306.79980,4306.79980,4305.29980,4306.10010,47.0000
2026-09-24T23:51:00+00:00,4305.60010,4305.60010,4304.79980,4304.79980,46.0000
2026-09-24T23:52:00+00:00,4304.70020,4305.70020,4304.60010,4305.50000,32.0000
2026-09-24T23:53:00+00:00,4305.60010,4305.79980,4304.20020,4304.20020,14.0000
2026-09-24T23:54:00+00:00,4304.10010,4304.10010,4302.50000,4302.70020,42.0000
2026-09-24T23:55:00+00:00,4302.50000,4302.89990,4301.39990,4301.39990,64.0000
2026-09-24T23:56:00+00:00,4301.60010,4302.20020,4301.00000,4301.29980,40.0000
2026-09-24T23:57:00+00:00,4301.29980,4301.79980,4301.10010,4301.20020,25.0000
2026-09-24T23:58:00+00:00,4301.50000,4301.50000,4300.39990,4300.39990,15.0000
2026-09-24T23:59:00+00:00,4300.50000,4300.79980,4299.89990,4300.10010,106.0000
2026-09-25T00:00:00+00:00,4299.89990,4301.79980,4299.29980,4301.60010,109.0000
2026-09-25T00:01:00+00:00,4301.79980,4304.10010,4301.79980,4303.70020,160.0000
2026-09-25T00:02:00+00:00,4304.00000,4304.79980,4303.70020,4304.29980,45.0000
2026-09-25T00:03:00+00:00,4304.20020,4304.29980,4302.70020,4303.89990,56.0000
2026-09-25T00:04:00+00:00,4303.89990,4305.50000,4303.89990,4304.89990,55.0000
2026-09-25T00:05:00+00:00,4305.00000,4305.00000,4303.39990,4304.39990,30.0000
2026-09-25T00:06:00+00:00,4304.50000,4304.50000,4303.20020,4303.20020,17.0000
2026-09-25T00:07:00+00:00,4303.00000,4303.29980,4302.20020,4302.70020,16.0000
2026-09-25T00:08:00+00:00,4302.79980,4303.89990,4302.29980,4303.70020,21.0000
2026-09-25T00:09:00+00:00,4304.50000,4305.00000,4304.29980,4304.29980,7.0000
2026-09-25T00:10:00+00:00,4303.50000,4304.39990,4303.20020,4303.79980,312.0000
2026-09-25T00:11:00+00:00,4303.50000,4303.70020,4302.50000,4302.50000,19.0000
2026-09-25T00:12:00+00:00,4301.79980,4301.79980,4301.00000,4301.00000,9.0000
2026-09-25T00:13:00+00:00,4300.79980,4302.79980,4300.50000,4302.79980,24.0000
2026-09-25T00:14:00+00:00,4301.70020,4301.70020,4300.79980,4301.20020,25.0000
2026-09-25T00:15:00+00:00,4301.10010,4301.10010,4299.89990,4301.10010,33.0000
2026-09-25T00:16:00+00:00,4301.70020,4302.89990,4301.20020,4302.79980,34.0000
2026-09-25T00:17:00+00:00,4303.29980,4303.50000,4302.50000,4302.70020,22.0000
2026-09-25T00:18:00+00:00,4302.60010,4303.50000,4302.29980,4302.29980,16.0000
2026-09-25T00:19:00+00:00,4302.39990,4302.70020,4302.29980,4302.60010,128.0000
2026-09-25T00:20:00+00:00,4302.39990,4302.39990,4301.29980,4301.29980,21.0000
2026-09-25T00:21:00+00:00,4301.79980,4302.00000,4301.60010,4301.89990,6.0000
2026-09-25T00:22:00+00:00,4301.79980,4304.39990,4301.39990,4304.29980,51.0000
2026-09-25T00:23:00+00:00,4304.50000,4305.39990,4304.39990,4304.79980,29.0000
2026-09-25T00:24:00+00:00,4304.50000,4305.10010,4304.20020,4304.20020,14.0000
2026-09-25T00:25:00+00:00,4304.10010,4305.10010,4303.60010,4305.10010,23.0000
2026-09-25T00:26:00+00:00,4305.00000,4305.20020,4304.00000,4304.79980,23.0000
2026-09-25T00:27:00+00:00,4305.00000,4305.20020,4304.50000,4304.50000,6.0000
2026-09-25T00:28:00+00:00,4304.50000,4304.50000,4303.20020,4304.29980,13.0000
2026-09-25T00:29:00+00:00,4304.10010,4305.50000,4304.00000,4305.10010,35.0000
2026-09-25T00:30:00+00:00,4305.10010,4305.10010,4303.50000,4303.70020,12.0000
2026-09-25T00:31:00+00:00,4303.50000,4303.50000,4302.20020,4303.20020,26.0000
2026-09-25T00:32:00+00:00,4303.00000,4304.20020,4302.50000,4304.10010,38.0000
2026-09-25T00:33:00+00:00,4304.10010,4305.00000,4303.89990,4304.29980,47.0000
2026-09-25T00:34:00+00:00,4304.29980,4304.50000,4303.39990,4304.10010,10.0000
2026-09-25T00:35:00+00:00,4304.79980,4305.39990,4304.79980,4304.79980,8.0000
2026-09-25T00:36:00+00:00,4304.60010,4304.60010,4304.10010,4304.20020,16.0000
2026-09-25T00:37:00+00:00,4304.50000,4305.00000,4304.10010,4304.29980,10.0000
2026-09-25T00:38:00+00:00,4304.10010,4304.29980,4303.70020,4303.70020,8.0000
2026-09-25T00:39:00+00:00,4303.79980,4304.39990,4303.79980,4304.39990,11.0000
2026-09-25T00:40:00+00:00,4304.79980,4307.39990,4304.79980,4306.29980,49.0000
2026-09-25T00:41:00+00:00,4306.20020,4306.89990,4305.79980,4306.50000,17.0000
2026-09-25T00:42:00+00:00,4306.29980,4306.29980,4305.60010,4306.20020,15.0000
2026-09-25T00:43:00+00:00,4306.39990,4306.39990,4305.79980,4306.00000,8.0000
2026-09-25T00:44:00+00:00,4305.60010,4306.00000,4305.60010,4305.89990,4.0000
2026-09-25T00:45:00+00:00,4306.10010,4306.79980,4305.50000,4305.50000,50.0000
2026-09-25T00:46:00+00:00,4306.39990,4306.50000,4306.00000,4306.10010,13.0000
2026-09-25T00:47:00+00:00,4306.10010,4306.50000,4305.00000,4305.10010,25.0000
2026-09-25T00:48:00+00:00,4305.29980,4307.70020,4305.29980,4307.60010,31.0000
2026-09-25T00:49:00+00:00,4307.20020,4308.39990,4307.10010,4307.89990,50.0000
2026-09-25T00:50:00+00:00,4307.89990,4309.00000,4307.50000,4307.50000,36.0000
2026-09-25T00:51:00+00:00,4307.60010,4308.89990,4307.10010,4308.10010,29.0000
2026-09-25T00:52:00+00:00,4307.70020,4308.10010,4307.29980,4307.79980,33.0000
2026-09-25T00:53:00+00:00,4308.00000,4308.39990,4306.89990,4308.29980,22.0000
2026-09-25T00:54:00+00:00,4308.39990,4308.39990,4307.60010,4308.00000,10.0000
2026-09-25T00:55:00+00:00,4307.79980,4309.00000,4307.60010,4308.70020,21.0000
2026-09-25T00:56:00+00:00,4308.79980,4311.00000,4308.70020,4311.00000,51.0000
2026-09-25T00:57:00+00:00,4310.89990,4314.60010,4310.89990,4314.50000,248.0000
2026-09-25T00:58:00+00:00,4314.29980,4315.29980,4313.60010,4315.00000,97.0000
2026-09-25T00:59:00+00:00,4314.70020,4315.50000,4313.00000,4313.00000,80.0000
2026-09-25T01:00:00+00:00,4313.20020,4317.60010,4311.70020,4317.00000,202.0000
2026-09-25T01:01:00+00:00,4316.89990,4318.00000,4316.29980,4317.50000,65.0000
2026-09-25T01:02:00+00:00,4317.50000,4318.00000,4316.60010,4317.20020,56.0000
2026-09-25T01:03:00+00:00,4317.50000,4318.20020,4317.29980,4318.20020,46.0000
2026-09-25T01:04:00+00:00,4318.50000,4318.50000,4315.70020,4316.20020,114.0000
2026-09-25T01:05:00+00:00,4316.00000,4318.50000,4315.20020,4317.10010,163.0000
2026-09-25T01:06:00+00:00,4317.20020,4318.20020,4317.00000,4318.10010,23.0000
2026-09-25T01:07:00+00:00,4317.39990,4318.60010,4317.39990,4318.10010,42.0000
2026-09-25T01:08:00+00:00,4318.29980,4320.00000,4318.29980,4319.00000,128.0000
2026-09-25T01:09:00+00:00,4319.00000,4319.39990,4318.70020,4318.89990,33.0000
2026-09-25T01:10:00+00:00,4319.29980,4320.60010,4318.89990,4320.50000,81.0000
2026-09-25T01:11:00+00:00,4320.29980,4322.79980,4320.20020,4322.29980,161.0000
2026-09-25T01:12:00+00:00,4322.29980,4323.29980,4320.29980,4320.50000,221.0000
2026-09-25T01:13:00+00:00,4320.20020,4323.79980,4320.20020,4323.39990,49.0000
2026-09-25T01:14:00+00:00,4323.60010,4325.39990,4322.70020,4324.70020,194.0000
2026-09-25T01:15:00+00:00,4324.89990,4325.70020,4324.60010,4325.50000,72.0000
2026-09-25T01:16:00+00:00,4325.50000,4325.89990,4324.39990,4325.60010,104.0000
2026-09-25T01:17:00+00:00,4325.50000,4326.50000,4324.39990,4325.70020,115.0000
2026-09-25T01:18:00+00:00,4325.60010,4326.00000,4324.70020,4325.20020,64.0000
2026-09-25T01:19:00+00:00,4324.89990,4324.89990,4323.50000,4324.70020,106.0000
2026-09-25T01:20:00+00:00,4324.89990,4327.00000,4324.89990,4326.50000,128.0000
2026-09-25T01:21:00+00:00,4326.70020,4328.60010,4325.60010,4328.29980,132.0000
2026-09-25T01:22:00+00:00,4328.60010,4328.70020,4327.50000,4328.10010,79.0000
2026-09-25T01:23:00+00:00,4327.89990,4328.00000,4326.50000,4327.39990,76.0000
2026-09-25T01:24:00+00:00,4327.39990,4328.20020,4327.10010,4328.00000,32.0000
2026-09-25T01:25:00+00:00,4328.00000,4328.60010,4327.70020,4327.79980,56.0000
2026-09-25T01:26:00+00:00,4327.70020,4328.50000,4327.70020,4328.10010,20.0000
2026-09-25T01:27:00+00:00,4327.60010,4328.89990,4327.29980,4327.29980,47.0000
2026-09-25T01:28:00+00:00,4327.29980,4329.50000,4327.20020,4329.00000,99.0000
2026-09-25T01:29:00+00:00,4328.39990,4329.39990,4328.39990,4328.89990,44.0000
2026-09-25T01:30:00+00:00,4328.89990,4329.10010,4326.60010,4327.60010,72.0000
2026-09-25T01:31:00+00:00,4327.29980,4328.89990,4326.70020,4328.20020,120.0000
2026-09-25T01:32:00+00:00,4328.20020,4330.29980,4328.20020,4328.89990,119.0000
2026-09-25T01:33:00+00:00,4328.70020,4329.39990,4328.50000,4328.70020,38.0000
2026-09-25T01:34:00+00:00,4328.20020,4328.29980,4327.39990,4327.79980,59.0000
2026-09-25T01:35:00+00:00,4327.50000,4328.70020,4326.70020,4328.70020,43.0000
2026-09-25T01:36:00+00:00,4329.20020,4330.39990,4328.79980,4329.10010,44.0000
2026-09-25T01:37:00+00:00,4329.20020,4330.50000,4329.20020,4329.60010,68.0000
2026-09-25T01:38:00+00:00,4330.00000,4330.79980,4329.50000,4330.10010,69.0000
2026-09-25T01:39:00+00:00,4330.10010,4330.89990,4329.50000,4329.79980,53.0000
2026-09-25T01:40:00+00:00,4329.89990,4330.00000,4328.89990,4329.89990,19.0000
2026-09-25T01:41:00+00:00,4330.20020,4331.00000,4329.50000,4329.89990,59.0000
2026-09-25T01:42:00+00:00,4330.29980,4330.79980,4329.60010,4330.00000,67.0000
2026-09-25T01:43:00+00:00,4329.60010,4330.70020,4329.39990,4330.39990,37.0000
2026-09-25T01:44:00+00:00,4330.20020,4330.39990,4327.89990,4327.89990,37.0000
2026-09-25T01:45:00+00:00,4327.89990,4327.89990,4326.10010,4326.50000,114.0000
2026-09-25T01:46:00+00:00,4326.70020,4326.89990,4325.29980,4325.39990,121.0000
2026-09-25T01:47:00+00:00,4325.60010,4325.70020,4323.89990,4324.60010,109.0000
2026-09-25T01:48:00+00:00,4324.70020,4325.00000,4322.89990,4322.89990,75.0000
2026-09-25T01:49:00+00:00,4323.20020,4324.00000,4322.79980,4323.70020,23.0000
2026-09-25T01:50:00+00:00,4323.50000,4323.50000,4322.50000,4322.89990,59.0000
2026-09-25T01:51:00+00:00,4322.79980,4322.79980,4321.60010,4321.70020,43.0000
2026-09-25T01:52:00+00:00,4322.00000,4323.50000,4322.00000,4322.70020,39.0000
2026-09-25T01:53:00+00:00,4322.79980,4322.79980,4321.70020,4322.50000,33.0000
2026-09-25T01:54:00+00:00,4323.00000,4323.10010,4322.60010,4322.79980,12.0000
2026-09-25T01:55:00+00:00,4322.89990,4323.39990,4322.29980,4323.20020,80.0000
2026-09-25T01:56:00+00:00,4323.00000,4323.50000,4322.79980,4323.10010,69.0000
2026-09-25T01:57:00+00:00,4323.00000,4323.50000,4322.29980,4323.20020,17.0000
2026-09-25T01:58:00+00:00,4323.60010,4324.00000,4322.70020,4323.89990,45.0000
2026-09-25T01:59:00+00:00,4324.20020,4324.50000,4322.89990,4323.20020,37.0000
2026-09-25T02:00:00+00:00,4323.20020,4324.29980,4323.20020,4324.00000,55.0000
2026-09-25T02:01:00+00:00,4324.20020,4324.39990,4324.20020,4324.39990,7.0000
2026-09-25T02:02:00+00:00,4324.20020,4327.39990,4324.20020,4326.89990,117.0000
2026-09-25T02:03:00+00:00,4326.29980,4327.60010,4325.79980,4326.60010,31.0000
2026-09-25T02:04:00+00:00,4326.29980,4327.00000,4326.29980,4326.50000,21.0000
2026-09-25T02:05:00+00:00,4326.29980,4328.00000,4326.10010,4327.29980,79.0000
2026-09-25T02:06:00+00:00,4327.00000,4328.70020,4326.60010,4328.29980,28.0000
2026-09-25T02:07:00+00:00,4328.50000,4329.79980,4328.20020,4328.79980,91.0000
2026-09-25T02:08:00+00:00,4329.10010,4329.20020,4328.10010,4328.79980,47.0000
2026-09-25T02:09:00+00:00,4329.00000,4330.50000,4329.00000,4330.00000,20.0000
2026-09-25T02:10:00+00:00,4329.70020,4330.00000,4328.79980,4328.79980,21.0000
2026-09-25T02:11:00+00:00,4328.70020,4328.70020,4327.89990,4327.89990,35.0000
2026-09-25T02:12:00+00:00,4328.10010,4328.50000,4326.29980,4326.29980,36.0000
2026-09-25T02:13:00+00:00,4326.39990,4326.70020,4325.29980,4326.29980,42.0000
2026-09-25T02:14:00+00:00,4326.50000,4326.50000,4325.29980,4325.29980,28.0000
2026-09-25T02:15:00+00:00,4325.29980,4325.39990,4324.00000,4324.70020,146.0000
2026-09-25T02:16:00+00:00,4324.10010,4324.70020,4323.60010,4324.39990,36.0000
2026-09-25T02:17:00+00:00,4324.79980,4324.89990,4324.39990,4324.39990,8.0000
2026-09-25T02:18:00+00:00,4324.89990,4326.10010,4324.89990,4326.10010,9.0000
2026-09-25T02:19:00+00:00,4325.89990,4326.10010,4325.50000,4326.10010,18.0000
2026-09-25T02:20:00+00:00,4325.70020,4327.60010,4325.60010,4327.60010,19.0000
2026-09-25T02:21:00+00:00,4327.39990,4327.60010,4326.70020,4327.10010,22.0000
2026-09-25T02:22:00+00:00,4327.00000,4327.60010,4326.39990,4327.50000,13.0000
2026-09-25T02:23:00+00:00,4327.29980,4327.70020,4325.70020,4325.89990,19.0000
2026-09-25T02:24:00+00:00,4325.70020,4326.60010,4325.70020,4325.79980,15.0000
2026-09-25T02:25:00+00:00,4325.50000,4325.60010,4324.70020,4325.00000,16.0000
2026-09-25T02:26:00+00:00,4325.00000,4325.39990,4324.79980,4325.39990,8.0000
2026-09-25T02:27:00+00:00,4325.10010,4325.10010,4324.00000,4324.00000,36.0000
2026-09-25T02:28:00+00:00,4325.00000,4325.00000,4324.10010,4324.20020,20.0000
2026-09-25T02:29:00+00:00,4324.00000,4324.20020,4323.00000,4323.29980,32.0000
2026-09-25T02:30:00+00:00,4323.00000,4323.50000,4322.70020,4323.10010,19.0000
2026-09-25T02:31:00+00:00,4323.10010,4323.39990,4322.70020,4322.70020,16.0000
2026-09-25T02:32:00+00:00,4322.50000,4322.70020,4322.10010,4322.70020,28.0000
2026-09-25T02:33:00+00:00,4322.89990,4323.60010,4322.79980,4323.39990,20.0000
2026-09-25T02:34:00+00:00,4323.10010,4323.10010,4322.70020,4322.70020,14.0000
2026-09-25T02:35:00+00:00,4322.89990,4322.89990,4321.39990,4321.79980,53.0000
2026-09-25T02:36:00+00:00,4322.00000,4323.29980,4321.79980,4323.29980,61.0000
2026-09-25T02:37:00+00:00,4323.10010,4323.10010,4319.50000,4319.50000,130.0000
2026-09-25T02:38:00+00:00,4319.79980,4321.10010,4319.39990,4320.89990,51.0000
2026-09-25T02:39:00+00:00,4320.79980,4321.50000,4320.39990,4320.39990,17.0000
2026-09-25T02:40:00+00:00,4320.39990,4320.60010,4319.39990,4319.39990,26.0000
2026-09-25T02:41:00+00:00,4319.29980,4319.29980,4318.00000,4318.20020,69.0000
2026-09-25T02:42:00+00:00,4318.29980,4318.50000,4317.20020,4318.29980,61.0000
2026-09-25T02:43:00+00:00,4318.39990,4320.50000,4318.39990,4320.50000,62.0000
2026-09-25T02:44:00+00:00,4320.60010,4322.70020,4320.60010,4321.29980,80.0000
2026-09-25T02:45:00+00:00,4321.20020,4321.60010,4319.70020,4319.79980,49.0000
2026-09-25T02:46:00+00:00,4319.89990,4320.39990,4317.89990,4318.29980,46.0000
2026-09-25T02:47:00+00:00,4318.20020,4319.89990,4318.00000,4318.29980,41.0000
2026-09-25T02:48:00+00:00,4318.10010,4318.10010,4317.10010,4317.10010,45.0000
2026-09-25T02:49:00+00:00,4317.39990,4317.50000,4316.29980,4316.29980,172.0000
2026-09-25T02:50:00+00:00,4316.20020,4316.39990,4314.70020,4315.70020,104.0000
2026-09-25T02:51:00+00:00,4315.39990,4315.39990,4313.00000,4315.00000,174.0000
2026-09-25T02:52:00+00:00,4314.79980,4315.20020,4313.60010,4314.60010,61.0000
2026-09-25T02:53:00+00:00,4314.89990,4316.39990,4314.20020,4315.79980,72.0000
2026-09-25T02:54:00+00:00,4316.10010,4317.60010,4315.39990,4317.60010,58.0000
2026-09-25T02:55:00+00:00,4317.50000,4318.10010,4316.60010,4317.70020,43.0000
2026-09-25T02:56:00+00:00,4317.79980,4319.10010,4317.79980,4318.20020,35.0000
2026-09-25T02:57:00+00:00,4318.20020,4318.79980,4317.70020,4318.39990,11.0000
2026-09-25T02:58:00+00:00,4318.60010,4318.89990,4318.10010,4318.39990,18.0000
2026-09-25T02:59:00+00:00,4318.50000,4319.00000,4318.50000,4318.89990,9.0000
2026-09-25T03:00:00+00:00,4319.00000,4319.79980,4318.70020,4318.89990,38.0000
2026-09-25T03:01:00+00:00,4318.60010,4319.50000,4317.70020,4317.79980,30.0000
2026-09-25T03:02:00+00:00,4318.10010,4318.50000,4317.70020,4318.50000,13.0000
2026-09-25T03:03:00+00:00,4318.10010,4318.29980,4317.60010,4317.79980,35.0000
2026-09-25T03:04:00+00:00,4317.60010,4318.70020,4317.50000,4318.50000,41.0000
2026-09-25T03:05:00+00:00,4318.79980,4320.79980,4318.60010,4319.70020,63.0000
2026-09-25T03:06:00+00:00,4319.70020,4321.60010,4319.20020,4320.50000,41.0000
2026-09-25T03:07:00+00:00,4320.50000,4320.50000,4319.60010,4320.39990,48.0000
2026-09-25T03:08:00+00:00,4321.20020,4321.29980,4319.50000,4320.00000,39.0000
2026-09-25T03:09:00+00:00,4319.29980,4319.60010,4319.10010,4319.60010,25.0000
2026-09-25T03:10:00+00:00,4319.39990,4319.39990,4318.20020,4319.39990,46.0000
2026-09-25T03:11:00+00:00,4319.29980,4319.70020,4319.00000,4319.00000,8.0000
2026-09-25T03:12:00+00:00,4319.00000,4319.39990,4318.70020,4319.10010,10.0000
2026-09-25T03:13:00+00:00,4318.89990,4318.89990,4317.89990,4318.50000,25.0000
2026-09-25T03:14:00+00:00,4318.50000,4318.79980,4317.60010,4318.00000,30.0000
2026-09-25T03:15:00+00:00,4318.00000,4319.70020,4317.89990,4319.20020,22.0000
2026-09-25T03:16:00+00:00,4319.10010,4319.89990,4319.00000,4319.00000,8.0000
2026-09-25T03:17:00+00:00,4319.00000,4319.10010,4317.79980,4317.79980,24.0000
2026-09-25T03:18:00+00:00,4318.20020,4318.70020,4318.10010,4318.70020,14.0000
2026-09-25T03:19:00+00:00,4318.60010,4319.10010,4318.39990,4318.89990,8.0000
2026-09-25T03:20:00+00:00,4319.39990,4319.39990,4318.60010,4318.60010,19.0000
2026-09-25T03:21:00+00:00,4319.00000,4319.79980,4319.00000,4319.29980,17.0000
2026-09-25T03:22:00+00:00,4319.50000,4319.60010,4319.20020,4319.39990,7.0000
2026-09-25T03:23:00+00:00,4319.00000,4319.10010,4318.00000,4318.00000,5.0000
2026-09-25T03:24:00+00:00,4317.79980,4317.79980,4317.50000,4317.79980,7.0000
2026-09-25T03:25:00+00:00,4317.79980,4318.10010,4316.50000,4317.00000,43.0000
2026-09-25T03:26:00+00:00,4316.79980,4316.89990,4314.39990,4314.50000,69.0000
2026-09-25T03:27:00+00:00,4314.60010,4315.10010,4313.50000,4314.39990,47.0000
2026-09-25T03:28:00+00:00,4314.39990,4314.89990,4313.79980,4313.79980,16.0000
2026-09-25T03:29:00+00:00,4313.79980,4313.89990,4313.10010,4313.10010,36.0000
2026-09-25T03:30:00+00:00,4313.29980,4313.29980,4311.70020,4312.70020,81.0000
2026-09-25T03:31:00+00:00,4312.50000,4312.79980,4311.50000,4312.50000,37.0000
2026-09-25T03:32:00+00:00,4312.29980,4312.79980,4312.20020,4312.60010,19.0000
2026-09-25T03:33:00+00:00,4312.29980,4313.20020,4312.00000,4312.89990,71.0000
2026-09-25T03:34:00+00:00,4312.60010,4312.60010,4310.79980,4311.20020,118.0000
2026-09-25T03:35:00+00:00,4311.60010,4311.89990,4310.89990,4311.10010,46.0000
2026-09-25T03:36:00+00:00,4311.00000,4311.00000,4308.70020,4308.89990,118.0000
2026-09-25T03:37:00+00:00,4308.70020,4309.79980,4308.60010,4309.60010,67.0000
2026-09-25T03:38:00+00:00,4309.50000,4310.70020,4309.10010,4309.79980,95.0000
2026-09-25T03:39:00+00:00,4310.10010,4310.50000,4309.50000,4309.79980,38.0000
2026-09-25T03:40:00+00:00,4309.50000,4310.10010,4309.20020,4309.89990,13.0000
2026-09-25T03:41:00+00:00,4309.79980,4310.10010,4309.00000,4309.20020,16.0000
2026-09-25T03:42:00+00:00,4309.70020,4311.00000,4309.70020,4310.39990,12.0000
2026-09-25T03:43:00+00:00,4310.29980,4310.60010,4309.29980,4310.50000,36.0000
2026-09-25T03:44:00+00:00,4310.20020,4310.20020,4308.29980,4308.29980,40.0000
2026-09-25T03:45:00+00:00,4308.60010,4309.10010,4307.70020,4307.70020,40.0000
2026-09-25T03:46:00+00:00,4307.50000,4308.00000,4306.39990,4307.20020,71.0000
2026-09-25T03:47:00+00:00,4307.29980,4307.29980,4306.79980,4306.79980,12.0000
2026-09-25T03:48:00+00:00,4307.00000,4307.29980,4306.29980,4306.89990,40.0000
2026-09-25T03:49:00+00:00,4306.89990,4307.20020,4306.00000,4306.60010,62.0000
2026-09-25T03:50:00+00:00,4306.20020,4308.00000,4306.10010,4307.20020,44.0000
2026-09-25T03:51:00+00:00,4307.10010,4307.70020,4306.89990,4307.70020,19.0000
2026-09-25T03:52:00+00:00,4307.60010,4307.60010,4307.00000,4307.00000,16.0000
2026-09-25T03:53:00+00:00,4307.20020,4307.29980,4306.60010,4306.60010,12.0000
2026-09-25T03:54:00+00:00,4306.60010,4307.20020,4306.20020,4306.79980,15.0000
2026-09-25T03:55:00+00:00,4306.70020,4306.79980,4305.70020,4306.79980,29.0000
2026-09-25T03:56:00+00:00,4306.50000,4306.70020,4305.89990,4306.60010,18.0000
2026-09-25T03:57:00+00:00,4306.39990,4306.39990,4305.60010,4306.00000,17.0000
2026-09-25T03:58:00+00:00,4305.89990,4306.00000,4305.39990,4305.70020,38.0000
2026-09-25T04:00:00+00:00,4304.79980,4305.29980,4304.50000,4304.79980,36.0000
2026-09-25T04:01:00+00:00,4305.00000,4305.50000,4304.70020,4305.20020,32.0000
2026-09-25T04:02:00+00:00,4305.50000,4305.89990,4304.89990,4305.39990,38.0000
2026-09-25T04:03:00+00:00,4305.10010,4305.29980,4303.20020,4304.70020,154.0000
2026-09-25T04:04:00+00:00,4305.29980,4305.79980,4305.20020,4305.60010,20.0000
2026-09-25T04:05:00+00:00,4305.89990,4306.60010,4305.70020,4306.29980,42.0000
2026-09-25T04:06:00+00:00,4306.10010,4306.70020,4304.00000,4304.29980,50.0000
2026-09-25T04:07:00+00:00,4304.29980,4305.50000,4303.89990,4304.70020,91.0000
2026-09-25T04:08:00+00:00,4304.89990,4305.39990,4304.60010,4304.79980,35.0000
2026-09-25T04:09:00+00:00,4304.60010,4306.00000,4303.89990,4305.50000,32.0000
2026-09-25T04:10:00+00:00,4305.20020,4305.39990,4304.70020,4304.70020,15.0000
2026-09-25T04:11:00+00:00,4304.79980,4304.79980,4304.00000,4304.70020,11.0000
2026-09-25T04:12:00+00:00,4305.00000,4305.00000,4304.50000,4304.79980,9.0000
2026-09-25T04:13:00+00:00,4304.89990,4305.00000,4303.79980,4303.89990,15.0000
2026-09-25T04:14:00+00:00,4303.70020,4303.79980,4302.70020,4303.10010,55.0000
2026-09-25T04:15:00+00:00,4303.00000,4303.39990,4302.39990,4303.29980,37.0000
2026-09-25T04:16:00+00:00,4303.10010,4303.50000,4303.00000,4303.20020,26.0000
2026-09-25T04:17:00+00:00,4303.60010,4303.89990,4303.50000,4303.60010,21.0000
2026-09-25T04:18:00+00:00,4304.00000,4304.50000,4302.39990,4302.70020,42.0000
2026-09-25T04:19:00+00:00,4302.50000,4303.29980,4302.29980,4303.20020,41.0000
2026-09-25T04:20:00+00:00,4303.10010,4303.70020,4303.10010,4303.70020,8.0000
2026-09-25T04:21:00+00:00,4303.60010,4303.70020,4303.50000,4303.50000,7.0000
2026-09-25T04:22:00+00:00,4303.39990,4304.50000,4303.39990,4304.50000,19.0000
2026-09-25T04:23:00+00:00,4304.00000,4304.29980,4304.00000,4304.10010,4.0000
2026-09-25T04:24:00+00:00,4304.29980,4305.39990,4304.29980,4305.29980,54.0000
2026-09-25T04:25:00+00:00,4305.29980,4305.50000,4304.79980,4305.20020,36.0000
2026-09-25T04:26:00+00:00,4305.20020,4305.70020,4304.50000,4305.00000,27.0000
2026-09-25T04:27:00+00:00,4304.79980,4305.79980,4304.79980,4305.60010,27.0000
2026-09-25T04:28:00+00:00,4305.70020,4305.89990,4305.70020,4305.89990,90.0000
2026-09-25T04:29:00+00:00,4305.89990,4306.50000,4305.89990,4306.00000,23.0000
2026-09-25T04:30:00+00:00,4306.00000,4306.70020,4305.60010,4306.29980,30.0000
2026-09-25T04:31:00+00:00,4306.20020,4306.60010,4305.79980,4305.79980,17.0000
2026-09-25T04:32:00+00:00,4306.20020,4306.60010,4305.79980,4306.10010,12.0000
2026-09-25T04:33:00+00:00,4305.50000,4305.89990,4305.00000,4305.79980,25.0000
2026-09-25T04:34:00+00:00,4306.00000,4306.29980,4305.70020,4306.29980,10.0000
2026-09-25T04:35:00+00:00,4306.29980,4306.70020,4305.70020,4306.20020,21.0000
2026-09-25T04:36:00+00:00,4305.89990,4306.10010,4305.29980,4305.60010,15.0000
2026-09-25T04:37:00+00:00,4305.29980,4305.79980,4305.20020,4305.60010,12.0000
2026-09-25T04:38:00+00:00,4305.89990,4307.10010,4305.89990,4306.00000,11.0000
2026-09-25T04:39:00+00:00,4305.79980,4305.79980,4305.00000,4305.39990,25.0000
2026-09-25T04:40:00+00:00,4305.79980,4307.20020,4305.70020,4307.20020,13.0000
2026-09-25T04:41:00+00:00,4307.20020,4307.79980,4306.70020,4307.10010,31.0000
2026-09-25T04:42:00+00:00,4307.10010,4307.60010,4306.79980,4307.60010,18.0000
2026-09-25T04:43:00+00:00,4307.39990,4308.39990,4307.20020,4307.39990,32.0000
2026-09-25T04:44:00+00:00,4307.29980,4307.29980,4306.70020,4306.70020,105.0000
2026-09-25T04:45:00+00:00,4306.89990,4308.00000,4306.89990,4307.50000,16.0000
2026-09-25T04:46:00+00:00,4307.79980,4308.20020,4306.70020,4306.70020,22.0000
2026-09-25T04:47:00+00:00,4306.89990,4307.20020,4306.10010,4306.10010,19.0000
2026-09-25T04:48:00+00:00,4306.20020,4306.70020,4305.50000,4306.70020,53.0000
2026-09-25T04:49:00+00:00,4306.50000,4306.50000,4304.60010,4304.60010,30.0000
2026-09-25T04:50:00+00:00,4304.50000,4304.50000,4302.89990,4303.10010,34.0000
2026-09-25T04:51:00+00:00,4303.60010,4304.00000,4303.60010,4303.79980,16.0000
2026-09-25T04:52:00+00:00,4303.60010,4304.39990,4302.00000,4302.29980,153.0000
2026-09-25T04:53:00+00:00,4302.20020,4303.00000,4301.39990,4302.39990,97.0000
2026-09-25T04:54:00+00:00,4302.00000,4302.79980,4301.89990,4302.79980,22.0000
2026-09-25T04:55:00+00:00,4302.60010,4302.60010,4301.79980,4301.79980,7.0000
2026-09-25T04:56:00+00:00,4301.79980,4301.79980,4298.10010,4298.89990,409.0000
2026-09-25T04:57:00+00:00,4298.89990,4299.79980,4297.50000,4298.00000,128.0000
2026-09-25T04:58:00+00:00,4297.79980,4298.29980,4297.00000,4297.20020,108.0000
2026-09-25T04:59:00+00:00,4297.20020,4297.89990,4297.10010,4297.39990,149.0000
2026-09-25T05:00:00+00:00,4297.00000,4298.20020,4294.79980,4298.20020,253.0000
2026-09-25T05:01:00+00:00,4297.89990,4298.60010,4296.70020,4297.00000,95.0000
2026-09-25T05:02:00+00:00,4296.60010,4296.70020,4295.00000,4296.00000,59.0000
2026-09-25T05:03:00+00:00,4295.39990,4296.10010,4295.10010,4295.39990,32.0000
2026-09-25T05:04:00+00:00,4295.20020,4295.39990,4293.29980,4294.39990,96.0000
2026-09-25T05:05:00+00:00,4294.79980,4297.20020,4294.79980,4296.39990,51.0000
2026-09-25T05:06:00+00:00,4296.39990,4296.39990,4295.00000,4295.00000,25.0000
2026-09-25T05:07:00+00:00,4295.00000,4295.29980,4294.00000,4294.29980,30.0000
2026-09-25T05:08:00+00:00,4293.50000,4295.60010,4293.29980,4295.60010,34.0000
2026-09-25T05:09:00+00:00,4295.89990,4296.29980,4293.50000,4294.20020,119.0000
2026-09-25T05:10:00+00:00,4294.20020,4294.79980,4291.00000,4291.39990,150.0000
2026-09-25T05:11:00+00:00,4291.70020,4293.20020,4291.70020,4293.10010,53.0000
2026-09-25T05:12:00+00:00,4293.89990,4294.00000,4291.50000,4292.70020,59.0000
2026-09-25T05:13:00+00:00,4292.70020,4292.70020,4291.39990,4291.89990,30.0000
2026-09-25T05:14:00+00:00,4292.10010,4292.50000,4290.29980,4291.29980,223.0000
2026-09-25T05:15:00+00:00,4291.20020,4293.50000,4291.10010,4293.39990,104.0000
2026-09-25T05:16:00+00:00,4293.39990,4294.29980,4292.60010,4293.70020,56.0000
2026-09-25T05:17:00+00:00,4293.79980,4294.70020,4293.79980,4294.10010,37.0000
2026-09-25T05:18:00+00:00,4294.00000,4295.39990,4294.00000,4294.50000,43.0000
2026-09-25T05:19:00+00:00,4294.20020,4295.00000,4293.89990,4294.89990,23.0000
2026-09-25T05:20:00+00:00,4295.00000,4295.79980,4295.00000,4295.39990,53.0000
2026-09-25T05:21:00+00:00,4295.50000,4296.10010,4295.00000,4296.10010,75.0000
2026-09-25T05:22:00+00:00,4295.79980,4296.00000,4295.20020,4295.60010,32.0000
2026-09-25T05:23:00+00:00,4295.70020,4295.89990,4295.10010,4295.10010,15.0000
2026-09-25T05:24:00+00:00,4295.00000,4295.70020,4293.89990,4294.00000,84.0000
2026-09-25T05:25:00+00:00,4294.00000,4295.89990,4294.00000,4295.79980,29.0000
2026-09-25T05:26:00+00:00,4296.00000,4296.20020,4295.29980,4296.20020,15.0000
2026-09-25T05:27:00+00:00,4296.20020,4297.50000,4296.20020,4297.50000,42.0000
2026-09-25T05:28:00+00:00,4297.39990,4299.29980,4297.39990,4298.79980,74.0000
2026-09-25T05:29:00+00:00,4298.79980,4298.89990,4298.10010,4298.70020,22.0000
2026-09-25T05:30:00+00:00,4298.50000,4300.00000,4297.50000,4300.00000,55.0000
2026-09-25T05:31:00+00:00,4300.39990,4302.39990,4300.29980,4302.39990,114.0000
2026-09-25T05:32:00+00:00,4302.60010,4304.60010,4302.29980,4303.29980,91.0000
2026-09-25T05:33:00+00:00,4303.39990,4307.70020,4303.39990,4306.39990,146.0000
2026-09-25T05:34:00+00:00,4306.50000,4307.20020,4302.79980,4303.39990,101.0000
2026-09-25T05:35:00+00:00,4303.70020,4304.39990,4301.70020,4302.10010,55.0000
2026-09-25T05:36:00+00:00,4302.10010,4303.20020,4300.00000,4302.00000,227.0000
2026-09-25T05:37:00+00:00,4302.10010,4304.50000,4301.89990,4302.70020,165.0000
2026-09-25T05:38:00+00:00,4302.70020,4306.39990,4302.70020,4305.10010,159.0000
2026-09-25T05:39:00+00:00,4305.10010,4311.89990,4304.29980,4307.79980,512.0000
2026-09-25T05:40:00+00:00,4308.39990,4309.29980,4307.79980,4309.00000,54.0000
2026-09-25T05:41:00+00:00,4309.10010,4310.00000,4307.39990,4308.39990,76.0000
2026-09-25T05:42:00+00:00,4308.70020,4308.79980,4307.39990,4307.39990,33.0000
2026-09-25T05:43:00+00:00,4307.39990,4308.29980,4306.60010,4307.89990,52.0000
2026-09-25T05:44:00+00:00,4307.79980,4309.00000,4307.79980,4309.00000,38.0000
2026-09-25T05:45:00+00:00,4309.00000,4310.00000,4308.50000,4309.00000,35.0000
2026-09-25T05:46:00+00:00,4308.70020,4309.29980,4308.50000,4309.20020,23.0000
2026-09-25T05:47:00+00:00,4309.50000,4310.50000,4307.50000,4307.60010,57.0000
2026-09-25T05:48:00+00:00,4307.00000,4307.50000,4306.29980,4306.29980,46.0000
2026-09-25T05:49:00+00:00,4306.29980,4306.39990,4305.50000,4305.50000,25.0000
2026-09-25T05:50:00+00:00,4305.20020,4306.10010,4304.79980,4306.10010,44.0000
2026-09-25T05:51:00+00:00,4306.00000,4306.00000,4305.60010,4306.00000,3.0000
2026-09-25T05:52:00+00:00,4306.50000,4306.89990,4304.89990,4305.39990,36.0000
2026-09-25T05:53:00+00:00,4304.60010,4304.79980,4303.00000,4303.10010,34.0000
2026-09-25T05:54:00+00:00,4303.20020,4304.00000,4303.10010,4303.20020,41.0000
2026-09-25T05:55:00+00:00,4302.89990,4303.29980,4302.70020,4302.89990,13.0000
2026-09-25T05:56:00+00:00,4302.89990,4303.10010,4301.00000,4301.00000,75.0000
2026-09-25T05:57:00+00:00,4301.00000,4301.20020,4300.39990,4300.79980,53.0000
2026-09-25T05:58:00+00:00,4301.10010,4302.10010,4301.10010,4301.79980,27.0000
2026-09-25T05:59:00+00:00,4302.00000,4302.20020,4301.20020,4301.29980,27.0000
2026-09-25T06:00:00+00:00,4301.10010,4305.60010,4300.79980,4302.79980,236.0000
2026-09-25T06:01:00+00:00,4302.79980,4306.50000,4302.20020,4305.79980,111.0000
2026-09-25T06:02:00+00:00,4306.29980,4306.29980,4305.39990,4305.39990,43.0000
2026-09-25T06:03:00+00:00,4305.29980,4305.50000,4304.60010,4304.70020,23.0000
2026-09-25T06:04:00+00:00,4304.79980,4306.50000,4304.50000,4306.50000,69.0000
2026-09-25T06:05:00+00:00,4306.79980,4306.89990,4303.29980,4303.50000,88.0000
2026-09-25T06:06:00+00:00,4303.89990,4304.10010,4302.50000,4302.50000,32.0000
2026-09-25T06:07:00+00:00,4302.60010,4303.39990,4302.10010,4303.10010,15.0000
2026-09-25T06:08:00+00:00,4302.70020,4303.00000,4302.70020,4302.79980,6.0000
2026-09-25T06:09:00+00:00,4302.89990,4303.00000,4302.50000,4302.70020,13.0000
2026-09-25T06:10:00+00:00,4303.20020,4305.50000,4303.00000,4305.50000,16.0000
2026-09-25T06:11:00+00:00,4305.79980,4308.89990,4305.79980,4308.70020,54.0000
2026-09-25T06:12:00+00:00,4308.89990,4310.10010,4308.70020,4309.70020,89.0000
2026-09-25T06:13:00+00:00,4309.50000,4309.70020,4308.60010,4309.29980,81.0000
2026-09-25T06:14:00+00:00,4308.89990,4310.39990,4308.60010,4308.89990,65.0000
2026-09-25T06:15:00+00:00,4309.20020,4312.50000,4309.10010,4311.50000,168.0000
2026-09-25T06:16:00+00:00,4311.39990,4316.00000,4311.29980,4315.00000,255.0000
2026-09-25T06:17:00+00:00,4315.10010,4316.39990,4313.50000,4314.60010,297.0000
2026-09-25T06:18:00+00:00,4314.60010,4314.60010,4313.29980,4314.10010,75.0000
2026-09-25T06:19:00+00:00,4313.89990,4313.89990,4312.29980,4312.89990,43.0000
2026-09-25T06:20:00+00:00,4312.89990,4314.79980,4312.89990,4314.79980,86.0000
2026-09-25T06:21:00+00:00,4314.50000,4316.29980,4314.50000,4314.60010,133.0000
2026-09-25T06:22:00+00:00,4314.39990,4316.20020,4312.39990,4312.50000,163.0000
2026-09-25T06:23:00+00:00,4312.39990,4313.10010,4310.89990,4311.20020,108.0000
2026-09-25T06:24:00+00:00,4311.00000,4314.20020,4310.70020,4313.39990,51.0000
2026-09-25T06:25:00+00:00,4313.60010,4314.10010,4312.00000,4312.20020,35.0000
2026-09-25T06:26:00+00:00,4312.20020,4312.89990,4311.29980,4312.10010,42.0000
2026-09-25T06:27:00+00:00,4311.60010,4312.89990,4311.10010,4312.70020,59.0000
2026-09-25T06:28:00+00:00,4312.50000,4313.20020,4309.70020,4310.29980,142.0000
2026-09-25T06:29:00+00:00,4310.20020,4310.79980,4309.60010,4310.00000,81.0000
2026-09-25T06:30:00+00:00,4310.20020,4310.79980,4309.79980,4310.50000,32.0000
2026-09-25T06:31:00+00:00,4310.29980,4311.00000,4310.20020,4310.39990,27.0000
2026-09-25T06:32:00+00:00,4310.29980,4310.50000,4310.00000,4310.29980,14.0000
2026-09-25T06:33:00+00:00,4310.79980,4311.00000,4309.89990,4310.29980,18.0000
2026-09-25T06:34:00+00:00,4310.79980,4311.79980,4310.79980,4311.70020,24.0000
2026-09-25T06:35:00+00:00,4312.00000,4312.60010,4311.00000,4312.20020,24.0000
2026-09-25T06:36:00+00:00,4312.10010,4312.39990,4310.20020,4310.20020,27.0000
2026-09-25T06:37:00+00:00,4310.20020,4311.60010,4309.79980,4310.70020,35.0000
2026-09-25T06:38:00+00:00,4311.10010,4312.50000,4311.10010,4312.29980,48.0000
2026-09-25T06:39:00+00:00,4311.50000,4312.00000,4311.00000,4311.70020,84.0000
2026-09-25T06:40:00+00:00,4312.29980,4312.29980,4311.89990,4312.10010,147.0000
2026-09-25T06:41:00+00:00,4311.89990,4312.70020,4311.89990,4312.20020,66.0000
2026-09-25T06:42:00+00:00,4312.10010,4313.00000,4311.50000,4313.00000,88.0000
2026-09-25T06:43:00+00:00,4313.29980,4313.29980,4311.79980,4311.79980,22.0000
2026-09-25T06:44:00+00:00,4311.50000,4312.79980,4311.29980,4312.29980,267.0000
2026-09-25T06:45:00+00:00,4312.00000,4312.00000,4311.20020,4311.39990,201.0000
2026-09-25T06:46:00+00:00,4311.79980,4313.10010,4311.79980,4313.10010,16.0000
2026-09-25T06:47:00+00:00,4312.89990,4312.89990,4310.89990,4310.89990,30.0000
2026-09-25T06:48:00+00:00,4310.50000,4312.10010,4310.50000,4312.10010,14.0000
2026-09-25T06:49:00+00:00,4312.29980,4312.29980,4311.50000,4311.50000,4.0000
2026-09-25T06:50:00+00:00,4311.89990,4311.89990,4310.79980,4310.79980,114.0000
2026-09-25T06:51:00+00:00,4310.60010,4311.20020,4310.20020,4311.00000,45.0000
2026-09-25T06:52:00+00:00,4311.39990,4312.00000,4310.00000,4310.79980,61.0000
2026-09-25T06:53:00+00:00,4311.20020,4311.20020,4309.60010,4310.70020,132.0000
2026-09-25T06:54:00+00:00,4310.70020,4311.70020,4310.39990,4311.60010,28.0000
2026-09-25T06:55:00+00:00,4311.29980,4312.39990,4309.79980,4312.20020,36.0000
2026-09-25T06:56:00+00:00,4312.10010,4312.89990,4311.39990,4312.70020,16.0000
2026-09-25T06:57:00+00:00,4312.89990,4313.20020,4312.00000,4313.10010,117.0000
2026-09-25T06:58:00+00:00,4313.00000,4313.00000,4311.39990,4311.79980,30.0000
2026-09-25T06:59:00+00:00,4311.39990,4311.79980,4310.39990,4311.00000,39.0000
2026-09-25T07:00:00+00:00,4310.89990,4315.60010,4310.89990,4314.70020,199.0000
2026-09-25T07:01:00+00:00,4315.10010,4315.10010,4312.50000,4312.89990,54.0000
2026-09-25T07:02:00+00:00,4313.20020,4313.29980,4311.00000,4311.29980,23.0000
2026-09-25T07:03:00+00:00,4311.39990,4311.89990,4309.79980,4311.60010,58.0000
2026-09-25T07:04:00+00:00,4311.70020,4311.70020,4308.60010,4309.39990,53.0000
2026-09-25T07:05:00+00:00,4309.50000,4313.10010,4309.20020,4312.10010,58.0000
2026-09-25T07:06:00+00:00,4312.50000,4312.70020,4311.39990,4312.29980,27.0000
2026-09-25T07:07:00+00:00,4312.39990,4314.29980,4312.39990,4313.10010,71.0000
2026-09-25T07:08:00+00:00,4313.29980,4313.79980,4311.39990,4311.79980,38.0000
2026-09-25T07:09:00+00:00,4312.10010,4312.20020,4310.89990,4312.10010,11.0000
2026-09-25T07:10:00+00:00,4312.60010,4312.89990,4310.20020,4310.39990,37.0000
2026-09-25T07:11:00+00:00,4310.20020,4312.60010,4310.10010,4312.39990,42.0000
2026-09-25T07:12:00+00:00,4311.89990,4311.89990,4309.60010,4310.39990,41.0000
2026-09-25T07:13:00+00:00,4311.29980,4312.20020,4310.79980,4311.60010,30.0000
2026-09-25T07:14:00+00:00,4311.50000,4311.50000,4309.79980,4311.00000,25.0000
2026-09-25T07:15:00+00:00,4310.70020,4311.79980,4310.70020,4311.50000,38.0000
2026-09-25T07:16:00+00:00,4311.79980,4312.79980,4310.89990,4310.89990,33.0000
2026-09-25T07:17:00+00:00,4311.00000,4311.39990,4309.50000,4310.79980,111.0000
2026-09-25T07:18:00+00:00,4310.70020,4310.70020,4309.00000,4309.20020,29.0000
2026-09-25T07:19:00+00:00,4309.70020,4310.50000,4307.79980,4308.00000,69.0000
2026-09-25T07:20:00+00:00,4308.20020,4310.00000,4307.29980,4309.60010,53.0000
2026-09-25T07:21:00+00:00,4309.89990,4310.50000,4309.20020,4309.50000,39.0000
2026-09-25T07:22:00+00:00,4309.60010,4310.29980,4309.39990,4309.50000,19.0000
2026-09-25T07:23:00+00:00,4309.79980,4311.00000,4309.10010,4311.00000,47.0000
2026-09-25T07:24:00+00:00,4310.79980,4310.79980,4309.29980,4309.50000,65.0000
2026-09-25T07:25:00+00:00,4309.70020,4310.89990,4309.39990,4309.39990,53.0000
2026-09-25T07:26:00+00:00,4309.00000,4309.79980,4307.50000,4307.50000,37.0000
2026-09-25T07:27:00+00:00,4307.50000,4309.20020,4306.79980,4309.20020,60.0000
2026-09-25T07:28:00+00:00,4309.50000,4309.50000,4308.39990,4308.70020,9.0000
2026-09-25T07:29:00+00:00,4308.50000,4309.29980,4307.60010,4309.29980,71.0000
2026-09-25T07:30:00+00:00,4309.29980,4310.60010,4309.10010,4310.50000,31.0000
2026-09-25T07:31:00+00:00,4310.60010,4313.60010,4310.60010,4312.00000,88.0000
2026-09-25T07:32:00+00:00,4311.89990,4312.10010,4308.50000,4308.50000,46.0000
2026-09-25T07:33:00+00:00,4308.39990,4309.70020,4307.60010,4307.60010,47.0000
2026-09-25T07:34:00+00:00,4307.39990,4310.79980,4306.20020,4310.39990,119.0000
2026-09-25T07:35:00+00:00,4311.10010,4315.20020,4310.79980,4313.70020,136.0000
2026-09-25T07:36:00+00:00,4313.29980,4313.70020,4312.89990,4313.50000,59.0000
2026-09-25T07:37:00+00:00,4313.39990,4314.50000,4312.89990,4314.20020,55.0000
2026-09-25T07:38:00+00:00,4314.50000,4315.20020,4313.00000,4313.70020,75.0000
2026-09-25T07:39:00+00:00,4313.10010,4313.70020,4311.10010,4311.50000,61.0000
2026-09-25T07:40:00+00:00,4311.39990,4311.70020,4310.00000,4310.00000,50.0000
2026-09-25T07:41:00+00:00,4309.89990,4311.50000,4309.70020,4311.50000,36.0000
2026-09-25T07:42:00+00:00,4311.10010,4312.20020,4311.10010,4312.20020,21.0000
2026-09-25T07:43:00+00:00,4312.10010,4312.79980,4311.39990,4312.00000,48.0000
2026-09-25T07:44:00+00:00,4311.39990,4311.89990,4310.79980,4311.89990,43.0000
2026-09-25T07:45:00+00:00,4312.10010,4313.79980,4312.10010,4313.50000,46.0000
2026-09-25T07:46:00+00:00,4313.20020,4315.79980,4313.20020,4315.10010,87.0000
2026-09-25T07:47:00+00:00,4315.10010,4315.70020,4314.29980,4314.50000,48.0000
2026-09-25T07:48:00+00:00,4314.39990,4314.39990,4312.20020,4312.29980,52.0000
2026-09-25T07:49:00+00:00,4312.29980,4314.50000,4312.29980,4314.20020,206.0000
2026-09-25T07:50:00+00:00,4314.00000,4314.00000,4313.10010,4313.39990,117.0000
2026-09-25T07:51:00+00:00,4313.29980,4313.50000,4312.79980,4313.50000,240.0000
2026-09-25T07:52:00+00:00,4313.10010,4314.70020,4312.89990,4314.70020,27.0000
2026-09-25T07:53:00+00:00,4314.60010,4315.39990,4314.39990,4314.70020,58.0000
2026-09-25T07:54:00+00:00,4314.79980,4314.79980,4312.79980,4313.20020,351.0000
2026-09-25T07:55:00+00:00,4313.70020,4315.00000,4313.70020,4315.00000,35.0000
2026-09-25T07:56:00+00:00,4315.00000,4315.60010,4314.29980,4315.50000,37.0000
2026-09-25T07:57:00+00:00,4315.29980,4317.00000,4315.10010,4315.39990,76.0000
2026-09-25T07:58:00+00:00,4314.70020,4315.20020,4314.50000,4314.60010,29.0000
2026-09-25T07:59:00+00:00,4314.79980,4315.60010,4314.70020,4314.79980,33.0000
2026-09-25T08:00:00+00:00,4314.50000,4316.70020,4314.29980,4315.79980,104.0000
2026-09-25T08:01:00+00:00,4315.70020,4315.70020,4313.70020,4313.79980,51.0000
2026-09-25T08:02:00+00:00,4313.60010,4313.79980,4311.10010,4311.10010,84.0000
2026-09-25T08:03:00+00:00,4311.50000,4311.70020,4310.00000,4310.29980,63.0000
2026-09-25T08:04:00+00:00,4310.60010,4311.39990,4310.29980,4310.29980,52.0000
2026-09-25T08:05:00+00:00,4310.70020,4312.29980,4310.39990,4311.50000,95.0000
2026-09-25T08:06:00+00:00,4311.00000,4313.00000,4310.89990,4312.39990,64.0000
2026-09-25T08:07:00+00:00,4312.00000,4313.00000,4311.70020,4313.00000,46.0000
2026-09-25T08:08:00+00:00,4312.70020,4313.70020,4312.60010,4312.79980,54.0000
2026-09-25T08:09:00+00:00,4312.89990,4314.20020,4312.79980,4313.20020,48.0000
2026-09-25T08:10:00+00:00,4313.20020,4314.89990,4313.20020,4313.70020,37.0000
2026-09-25T08:11:00+00:00,4314.39990,4315.00000,4314.29980,4314.89990,28.0000
2026-09-25T08:12:00+00:00,4315.29980,4316.50000,4314.39990,4316.10010,104.0000
2026-09-25T08:13:00+00:00,4316.20020,4317.39990,4315.60010,4316.00000,70.0000
2026-09-25T08:14:00+00:00,4316.10010,4317.39990,4316.10010,4317.10010,37.0000
2026-09-25T08:15:00+00:00,4316.89990,4319.00000,4316.79980,4318.89990,115.0000
2026-09-25T08:16:00+00:00,4318.79980,4319.39990,4317.60010,4318.20020,55.0000
2026-09-25T08:17:00+00:00,4317.89990,4318.10010,4316.20020,4316.20020,50.0000
2026-09-25T08:18:00+00:00,4316.39990,4316.60010,4315.89990,4316.10010,33.0000
2026-09-25T08:19:00+00:00,4316.20020,4316.60010,4315.79980,4316.29980,35.0000
2026-09-25T08:20:00+00:00,4316.29980,4316.79980,4315.29980,4315.29980,71.0000
2026-09-25T08:21:00+00:00,4315.20020,4315.50000,4314.70020,4315.39990,22.0000
2026-09-25T08:22:00+00:00,4315.60010,4316.10010,4314.29980,4316.00000,36.0000
2026-09-25T08:23:00+00:00,4315.89990,4315.89990,4314.50000,4315.29980,23.0000
2026-09-25T08:24:00+00:00,4315.20020,4316.70020,4314.79980,4316.39990,38.0000
2026-09-25T08:25:00+00:00,4316.50000,4316.50000,4313.89990,4314.60010,53.0000
2026-09-25T08:26:00+00:00,4314.89990,4315.20020,4313.89990,4315.10010,17.0000
2026-09-25T08:27:00+00:00,4315.00000,4315.20020,4314.50000,4315.00000,18.0000
2026-09-25T08:28:00+00:00,4315.29980,4318.79980,4315.29980,4318.50000,112.0000
2026-09-25T08:29:00+00:00,4319.00000,4319.60010,4318.60010,4318.89990,43.0000
2026-09-25T08:30:00+00:00,4319.00000,4319.50000,4318.70020,4319.00000,46.0000
2026-09-25T08:31:00+00:00,4319.20020,4321.89990,4319.10010,4321.00000,121.0000
2026-09-25T08:32:00+00:00,4320.89990,4321.70020,4320.60010,4321.39990,66.0000
2026-09-25T08:33:00+00:00,4321.70020,4324.29980,4321.70020,4324.10010,78.0000
2026-09-25T08:34:00+00:00,4324.10010,4324.29980,4322.10010,4323.00000,105.0000
2026-09-25T08:35:00+00:00,4322.70020,4324.29980,4322.70020,4323.20020,84.0000
2026-09-25T08:36:00+00:00,4323.00000,4324.29980,4321.29980,4321.50000,72.0000
2026-09-25T08:37:00+00:00,4321.60010,4322.50000,4321.00000,4321.39990,47.0000
2026-09-25T08:38:00+00:00,4321.39990,4322.20020,4320.50000,4321.89990,63.0000
2026-09-25T08:39:00+00:00,4321.29980,4322.29980,4320.89990,4322.20020,40.0000
2026-09-25T08:40:00+00:00,4322.00000,4323.10010,4321.50000,4323.00000,57.0000
2026-09-25T08:41:00+00:00,4322.89990,4323.50000,4322.20020,4323.39990,42.0000
2026-09-25T08:42:00+00:00,4323.20020,4325.10010,4323.20020,4324.29980,97.0000
2026-09-25T08:43:00+00:00,4324.39990,4325.29980,4323.70020,4325.29980,64.0000
2026-09-25T08:44:00+00:00,4325.39990,4327.79980,4325.20020,4327.50000,186.0000
2026-09-25T08:45:00+00:00,4327.60010,4329.00000,4326.79980,4328.70020,153.0000
2026-09-25T08:46:00+00:00,4328.60010,4332.70020,4328.29980,4330.39990,491.0000
2026-09-25T08:47:00+00:00,4330.79980,4331.10010,4327.39990,4327.39990,236.0000
2026-09-25T08:48:00+00:00,4327.50000,4327.60010,4325.39990,4326.29980,151.0000
2026-09-25T08:49:00+00:00,4326.50000,4327.20020,4326.29980,4326.79980,41.0000
2026-09-25T08:50:00+00:00,4326.50000,4326.89990,4325.70020,4326.00000,57.0000
2026-09-25T08:51:00+00:00,4326.29980,4327.60010,4325.79980,4327.60010,91.0000
2026-09-25T08:52:00+00:00,4327.39990,4328.89990,4327.29980,4328.29980,173.0000
2026-09-25T08:53:00+00:00,4327.89990,4328.29980,4327.29980,4327.79980,45.0000
2026-09-25T08:54:00+00:00,4327.70020,4327.89990,4326.60010,4327.89990,51.0000
2026-09-25T08:55:00+00:00,4327.70020,4328.89990,4327.50000,4328.50000,87.0000
2026-09-25T08:56:00+00:00,4328.60010,4329.50000,4328.10010,4329.29980,141.0000
2026-09-25T08:57:00+00:00,4329.10010,4329.20020,4328.50000,4329.20020,31.0000
2026-09-25T08:58:00+00:00,4329.00000,4330.10010,4328.89990,4329.79980,93.0000
2026-09-25T08:59:00+00:00,4329.89990,4330.00000,4328.60010,4328.89990,53.0000
2026-09-25T09:00:00+00:00,4329.00000,4332.10010,4328.39990,4332.10010,105.0000
2026-09-25T09:01:00+00:00,4332.20020,4332.89990,4330.00000,4330.50000,169.0000
2026-09-25T09:02:00+00:00,4331.10010,4332.29980,4331.10010,4331.70020,34.0000
2026-09-25T09:03:00+00:00,4331.70020,4333.29980,4330.89990,4332.60010,122.0000
2026-09-25T09:04:00+00:00,4332.70020,4333.29980,4330.70020,4331.10010,124.0000
2026-09-25T09:05:00+00:00,4331.00000,4331.00000,4329.39990,4330.50000,56.0000
2026-09-25T09:06:00+00:00,4330.39990,4330.39990,4329.39990,4330.00000,49.0000
2026-09-25T09:07:00+00:00,4329.89990,4332.20020,4329.79980,4331.79980,88.0000
2026-09-25T09:08:00+00:00,4331.39990,4332.70020,4330.60010,4332.70020,57.0000
2026-09-25T09:09:00+00:00,4332.79980,4333.50000,4332.20020,4332.70020,98.0000
2026-09-25T09:10:00+00:00,4332.89990,4333.00000,4331.39990,4332.10010,117.0000
2026-09-25T09:11:00+00:00,4332.20020,4332.70020,4330.89990,4331.00000,64.0000
2026-09-25T09:12:00+00:00,4331.00000,4332.00000,4330.29980,4332.00000,53.0000
2026-09-25T09:13:00+00:00,4332.20020,4332.20020,4330.79980,4330.79980,52.0000
2026-09-25T09:14:00+00:00,4330.70020,4331.00000,4329.29980,4329.70020,72.0000
2026-09-25T09:15:00+00:00,4329.60010,4331.00000,4328.70020,4329.20020,148.0000
2026-09-25T09:16:00+00:00,4329.00000,4329.20020,4328.00000,4328.50000,69.0000
2026-09-25T09:17:00+00:00,4328.10010,4328.60010,4327.70020,4328.00000,55.0000
2026-09-25T09:18:00+00:00,4328.00000,4330.20020,4326.50000,4328.50000,214.0000
2026-09-25T09:19:00+00:00,4328.20020,4330.00000,4328.00000,4328.70020,104.0000
2026-09-25T09:20:00+00:00,4328.89990,4329.20020,4328.10010,4328.50000,98.0000
2026-09-25T09:21:00+00:00,4328.29980,4330.10010,4327.70020,4328.50000,138.0000
2026-09-25T09:22:00+00:00,4328.50000,4332.10010,4328.50000,4330.89990,149.0000
2026-09-25T09:23:00+00:00,4331.50000,4332.20020,4329.39990,4330.29980,102.0000
2026-09-25T09:24:00+00:00,4330.10010,4332.39990,4330.10010,4331.39990,46.0000
2026-09-25T09:25:00+00:00,4331.89990,4331.89990,4327.20020,4327.39990,86.0000
2026-09-25T09:26:00+00:00,4327.39990,4327.70020,4326.29980,4326.50000,110.0000
2026-09-25T09:27:00+00:00,4326.70020,4327.00000,4325.70020,4326.60010,149.0000
2026-09-25T09:28:00+00:00,4326.60010,4326.79980,4325.39990,4325.39990,119.0000
2026-09-25T09:29:00+00:00,4325.39990,4326.79980,4325.39990,4326.20020,56.0000
2026-09-25T09:30:00+00:00,4326.39990,4329.89990,4325.79980,4328.89990,272.0000
2026-09-25T09:31:00+00:00,4329.20020,4330.39990,4327.10010,4329.60010,162.0000
2026-09-25T09:32:00+00:00,4329.70020,4331.60010,4329.60010,4331.60010,75.0000
2026-09-25T09:33:00+00:00,4331.60010,4332.20020,4330.29980,4330.79980,49.0000
2026-09-25T09:34:00+00:00,4331.20020,4333.29980,4331.20020,4332.29980,190.0000
2026-09-25T09:35:00+00:00,4332.50000,4332.70020,4331.20020,4332.70020,68.0000
2026-09-25T09:36:00+00:00,4332.79980,4332.79980,4330.10010,4330.60010,60.0000
2026-09-25T09:37:00+00:00,4330.70020,4331.20020,4330.00000,4330.70020,32.0000
2026-09-25T09:38:00+00:00,4330.70020,4330.89990,4329.50000,4329.50000,34.0000
2026-09-25T09:39:00+00:00,4329.00000,4329.79980,4328.10010,4329.60010,78.0000
2026-09-25T09:40:00+00:00,4329.79980,4330.89990,4329.00000,4329.50000,102.0000
2026-09-25T09:41:00+00:00,4329.50000,4330.50000,4329.10010,4329.10010,65.0000
2026-09-25T09:42:00+00:00,4329.89990,4329.89990,4328.00000,4328.29980,78.0000
2026-09-25T09:43:00+00:00,4328.20020,4330.89990,4328.00000,4330.60010,143.0000
2026-09-25T09:44:00+00:00,4330.70020,4331.20020,4329.50000,4330.39990,79.0000
2026-09-25T09:45:00+00:00,4330.60010,4330.79980,4329.00000,4330.00000,55.0000
2026-09-25T09:46:00+00:00,4329.70020,4330.50000,4328.89990,4329.10010,79.0000
2026-09-25T09:47:00+00:00,4329.39990,4329.39990,4327.79980,4327.79980,40.0000
2026-09-25T09:48:00+00:00,4327.60010,4328.50000,4327.29980,4327.89990,39.0000
2026-09-25T09:49:00+00:00,4328.20020,4328.89990,4327.39990,4328.10010,35.0000
2026-09-25T09:50:00+00:00,4328.39990,4328.39990,4327.39990,4327.70020,28.0000
2026-09-25T09:51:00+00:00,4327.50000,4328.20020,4327.00000,4328.10010,129.0000
2026-09-25T09:52:00+00:00,4327.50000,4329.29980,4327.50000,4328.10010,76.0000
2026-09-25T09:53:00+00:00,4328.00000,4329.50000,4327.50000,4328.70020,51.0000
2026-09-25T09:54:00+00:00,4328.89990,4328.89990,4328.29980,4328.39990,26.0000
2026-09-25T09:55:00+00:00,4328.79980,4328.79980,4327.89990,4328.00000,41.0000
2026-09-25T09:56:00+00:00,4327.50000,4329.20020,4326.79980,4328.10010,130.0000
2026-09-25T09:57:00+00:00,4328.20020,4328.79980,4328.10010,4328.60010,17.0000
2026-09-25T09:58:00+00:00,4328.70020,4331.00000,4328.50000,4329.89990,123.0000
2026-09-25T09:59:00+00:00,4329.79980,4330.89990,4329.60010,4330.79980,61.0000
2026-09-25T10:00:00+00:00,4330.70020,4332.10010,4330.70020,4331.70020,90.0000
2026-09-25T10:01:00+00:00,4331.50000,4331.50000,4330.20020,4330.79980,18.0000
2026-09-25T10:02:00+00:00,4330.79980,4331.10010,4329.60010,4331.10010,81.0000
2026-09-25T10:03:00+00:00,4331.29980,4331.29980,4329.70020,4329.89990,23.0000
2026-09-25T10:04:00+00:00,4330.10010,4331.29980,4330.10010,4330.79980,24.0000
2026-09-25T10:05:00+00:00,4330.70020,4334.50000,4330.70020,4334.10010,142.0000
2026-09-25T10:06:00+00:00,4334.20020,4334.20020,4332.39990,4333.89990,80.0000
2026-09-25T10:07:00+00:00,4333.50000,4334.39990,4332.70020,4333.29980,185.0000
2026-09-25T10:08:00+00:00,4333.29980,4339.39990,4333.29980,4337.79980,360.0000
2026-09-25T10:09:00+00:00,4338.10010,4339.10010,4336.70020,4337.00000,193.0000
2026-09-25T10:10:00+00:00,4337.10010,4337.10010,4335.50000,4335.79980,87.0000
2026-09-25T10:11:00+00:00,4335.60010,4336.79980,4335.00000,4336.70020,204.0000
2026-09-25T10:12:00+00:00,4337.00000,4337.89990,4335.89990,4337.29980,83.0000
2026-09-25T10:13:00+00:00,4337.39990,4341.50000,4337.29980,4341.29980,336.0000
2026-09-25T10:14:00+00:00,4341.10010,4344.00000,4340.79980,4342.89990,362.0000
2026-09-25T10:15:00+00:00,4342.89990,4343.29980,4341.29980,4341.70020,89.0000
2026-09-25T10:16:00+00:00,4341.70020,4342.39990,4339.89990,4339.89990,106.0000
2026-09-25T10:17:00+00:00,4340.10010,4341.00000,4339.89990,4340.10010,39.0000
2026-09-25T10:18:00+00:00,4340.10010,4341.00000,4339.89990,4340.29980,55.0000
2026-09-25T10:19:00+00:00,4340.20020,4341.00000,4339.20020,4340.70020,140.0000
2026-09-25T10:20:00+00:00,4340.70020,4341.00000,4340.29980,4340.79980,61.0000
2026-09-25T10:21:00+00:00,4340.79980,4342.89990,4340.79980,4342.50000,83.0000
2026-09-25T10:22:00+00:00,4342.50000,4344.10010,4341.60010,4343.39990,139.0000
2026-09-25T10:23:00+00:00,4343.60010,4344.50000,4342.60010,4343.39990,118.0000
2026-09-25T10:24:00+00:00,4343.50000,4343.89990,4341.89990,4341.89990,82.0000
2026-09-25T10:25:00+00:00,4341.70020,4344.20020,4341.50000,4343.29980,121.0000
2026-09-25T10:26:00+00:00,4343.50000,4345.29980,4343.29980,4344.79980,130.0000
2026-09-25T10:27:00+00:00,4345.00000,4345.20020,4344.00000,4344.29980,60.0000
2026-09-25T10:28:00+00:00,4344.20020,4344.20020,4343.39990,4344.00000,62.0000
2026-09-25T10:29:00+00:00,4343.79980,4344.20020,4343.50000,4344.20020,33.0000
2026-09-25T10:30:00+00:00,4344.20020,4344.39990,4343.39990,4344.00000,94.0000
2026-09-25T10:31:00+00:00,4344.20020,4344.60010,4343.60010,4343.89990,34.0000
2026-09-25T10:32:00+00:00,4343.60010,4343.60010,4341.89990,4341.89990,67.0000
2026-09-25T10:33:00+00:00,4341.79980,4342.20020,4341.00000,4342.00000,57.0000
2026-09-25T10:34:00+00:00,4341.79980,4342.29980,4340.89990,4341.20020,75.0000
2026-09-25T10:35:00+00:00,4341.20020,4342.79980,4341.20020,4341.70020,54.0000
2026-09-25T10:36:00+00:00,4342.00000,4342.10010,4341.79980,4342.10010,8.0000
2026-09-25T10:37:00+00:00,4342.39990,4342.70020,4341.29980,4341.29980,38.0000
2026-09-25T10:38:00+00:00,4341.20020,4341.39990,4339.20020,4339.20020,79.0000
2026-09-25T10:39:00+00:00,4339.10010,4339.50000,4338.70020,4339.50000,72.0000
2026-09-25T10:40:00+00:00,4339.29980,4339.29980,4338.00000,4338.60010,62.0000
2026-09-25T10:41:00+00:00,4338.50000,4338.60010,4338.10010,4338.60010,52.0000
2026-09-25T10:42:00+00:00,4338.79980,4339.60010,4338.70020,4339.00000,31.0000
2026-09-25T10:43:00+00:00,4338.89990,4340.50000,4338.89990,4340.50000,55.0000
2026-09-25T10:44:00+00:00,4340.60010,4341.79980,4340.29980,4341.20020,74.0000
2026-09-25T10:45:00+00:00,4341.29980,4342.00000,4341.00000,4341.00000,37.0000
2026-09-25T10:46:00+00:00,4341.00000,4341.10010,4339.60010,4340.29980,53.0000
2026-09-25T10:47:00+00:00,4340.50000,4341.60010,4340.50000,4341.50000,26.0000
2026-09-25T10:48:00+00:00,4341.70020,4341.79980,4341.20020,4341.20020,9.0000
2026-09-25T10:49:00+00:00,4341.39990,4341.89990,4340.00000,4341.29980,78.0000
2026-09-25T10:50:00+00:00,4341.20020,4341.50000,4340.70020,4341.29980,29.0000
2026-09-25T10:51:00+00:00,4341.39990,4342.39990,4341.10010,4341.70020,25.0000
2026-09-25T10:52:00+00:00,4341.79980,4342.20020,4341.70020,4341.70020,27.0000
2026-09-25T10:53:00+00:00,4341.70020,4342.50000,4339.89990,4342.10010,58.0000
2026-09-25T10:54:00+00:00,4342.00000,4345.00000,4342.00000,4345.00000,67.0000
2026-09-25T10:55:00+00:00,4345.00000,4346.89990,4344.60010,4346.89990,182.0000
2026-09-25T10:56:00+00:00,4346.79980,4347.10010,4346.00000,4347.00000,85.0000
2026-09-25T10:57:00+00:00,4347.00000,4347.50000,4346.10010,4346.29980,54.0000
2026-09-25T10:58:00+00:00,4346.00000,4346.70020,4345.79980,4346.70020,18.0000
2026-09-25T10:59:00+00:00,4346.60010,4347.00000,4345.70020,4346.79980,78.0000
2026-09-25T11:00:00+00:00,4346.89990,4348.20020,4346.20020,4347.39990,119.0000
2026-09-25T11:01:00+00:00,4347.60010,4347.60010,4346.39990,4346.39990,59.0000
2026-09-25T11:02:00+00:00,4346.29980,4346.39990,4345.39990,4345.70020,49.0000
2026-09-25T11:03:00+00:00,4345.70020,4346.20020,4345.60010,4345.70020,46.0000
2026-09-25T11:04:00+00:00,4346.00000,4346.29980,4345.39990,4346.10010,37.0000
2026-09-25T11:05:00+00:00,4346.10010,4347.10010,4345.79980,4346.60010,84.0000
2026-09-25T11:06:00+00:00,4346.89990,4348.50000,4346.79980,4348.10010,128.0000
2026-09-25T11:07:00+00:00,4348.29980,4350.10010,4347.89990,4350.00000,162.0000
2026-09-25T11:08:00+00:00,4349.79980,4350.50000,4348.89990,4350.20020,230.0000
2026-09-25T11:09:00+00:00,4350.39990,4350.70020,4349.50000,4350.39990,60.0000
2026-09-25T11:10:00+00:00,4350.10010,4351.60010,4349.89990,4350.79980,164.0000
2026-09-25T11:11:00+00:00,4350.89990,4351.00000,4349.79980,4350.70020,74.0000
2026-09-25T11:12:00+00:00,4350.70020,4350.79980,4348.89990,4349.89990,89.0000
2026-09-25T11:13:00+00:00,4349.89990,4349.89990,4348.89990,4349.60010,67.0000
2026-09-25T11:14:00+00:00,4349.50000,4349.50000,4347.00000,4348.29980,92.0000
2026-09-25T11:15:00+00:00,4348.39990,4349.79980,4348.20020,4348.39990,96.0000
2026-09-25T11:16:00+00:00,4348.50000,4350.29980,4348.29980,4348.39990,94.0000
2026-09-25T11:17:00+00:00,4348.50000,4348.50000,4346.70020,4347.39990,90.0000
2026-09-25T11:18:00+00:00,4347.10010,4347.89990,4347.00000,4347.50000,77.0000
2026-09-25T11:19:00+00:00,4347.20020,4347.29980,4346.39990,4347.00000,66.0000
2026-09-25T11:20:00+00:00,4347.00000,4347.20020,4345.20020,4345.39990,92.0000
2026-09-25T11:21:00+00:00,4345.70020,4346.70020,4345.39990,4345.79980,74.0000
2026-09-25T11:22:00+00:00,4345.89990,4346.00000,4345.60010,4346.00000,35.0000
2026-09-25T11:23:00+00:00,4346.20020,4346.60010,4344.70020,4345.10010,118.0000
2026-09-25T11:24:00+00:00,4345.29980,4347.39990,4345.10010,4346.00000,118.0000
2026-09-25T11:25:00+00:00,4346.10010,4346.39990,4344.89990,4344.89990,60.0000
2026-09-25T11:26:00+00:00,4345.10010,4345.29980,4344.39990,4344.60010,85.0000
2026-09-25T11:27:00+00:00,4344.39990,4345.20020,4344.00000,4344.79980,71.0000
2026-09-25T11:28:00+00:00,4344.70020,4344.79980,4341.20020,4341.60010,195.0000
2026-09-25T11:29:00+00:00,4341.70020,4341.89990,4340.70020,4341.00000,395.0000
2026-09-25T11:30:00+00:00,4341.10010,4342.79980,4340.20020,4341.70020,210.0000
2026-09-25T11:31:00+00:00,4341.89990,4342.29980,4341.29980,4342.10010,216.0000
2026-09-25T11:32:00+00:00,4342.00000,4342.00000,4340.89990,4340.89990,62.0000
2026-09-25T11:33:00+00:00,4341.00000,4341.29980,4339.29980,4340.20020,125.0000
2026-09-25T11:34:00+00:00,4340.29980,4340.89990,4340.10010,4340.39990,34.0000
2026-09-25T11:35:00+00:00,4340.39990,4345.20020,4340.00000,4342.39990,538.0000
2026-09-25T11:36:00+00:00,4342.20020,4342.50000,4339.29980,4339.70020,269.0000
2026-09-25T11:37:00+00:00,4339.70020,4339.79980,4338.39990,4338.89990,331.0000
2026-09-25T11:38:00+00:00,4339.10010,4339.89990,4338.70020,4338.89990,57.0000
2026-09-25T11:39:00+00:00,4338.70020,4338.89990,4335.89990,4336.10010,168.0000
2026-09-25T11:40:00+00:00,4336.39990,4337.20020,4336.10010,4337.00000,50.0000
2026-09-25T11:41:00+00:00,4337.00000,4337.60010,4336.60010,4337.10010,36.0000
2026-09-25T11:42:00+00:00,4337.60010,4338.00000,4336.50000,4336.50000,45.0000
2026-09-25T11:43:00+00:00,4336.50000,4337.39990,4336.00000,4337.39990,149.0000
2026-09-25T11:44:00+00:00,4337.29980,4337.89990,4336.70020,4337.79980,282.0000
2026-09-25T11:45:00+00:00,4337.70020,4338.00000,4336.79980,4337.39990,352.0000
2026-09-25T11:46:00+00:00,4337.29980,4338.60010,4336.29980,4338.60010,73.0000
2026-09-25T11:47:00+00:00,4338.70020,4340.10010,4338.70020,4340.10010,117.0000
2026-09-25T11:48:00+00:00,4339.50000,4339.79980,4338.79980,4339.50000,45.0000
2026-09-25T11:49:00+00:00,4339.50000,4340.39990,4338.70020,4339.00000,60.0000
2026-09-25T11:50:00+00:00,4338.89990,4340.39990,4338.70020,4339.50000,67.0000
2026-09-25T11:51:00+00:00,4339.60010,4340.29980,4338.79980,4339.50000,57.0000
2026-09-25T11:52:00+00:00,4339.50000,4340.70020,4339.50000,4339.89990,59.0000
2026-09-25T11:53:00+00:00,4339.89990,4340.50000,4339.79980,4340.00000,26.0000
2026-09-25T11:54:00+00:00,4340.29980,4340.29980,4339.10010,4339.50000,31.0000
2026-09-25T11:55:00+00:00,4340.00000,4340.89990,4339.70020,4340.50000,49.0000
2026-09-25T11:56:00+00:00,4340.60010,4340.89990,4339.70020,4339.79980,59.0000
2026-09-25T11:57:00+00:00,4340.10010,4341.29980,4339.79980,4340.39990,123.0000
2026-09-25T11:58:00+00:00,4340.20020,4341.00000,4339.70020,4340.60010,94.0000
2026-09-25T11:59:00+00:00,4340.79980,4341.20020,4338.50000,4338.60010,121.0000
2026-09-25T12:00:00+00:00,4339.10010,4339.79980,4337.79980,4339.00000,216.0000
2026-09-25T12:01:00+00:00,4338.79980,4340.50000,4338.50000,4340.00000,73.0000
2026-09-25T12:02:00+00:00,4340.00000,4340.39990,4339.29980,4339.60010,73.0000
2026-09-25T12:03:00+00:00,4339.50000,4340.20020,4338.70020,4340.00000,234.0000
2026-09-25T12:04:00+00:00,4339.60010,4340.20020,4339.20020,4340.20020,21.0000
2026-09-25T12:05:00+00:00,4340.00000,4340.00000,4338.00000,4338.29980,56.0000
2026-09-25T12:06:00+00:00,4337.89990,4340.20020,4337.39990,4340.20020,96.0000
2026-09-25T12:07:00+00:00,4339.89990,4340.70020,4339.39990,4339.39990,41.0000
2026-09-25T12:08:00+00:00,4339.39990,4339.39990,4338.29980,4338.70020,41.0000
2026-09-25T12:09:00+00:00,4338.79980,4339.50000,4338.29980,4339.50000,30.0000
2026-09-25T12:10:00+00:00,4339.50000,4340.00000,4336.20020,4336.70020,154.0000
2026-09-25T12:11:00+00:00,4337.50000,4339.79980,4337.20020,4339.70020,94.0000
2026-09-25T12:12:00+00:00,4339.50000,4340.00000,4338.10010,4338.10010,72.0000
2026-09-25T12:13:00+00:00,4338.00000,4338.00000,4335.39990,4335.89990,167.0000
2026-09-25T12:14:00+00:00,4335.29980,4336.00000,4333.89990,4336.00000,151.0000
2026-09-25T12:15:00+00:00,4335.89990,4337.60010,4335.79980,4337.29980,73.0000
2026-09-25T12:16:00+00:00,4337.29980,4337.39990,4334.50000,4334.60010,73.0000
2026-09-25T12:17:00+00:00,4334.60010,4336.00000,4334.00000,4334.10010,98.0000
2026-09-25T12:18:00+00:00,4334.10010,4335.20020,4333.60010,4334.20020,61.0000
2026-09-25T12:19:00+00:00,4334.29980,4335.79980,4333.50000,4335.79980,75.0000
2026-09-25T12:20:00+00:00,4335.60010,4337.79980,4333.29980,4337.39990,291.0000
2026-09-25T12:21:00+00:00,4337.50000,4342.20020,4337.50000,4341.39990,261.0000
2026-09-25T12:22:00+00:00,4341.39990,4343.00000,4341.39990,4342.10010,238.0000
2026-09-25T12:23:00+00:00,4342.00000,4342.00000,4339.10010,4340.50000,202.0000
2026-09-25T12:24:00+00:00,4340.79980,4341.60010,4339.29980,4339.50000,125.0000
2026-09-25T12:25:00+00:00,4339.10010,4343.10010,4338.39990,4343.00000,358.0000
2026-09-25T12:26:00+00:00,4343.00000,4344.10010,4342.70020,4343.29980,146.0000
2026-09-25T12:27:00+00:00,4343.50000,4345.00000,4343.00000,4344.00000,159.0000
2026-09-25T12:28:00+00:00,4343.89990,4345.29980,4343.39990,4344.39990,103.0000
2026-09-25T12:29:00+00:00,4344.39990,4344.39990,4341.79980,4342.70020,97.0000
2026-09-25T12:30:00+00:00,4342.79980,4343.29980,4337.79980,4339.29980,287.0000
2026-09-25T12:31:00+00:00,4339.39990,4339.89990,4337.29980,4337.60010,143.0000
2026-09-25T12:32:00+00:00,4337.39990,4337.70020,4335.10010,4336.79980,180.0000
2026-09-25T12:33:00+00:00,4336.60010,4337.70020,4336.10010,4337.29980,476.0000
2026-09-25T12:34:00+00:00,4337.50000,4338.50000,4337.10010,4338.20020,109.0000
2026-09-25T12:35:00+00:00,4337.70020,4338.60010,4335.39990,4335.70020,85.0000
2026-09-25T12:36:00+00:00,4335.39990,4336.10010,4334.50000,4334.89990,119.0000
2026-09-25T12:37:00+00:00,4334.70020,4336.70020,4334.70020,4336.20020,65.0000
2026-09-25T12:38:00+00:00,4336.39990,4337.39990,4336.10010,4337.00000,50.0000
2026-09-25T12:39:00+00:00,4337.10010,4338.79980,4337.00000,4338.39990,81.0000
2026-09-25T12:40:00+00:00,4338.50000,4338.50000,4334.89990,4335.60010,121.0000
2026-09-25T12:41:00+00:00,4335.79980,4337.20020,4335.79980,4337.00000,65.0000
2026-09-25T12:42:00+00:00,4336.79980,4336.79980,4335.00000,4335.00000,210.0000
2026-09-25T12:43:00+00:00,4335.10010,4335.10010,4332.79980,4334.10010,131.0000
2026-09-25T12:44:00+00:00,4334.10010,4339.10010,4334.10010,4337.29980,389.0000
2026-09-25T12:45:00+00:00,4337.60010,4338.29980,4335.10010,4338.00000,213.0000
2026-09-25T12:46:00+00:00,4338.10010,4343.39990,4337.39990,4341.60010,409.0000
2026-09-25T12:47:00+00:00,4341.50000,4344.70020,4337.89990,4343.89990,406.0000
2026-09-25T12:48:00+00:00,4343.39990,4343.39990,4338.70020,4339.00000,133.0000
2026-09-25T12:49:00+00:00,4338.79980,4339.29980,4336.79980,4337.50000,82.0000
2026-09-25T12:50:00+00:00,4337.79980,4338.39990,4337.20020,4337.70020,48.0000
2026-09-25T12:51:00+00:00,4337.79980,4338.39990,4335.29980,4335.89990,123.0000
2026-09-25T12:52:00+00:00,4335.60010,4335.70020,4332.29980,4332.29980,640.0000
2026-09-25T12:53:00+00:00,4332.50000,4336.79980,4332.50000,4336.39990,235.0000
2026-09-25T12:54:00+00:00,4336.70020,4337.10010,4334.70020,4334.70020,122.0000
2026-09-25T12:55:00+00:00,4334.89990,4335.10010,4333.89990,4334.20020,94.0000
2026-09-25T12:56:00+00:00,4334.89990,4335.70020,4334.79980,4335.10010,23.0000
2026-09-25T12:57:00+00:00,4335.29980,4335.29980,4334.20020,4334.60010,57.0000
2026-09-25T12:58:00+00:00,4334.00000,4335.50000,4334.00000,4335.29980,85.0000
2026-09-25T12:59:00+00:00,4335.20020,4335.20020,4332.89990,4333.89990,110.0000
2026-09-25T13:00:00+00:00,4333.89990,4335.29980,4331.20020,4331.89990,328.0000
2026-09-25T13:01:00+00:00,4332.00000,4332.20020,4330.00000,4331.20020,204.0000
2026-09-25T13:02:00+00:00,4330.60010,4330.60010,4326.50000,4329.10010,388.0000
2026-09-25T13:03:00+00:00,4329.00000,4329.79980,4328.29980,4328.79980,133.0000
2026-09-25T13:04:00+00:00,4328.79980,4330.39990,4327.00000,4327.10010,130.0000
2026-09-25T13:05:00+00:00,4327.39990,4330.10010,4327.29980,4329.39990,189.0000
2026-09-25T13:06:00+00:00,4329.20020,4331.79980,4329.20020,4331.70020,163.0000
2026-09-25T13:07:00+00:00,4332.10010,4332.79980,4330.79980,4332.10010,142.0000
2026-09-25T13:08:00+00:00,4331.89990,4333.79980,4331.29980,4331.39990,156.0000
2026-09-25T13:09:00+00:00,4331.39990,4333.20020,4331.39990,4333.20020,40.0000
2026-09-25T13:10:00+00:00,4332.89990,4333.29980,4331.39990,4331.70020,95.0000
2026-09-25T13:11:00+00:00,4331.60010,4332.29980,4330.79980,4332.10010,80.0000
2026-09-25T13:12:00+00:00,4331.70020,4332.89990,4330.89990,4331.89990,103.0000
2026-09-25T13:13:00+00:00,4332.00000,4332.20020,4330.20020,4331.10010,79.0000
2026-09-25T13:14:00+00:00,4330.70020,4330.70020,4327.60010,4328.10010,89.0000
2026-09-25T13:15:00+00:00,4327.79980,4328.39990,4326.50000,4328.20020,172.0000
2026-09-25T13:16:00+00:00,4328.00000,4328.50000,4327.60010,4327.79980,95.0000
2026-09-25T13:17:00+00:00,4327.70020,4329.20020,4327.70020,4328.50000,78.0000
2026-09-25T13:18:00+00:00,4328.39990,4328.39990,4326.60010,4326.89990,97.0000
2026-09-25T13:19:00+00:00,4327.50000,4327.79980,4324.00000,4325.60010,304.0000
2026-09-25T13:20:00+00:00,4325.50000,4326.00000,4323.79980,4324.79980,140.0000
2026-09-25T13:21:00+00:00,4324.60010,4326.00000,4323.00000,4323.50000,158.0000
2026-09-25T13:22:00+00:00,4323.50000,4324.60010,4323.39990,4324.50000,82.0000
2026-09-25T13:23:00+00:00,4324.50000,4324.70020,4321.20020,4321.39990,212.0000
2026-09-25T13:24:00+00:00,4321.39990,4322.10010,4320.79980,4321.20020,162.0000
2026-09-25T13:25:00+00:00,4321.20020,4321.60010,4317.39990,4317.39990,341.0000
2026-09-25T13:26:00+00:00,4317.20020,4317.70020,4315.10010,4317.20020,325.0000
2026-09-25T13:27:00+00:00,4317.10010,4317.10010,4315.10010,4316.50000,206.0000
2026-09-25T13:28:00+00:00,4316.20020,4316.50000,4315.29980,4315.50000,277.0000
2026-09-25T13:29:00+00:00,4315.20020,4316.29980,4312.79980,4313.50000,294.0000
2026-09-25T13:30:00+00:00,4313.70020,4314.10010,4308.60010,4311.29980,885.0000
2026-09-25T13:31:00+00:00,4311.00000,4312.79980,4309.39990,4312.39990,370.0000
2026-09-25T13:32:00+00:00,4312.39990,4315.39990,4310.79980,4315.39990,281.0000
2026-09-25T13:33:00+00:00,4315.00000,4316.00000,4312.89990,4316.00000,241.0000
2026-09-25T13:34:00+00:00,4315.89990,4317.29980,4313.29980,4315.20020,475.0000
2026-09-25T13:35:00+00:00,4315.00000,4315.29980,4313.50000,4315.00000,216.0000
2026-09-25T13:36:00+00:00,4314.89990,4319.70020,4313.50000,4317.60010,256.0000
2026-09-25T13:37:00+00:00,4317.70020,4319.70020,4316.39990,4319.70020,225.0000
2026-09-25T13:38:00+00:00,4319.60010,4319.79980,4317.39990,4317.89990,246.0000
2026-09-25T13:39:00+00:00,4318.10010,4318.10010,4314.29980,4316.50000,340.0000
2026-09-25T13:40:00+00:00,4316.50000,4317.39990,4315.00000,4315.39990,161.0000
2026-09-25T13:41:00+00:00,4315.60010,4318.20020,4315.20020,4316.60010,436.0000
2026-09-25T13:42:00+00:00,4316.70020,4317.89990,4314.79980,4315.60010,129.0000
2026-09-25T13:43:00+00:00,4315.70020,4315.89990,4312.00000,4313.79980,222.0000
2026-09-25T13:44:00+00:00,4313.79980,4316.10010,4313.79980,4314.29980,132.0000
2026-09-25T13:45:00+00:00,4314.10010,4315.89990,4313.20020,4315.29980,133.0000
2026-09-25T13:46:00+00:00,4315.29980,4315.29980,4310.79980,4312.00000,249.0000
2026-09-25T13:47:00+00:00,4312.00000,4312.20020,4309.39990,4311.39990,220.0000
2026-09-25T13:48:00+00:00,4311.20020,4312.10010,4310.10010,4311.89990,164.0000
2026-09-25T13:49:00+00:00,4311.89990,4313.70020,4311.50000,4313.10010,158.0000
2026-09-25T13:50:00+00:00,4313.00000,4316.10010,4312.60010,4314.89990,183.0000
2026-09-25T13:51:00+00:00,4315.00000,4318.79980,4313.60010,4317.39990,339.0000
2026-09-25T13:52:00+00:00,4317.29980,4318.60010,4316.70020,4318.20020,246.0000
2026-09-25T13:53:00+00:00,4317.79980,4318.00000,4316.10010,4316.79980,135.0000
2026-09-25T13:54:00+00:00,4316.70020,4317.20020,4315.50000,4315.79980,64.0000
2026-09-25T13:55:00+00:00,4315.50000,4316.10010,4314.60010,4315.10010,107.0000
2026-09-25T13:56:00+00:00,4315.10010,4315.39990,4312.29980,4313.10010,133.0000
2026-09-25T13:57:00+00:00,4313.20020,4313.20020,4310.39990,4312.39990,162.0000
2026-09-25T13:58:00+00:00,4312.10010,4313.20020,4311.89990,4312.10010,121.0000
2026-09-25T13:59:00+00:00,4312.50000,4313.10010,4310.20020,4310.89990,102.0000
2026-09-25T14:00:00+00:00,4310.70020,4313.00000,4307.70020,4308.79980,332.0000
2026-09-25T14:01:00+00:00,4308.39990,4308.39990,4302.39990,4304.00000,1117.0000
2026-09-25T14:02:00+00:00,4304.10010,4304.79980,4302.50000,4303.00000,286.0000
2026-09-25T14:03:00+00:00,4303.00000,4303.00000,4298.79980,4300.39990,680.0000
2026-09-25T14:04:00+00:00,4300.70020,4301.60010,4292.50000,4293.29980,1177.0000
2026-09-25T14:05:00+00:00,4293.10010,4293.79980,4289.20020,4290.50000,1189.0000
2026-09-25T14:06:00+00:00,4290.70020,4295.10010,4289.39990,4294.20020,825.0000
2026-09-25T14:07:00+00:00,4294.00000,4299.10010,4293.39990,4297.79980,629.0000
2026-09-25T14:08:00+00:00,4297.70020,4301.70020,4296.89990,4300.70020,502.0000
2026-09-25T14:09:00+00:00,4300.60010,4302.39990,4299.79980,4301.00000,217.0000
2026-09-25T14:10:00+00:00,4301.50000,4302.00000,4300.00000,4300.50000,183.0000
2026-09-25T14:11:00+00:00,4300.79980,4301.20020,4298.60010,4300.39990,151.0000
2026-09-25T14:12:00+00:00,4300.29980,4302.00000,4299.20020,4300.20020,184.0000
2026-09-25T14:13:00+00:00,4300.50000,4302.60010,4299.10010,4299.50000,263.0000
2026-09-25T14:14:00+00:00,4299.20020,4302.70020,4299.20020,4302.60010,168.0000
2026-09-25T14:15:00+00:00,4302.29980,4302.70020,4299.70020,4299.70020,353.0000
2026-09-25T14:16:00+00:00,4299.60010,4299.79980,4296.20020,4297.00000,280.0000
2026-09-25T14:17:00+00:00,4296.70020,4298.10010,4294.89990,4297.29980,160.0000
2026-09-25T14:18:00+00:00,4297.00000,4299.00000,4296.50000,4299.00000,121.0000
2026-09-25T14:19:00+00:00,4299.00000,4301.89990,4298.39990,4301.89990,159.0000
2026-09-25T14:20:00+00:00,4301.60010,4303.60010,4300.50000,4303.39990,212.0000
2026-09-25T14:21:00+00:00,4303.20020,4304.29980,4301.39990,4302.20020,170.0000
2026-09-25T14:22:00+00:00,4302.10010,4304.00000,4301.70020,4302.70020,126.0000
2026-09-25T14:23:00+00:00,4302.70020,4304.10010,4300.89990,4303.60010,277.0000
2026-09-25T14:24:00+00:00,4303.79980,4305.60010,4302.29980,4303.50000,164.0000
2026-09-25T14:25:00+00:00,4303.60010,4305.50000,4303.00000,4304.50000,126.0000
2026-09-25T14:26:00+00:00,4304.60010,4305.39990,4303.29980,4304.50000,94.0000
2026-09-25T14:27:00+00:00,4304.60010,4306.20020,4303.20020,4303.29980,74.0000
2026-09-25T14:28:00+00:00,4303.00000,4304.29980,4302.39990,4302.70020,76.0000
2026-09-25T14:29:00+00:00,4302.50000,4304.70020,4300.89990,4300.89990,191.0000
2026-09-25T14:30:00+00:00,4300.79980,4301.10010,4298.00000,4299.70020,367.0000
2026-09-25T14:31:00+00:00,4300.10010,4300.10010,4297.89990,4299.29980,223.0000
2026-09-25T14:32:00+00:00,4299.10010,4299.89990,4297.50000,4299.70020,113.0000
2026-09-25T14:33:00+00:00,4299.79980,4300.50000,4299.00000,4300.10010,118.0000
2026-09-25T14:34:00+00:00,4300.20020,4301.79980,4299.60010,4300.00000,104.0000
2026-09-25T14:35:00+00:00,4300.10010,4302.29980,4298.50000,4301.50000,284.0000
2026-09-25T14:36:00+00:00,4301.29980,4302.29980,4300.39990,4301.39990,59.0000
2026-09-25T14:37:00+00:00,4301.50000,4304.10010,4301.00000,4303.70020,169.0000
2026-09-25T14:38:00+00:00,4303.89990,4307.60010,4303.29980,4306.89990,339.0000
2026-09-25T14:39:00+00:00,4306.89990,4307.39990,4306.10010,4306.70020,87.0000
2026-09-25T14:40:00+00:00,4306.50000,4307.10010,4303.79980,4304.10010,149.0000
2026-09-25T14:41:00+00:00,4304.00000,4305.50000,4303.39990,4304.39990,125.0000
2026-09-25T14:42:00+00:00,4304.39990,4306.50000,4303.39990,4306.50000,84.0000
2026-09-25T14:43:00+00:00,4306.60010,4307.10010,4303.60010,4303.60010,125.0000
2026-09-25T14:44:00+00:00,4303.70020,4308.10010,4303.60010,4307.89990,128.0000
2026-09-25T14:45:00+00:00,4308.20020,4308.29980,4306.29980,4306.50000,265.0000
2026-09-25T14:46:00+00:00,4306.39990,4312.39990,4304.70020,4310.29980,942.0000
2026-09-25T14:47:00+00:00,4310.20020,4310.89990,4309.10010,4309.50000,258.0000
2026-09-25T14:48:00+00:00,4309.29980,4311.29980,4309.10010,4309.70020,105.0000
2026-09-25T14:49:00+00:00,4309.60010,4314.60010,4309.50000,4312.50000,249.0000
2026-09-25T14:50:00+00:00,4312.20020,4312.70020,4311.00000,4311.20020,69.0000
2026-09-25T14:51:00+00:00,4311.39990,4313.89990,4308.70020,4308.70020,209.0000
2026-09-25T14:52:00+00:00,4308.89990,4309.70020,4308.10010,4309.70020,165.0000
2026-09-25T14:53:00+00:00,4309.39990,4312.00000,4309.39990,4310.39990,151.0000
2026-09-25T14:54:00+00:00,4310.70020,4312.39990,4310.70020,4311.79980,56.0000
2026-09-25T14:55:00+00:00,4311.70020,4313.50000,4311.10010,4312.29980,157.0000
2026-09-25T14:56:00+00:00,4312.50000,4315.89990,4312.39990,4313.00000,320.0000
2026-09-25T14:57:00+00:00,4313.29980,4315.70020,4313.00000,4313.39990,167.0000
2026-09-25T14:58:00+00:00,4313.20020,4313.29980,4311.29980,4313.00000,117.0000
2026-09-25T14:59:00+00:00,4312.89990,4314.20020,4312.00000,4314.10010,77.0000
2026-09-25T15:00:00+00:00,4314.10010,4316.10010,4313.20020,4315.60010,163.0000
2026-09-25T15:01:00+00:00,4315.50000,4316.60010,4314.39990,4315.20020,160.0000
2026-09-25T15:02:00+00:00,4315.20020,4316.29980,4314.10010,4314.20020,133.0000
2026-09-25T15:03:00+00:00,4314.50000,4315.60010,4313.20020,4315.00000,238.0000
2026-09-25T15:04:00+00:00,4314.79980,4317.50000,4314.79980,4317.00000,191.0000
2026-09-25T15:05:00+00:00,4317.10010,4317.70020,4314.50000,4314.89990,167.0000
2026-09-25T15:06:00+00:00,4314.89990,4316.79980,4314.60010,4314.79980,144.0000
2026-09-25T15:07:00+00:00,4314.89990,4314.89990,4313.00000,4314.29980,112.0000
2026-09-25T15:08:00+00:00,4314.29980,4314.29980,4311.60010,4311.79980,135.0000
2026-09-25T15:09:00+00:00,4311.50000,4312.29980,4310.29980,4310.50000,90.0000
2026-09-25T15:10:00+00:00,4310.60010,4311.20020,4309.10010,4309.50000,190.0000
2026-09-25T15:11:00+00:00,4309.60010,4311.00000,4309.60010,4310.79980,81.0000
2026-09-25T15:12:00+00:00,4310.79980,4311.29980,4310.10010,4311.29980,90.0000
2026-09-25T15:13:00+00:00,4311.70020,4312.79980,4311.50000,4312.60010,120.0000
2026-09-25T15:14:00+00:00,4312.79980,4315.29980,4312.60010,4315.10010,110.0000
2026-09-25T15:15:00+00:00,4315.29980,4315.39990,4313.60010,4314.70020,110.0000
2026-09-25T15:16:00+00:00,4314.60010,4316.20020,4314.60010,4315.70020,86.0000
2026-09-25T15:17:00+00:00,4315.60010,4316.00000,4314.70020,4315.29980,55.0000
2026-09-25T15:18:00+00:00,4315.29980,4315.60010,4314.20020,4314.20020,60.0000
2026-09-25T15:19:00+00:00,4314.00000,4314.10010,4309.50000,4309.60010,263.0000
2026-09-25T15:20:00+00:00,4309.70020,4309.70020,4307.00000,4309.60010,220.0000
2026-09-25T15:21:00+00:00,4309.60010,4315.00000,4309.00000,4311.70020,523.0000
2026-09-25T15:22:00+00:00,4311.70020,4313.10010,4310.70020,4312.70020,98.0000
2026-09-25T15:23:00+00:00,4312.50000,4314.39990,4311.79980,4312.89990,157.0000
2026-09-25T15:24:00+00:00,4312.60010,4312.89990,4310.60010,4310.60010,56.0000
2026-09-25T15:25:00+00:00,4310.70020,4311.89990,4310.29980,4310.70020,79.0000
2026-09-25T15:26:00+00:00,4310.60010,4314.39990,4310.39990,4314.39990,95.0000
2026-09-25T15:27:00+00:00,4314.50000,4316.50000,4314.50000,4315.20020,165.0000
2026-09-25T15:28:00+00:00,4315.20020,4315.60010,4314.20020,4314.60010,65.0000
2026-09-25T15:29:00+00:00,4315.00000,4315.70020,4314.50000,4314.50000,57.0000
2026-09-25T15:30:00+00:00,4315.00000,4320.79980,4314.00000,4317.00000,1406.0000
2026-09-25T15:31:00+00:00,4317.20020,4319.29980,4316.50000,4319.00000,214.0000
2026-09-25T15:32:00+00:00,4318.60010,4319.79980,4317.89990,4318.39990,490.0000
2026-09-25T15:33:00+00:00,4318.79980,4320.39990,4318.00000,4319.60010,112.0000
2026-09-25T15:34:00+00:00,4319.79980,4321.00000,4317.70020,4317.79980,342.0000
2026-09-25T15:35:00+00:00,4317.79980,4318.29980,4317.20020,4317.89990,93.0000
2026-09-25T15:36:00+00:00,4317.79980,4318.00000,4315.39990,4315.60010,91.0000
2026-09-25T15:37:00+00:00,4315.70020,4316.29980,4314.10010,4314.60010,390.0000
2026-09-25T15:38:00+00:00,4315.00000,4315.20020,4312.10010,4312.20020,172.0000
2026-09-25T15:39:00+00:00,4312.20020,4312.79980,4311.50000,4311.60010,147.0000
2026-09-25T15:40:00+00:00,4311.70020,4313.79980,4311.29980,4313.60010,134.0000
2026-09-25T15:41:00+00:00,4313.50000,4314.00000,4312.70020,4313.29980,52.0000
2026-09-25T15:42:00+00:00,4313.29980,4313.60010,4312.50000,4312.60010,66.0000
2026-09-25T15:43:00+00:00,4312.89990,4312.89990,4311.20020,4311.50000,44.0000
2026-09-25T15:44:00+00:00,4311.70020,4311.79980,4309.79980,4310.10010,89.0000
2026-09-25T15:45:00+00:00,4310.29980,4310.70020,4309.89990,4310.50000,90.0000
2026-09-25T15:46:00+00:00,4310.20020,4310.20020,4306.70020,4309.50000,365.0000
2026-09-25T15:47:00+00:00,4309.50000,4310.00000,4308.60010,4308.89990,108.0000
2026-09-25T15:48:00+00:00,4308.79980,4309.79980,4308.20020,4308.89990,105.0000
2026-09-25T15:49:00+00:00,4308.70020,4310.00000,4306.10010,4306.39990,265.0000
2026-09-25T15:50:00+00:00,4306.79980,4308.10010,4306.39990,4306.79980,97.0000
2026-09-25T15:51:00+00:00,4306.60010,4307.00000,4304.89990,4305.29980,137.0000
2026-09-25T15:52:00+00:00,4305.00000,4308.00000,4304.89990,4307.60010,131.0000
2026-09-25T15:53:00+00:00,4307.70020,4308.39990,4306.70020,4307.39990,60.0000
2026-09-25T15:54:00+00:00,4307.70020,4314.89990,4307.50000,4312.60010,930.0000
2026-09-25T15:55:00+00:00,4312.29980,4314.39990,4312.29980,4313.39990,126.0000
2026-09-25T15:56:00+00:00,4312.89990,4313.10010,4311.10010,4313.10010,102.0000
2026-09-25T15:57:00+00:00,4312.70020,4315.39990,4312.50000,4315.39990,186.0000
2026-09-25T15:58:00+00:00,4315.60010,4322.00000,4315.60010,4321.20020,573.0000
2026-09-25T15:59:00+00:00,4321.39990,4326.60010,4319.89990,4326.39990,573.0000
2026-09-25T16:00:00+00:00,4326.50000,4329.60010,4324.39990,4329.50000,560.0000
2026-09-25T16:01:00+00:00,4329.50000,4331.20020,4325.60010,4325.60010,604.0000
2026-09-25T16:02:00+00:00,4325.50000,4330.29980,4325.50000,4329.00000,330.0000
2026-09-25T16:03:00+00:00,4329.00000,4334.70020,4327.60010,4334.20020,571.0000
2026-09-25T16:04:00+00:00,4334.20020,4334.20020,4326.70020,4330.20020,521.0000
2026-09-25T16:05:00+00:00,4330.20020,4331.79980,4328.39990,4329.50000,328.0000
2026-09-25T16:06:00+00:00,4329.29980,4335.70020,4326.50000,4335.29980,636.0000
2026-09-25T16:07:00+00:00,4335.79980,4336.00000,4328.60010,4329.39990,635.0000
2026-09-25T16:08:00+00:00,4329.29980,4331.60010,4327.10010,4328.89990,478.0000
2026-09-25T16:09:00+00:00,4329.00000,4330.10010,4327.10010,4329.20020,186.0000
2026-09-25T16:10:00+00:00,4329.39990,4331.79980,4328.60010,4329.20020,211.0000
2026-09-25T16:11:00+00:00,4328.70020,4329.10010,4327.00000,4328.20020,142.0000
2026-09-25T16:12:00+00:00,4328.20020,4329.29980,4326.10010,4327.70020,256.0000
2026-09-25T16:13:00+00:00,4327.79980,4328.10010,4325.70020,4326.10010,218.0000
2026-09-25T16:14:00+00:00,4326.10010,4326.20020,4322.39990,4325.39990,464.0000
2026-09-25T16:15:00+00:00,4325.70020,4326.10010,4323.79980,4325.79980,169.0000
2026-09-25T16:16:00+00:00,4325.70020,4327.10010,4323.20020,4327.10010,291.0000
2026-09-25T16:17:00+00:00,4326.60010,4327.70020,4324.70020,4325.00000,180.0000
2026-09-25T16:18:00+00:00,4325.20020,4326.29980,4323.89990,4324.20020,238.0000
2026-09-25T16:19:00+00:00,4324.50000,4324.50000,4322.89990,4324.00000,216.0000
2026-09-25T16:20:00+00:00,4324.00000,4325.60010,4323.10010,4323.20020,313.0000
2026-09-25T16:21:00+00:00,4323.60010,4324.70020,4322.79980,4323.60010,106.0000
2026-09-25T16:22:00+00:00,4323.50000,4324.10010,4322.60010,4323.10010,134.0000
2026-09-25T16:23:00+00:00,4323.00000,4323.39990,4319.79980,4322.29980,449.0000
2026-09-25T16:24:00+00:00,4322.20020,4323.70020,4321.20020,4323.50000,150.0000
2026-09-25T16:25:00+00:00,4324.00000,4324.89990,4323.20020,4324.29980,98.0000
2026-09-25T16:26:00+00:00,4323.89990,4327.50000,4323.89990,4327.29980,165.0000
2026-09-25T16:27:00+00:00,4327.50000,4328.20020,4326.60010,4327.00000,116.0000
2026-09-25T16:28:00+00:00,4327.10010,4327.39990,4325.79980,4327.00000,74.0000
2026-09-25T16:29:00+00:00,4327.10010,4328.10010,4327.00000,4327.39990,78.0000
2026-09-25T16:30:00+00:00,4327.89990,4328.39990,4326.70020,4327.79980,100.0000
2026-09-25T16:31:00+00:00,4327.60010,4328.00000,4326.60010,4327.10010,62.0000
2026-09-25T16:32:00+00:00,4327.79980,4328.20020,4325.39990,4325.89990,52.0000
2026-09-25T16:33:00+00:00,4326.10010,4326.60010,4323.29980,4323.50000,126.0000
2026-09-25T16:34:00+00:00,4323.89990,4323.89990,4314.50000,4319.10010,1459.0000
2026-09-25T16:35:00+00:00,4319.50000,4322.00000,4319.10010,4321.60010,203.0000
2026-09-25T16:36:00+00:00,4321.10010,4322.39990,4318.39990,4321.50000,165.0000
2026-09-25T16:37:00+00:00,4321.39990,4323.50000,4321.39990,4323.20020,188.0000
2026-09-25T16:38:00+00:00,4322.89990,4322.89990,4320.50000,4322.70020,194.0000
2026-09-25T16:39:00+00:00,4323.00000,4324.10010,4322.39990,4322.79980,125.0000
2026-09-25T16:40:00+00:00,4323.00000,4323.00000,4319.89990,4320.29980,73.0000
2026-09-25T16:41:00+00:00,4320.50000,4321.29980,4320.20020,4320.89990,60.0000
2026-09-25T16:42:00+00:00,4321.29980,4324.20020,4321.20020,4322.39990,273.0000
2026-09-25T16:43:00+00:00,4322.39990,4323.89990,4322.39990,4323.10010,44.0000
2026-09-25T16:44:00+00:00,4323.29980,4324.60010,4322.29980,4322.50000,51.0000
2026-09-25T16:45:00+00:00,4322.50000,4322.70020,4319.70020,4320.10010,62.0000
2026-09-25T16:46:00+00:00,4320.10010,4320.79980,4319.79980,4320.39990,39.0000
2026-09-25T16:47:00+00:00,4320.39990,4320.60010,4320.00000,4320.10010,19.0000
2026-09-25T16:48:00+00:00,4319.89990,4321.20020,4318.10010,4318.60010,97.0000
2026-09-25T16:49:00+00:00,4318.00000,4318.70020,4317.29980,4318.39990,94.0000
2026-09-25T16:50:00+00:00,4318.60010,4319.60010,4318.00000,4319.39990,65.0000
2026-09-25T16:51:00+00:00,4319.20020,4320.00000,4318.89990,4319.39990,73.0000
2026-09-25T16:52:00+00:00,4319.29980,4321.39990,4319.29980,4321.20020,148.0000
2026-09-25T16:53:00+00:00,4321.00000,4321.29980,4319.70020,4320.00000,56.0000
2026-09-25T16:54:00+00:00,4319.60010,4320.70020,4319.50000,4320.20020,89.0000
2026-09-25T16:55:00+00:00,4320.00000,4322.60010,4320.00000,4321.60010,114.0000
2026-09-25T16:56:00+00:00,4321.70020,4322.60010,4321.50000,4321.50000,59.0000
2026-09-25T16:57:00+00:00,4321.29980,4322.50000,4320.39990,4321.70020,77.0000
2026-09-25T16:58:00+00:00,4321.70020,4321.70020,4320.60010,4320.60010,43.0000
2026-09-25T16:59:00+00:00,4320.50000,4323.20020,4319.00000,4321.50000,638.0000
2026-09-25T17:00:00+00:00,4321.60010,4323.60010,4320.39990,4323.60010,93.0000
2026-09-25T17:01:00+00:00,4323.29980,4326.29980,4323.29980,4325.20020,434.0000
2026-09-25T17:02:00+00:00,4325.39990,4325.70020,4324.60010,4325.50000,98.0000
2026-09-25T17:03:00+00:00,4325.60010,4327.10010,4325.60010,4326.29980,82.0000
2026-09-25T17:04:00+00:00,4326.20020,4327.60010,4325.50000,4326.00000,66.0000
2026-09-25T17:05:00+00:00,4326.10010,4326.89990,4325.70020,4325.89990,32.0000
2026-09-25T17:06:00+00:00,4326.00000,4327.00000,4325.00000,4325.60010,48.0000
2026-09-25T17:07:00+00:00,4325.50000,4327.70020,4324.89990,4327.20020,206.0000
2026-09-25T17:08:00+00:00,4327.29980,4327.39990,4324.89990,4325.00000,132.0000
2026-09-25T17:09:00+00:00,4325.00000,4328.10010,4324.89990,4328.10010,214.0000
2026-09-25T17:10:00+00:00,4327.79980,4327.79980,4326.70020,4327.10010,137.0000
2026-09-25T17:11:00+00:00,4327.00000,4327.50000,4326.29980,4326.79980,65.0000
2026-09-25T17:12:00+00:00,4326.79980,4328.29980,4326.29980,4327.39990,88.0000
2026-09-25T17:13:00+00:00,4327.29980,4327.60010,4327.10010,4327.10010,42.0000
2026-09-25T17:14:00+00:00,4327.00000,4327.29980,4326.10010,4326.70020,43.0000
2026-09-25T17:15:00+00:00,4326.60010,4326.60010,4324.89990,4325.60010,87.0000
2026-09-25T17:16:00+00:00,4325.50000,4326.60010,4325.29980,4326.60010,72.0000
2026-09-25T17:17:00+00:00,4326.39990,4327.20020,4325.89990,4325.89990,91.0000
2026-09-25T17:18:00+00:00,4326.20020,4326.50000,4324.10010,4324.50000,93.0000
2026-09-25T17:19:00+00:00,4324.50000,4325.89990,4324.10010,4325.89990,53.0000
2026-09-25T17:20:00+00:00,4326.10010,4327.00000,4326.10010,4326.50000,44.0000
2026-09-25T17:21:00+00:00,4326.39990,4326.79980,4324.70020,4324.89990,99.0000
2026-09-25T17:22:00+00:00,4324.70020,4325.60010,4324.60010,4325.20020,58.0000
2026-09-25T17:23:00+00:00,4325.60010,4326.10010,4325.10010,4325.70020,76.0000
2026-09-25T17:24:00+00:00,4325.50000,4327.20020,4325.50000,4327.20020,67.0000
2026-09-25T17:25:00+00:00,4327.50000,4328.39990,4326.70020,4327.39990,140.0000
2026-09-25T17:26:00+00:00,4327.50000,4327.70020,4326.29980,4326.39990,63.0000
2026-09-25T17:27:00+00:00,4326.50000,4326.50000,4323.79980,4323.79980,163.0000
2026-09-25T17:28:00+00:00,4323.89990,4324.70020,4321.79980,4321.79980,146.0000
2026-09-25T17:29:00+00:00,4321.79980,4322.10010,4320.10010,4321.29980,634.0000
2026-09-25T17:30:00+00:00,4321.50000,4321.60010,4320.50000,4320.50000,123.0000
2026-09-25T17:31:00+00:00,4320.79980,4321.50000,4320.00000,4320.60010,67.0000
2026-09-25T17:32:00+00:00,4320.60010,4321.20020,4320.39990,4320.79980,24.0000
2026-09-25T17:33:00+00:00,4321.00000,4322.79980,4320.29980,4320.79980,94.0000
2026-09-25T17:34:00+00:00,4320.70020,4320.70020,4319.10010,4320.10010,90.0000
2026-09-25T17:35:00+00:00,4319.79980,4319.79980,4318.20020,4318.50000,97.0000
2026-09-25T17:36:00+00:00,4318.60010,4318.60010,4317.29980,4317.39990,42.0000
2026-09-25T17:37:00+00:00,4317.39990,4317.39990,4314.50000,4316.29980,196.0000
2026-09-25T17:38:00+00:00,4316.39990,4317.29980,4316.20020,4316.79980,32.0000
2026-09-25T17:39:00+00:00,4317.00000,4320.60010,4316.39990,4319.20020,373.0000
2026-09-25T17:40:00+00:00,4319.00000,4321.39990,4318.89990,4320.00000,152.0000
2026-09-25T17:41:00+00:00,4319.89990,4322.79980,4319.70020,4322.20020,172.0000
2026-09-25T17:42:00+00:00,4321.79980,4323.20020,4321.20020,4322.70020,85.0000
2026-09-25T17:43:00+00:00,4322.70020,4322.70020,4320.89990,4321.00000,23.0000
2026-09-25T17:44:00+00:00,4320.79980,4322.20020,4320.29980,4320.70020,38.0000
2026-09-25T17:45:00+00:00,4320.60010,4321.70020,4320.60010,4320.79980,73.0000
2026-09-25T17:46:00+00:00,4320.50000,4320.79980,4317.79980,4318.10010,105.0000
2026-09-25T17:47:00+00:00,4317.70020,4318.10010,4317.00000,4317.70020,60.0000
2026-09-25T17:48:00+00:00,4317.60010,4318.50000,4317.39990,4318.50000,31.0000
2026-09-25T17:49:00+00:00,4318.50000,4320.20020,4318.39990,4319.29980,230.0000
2026-09-25T17:50:00+00:00,4319.00000,4319.50000,4318.20020,4319.29980,80.0000
2026-09-25T17:51:00+00:00,4319.39990,4319.39990,4318.60010,4318.79980,23.0000
2026-09-25T17:52:00+00:00,4319.00000,4319.20020,4318.29980,4319.10010,41.0000
2026-09-25T17:53:00+00:00,4319.00000,4319.39990,4318.79980,4319.39990,21.0000
2026-09-25T17:54:00+00:00,4319.00000,4319.10010,4318.20020,4318.89990,41.0000
2026-09-25T17:55:00+00:00,4319.20020,4319.89990,4319.20020,4319.89990,19.0000
2026-09-25T17:56:00+00:00,4319.89990,4320.20020,4319.10010,4319.10010,103.0000
2026-09-25T17:57:00+00:00,4319.00000,4319.00000,4317.60010,4317.70020,27.0000
2026-09-25T17:58:00+00:00,4317.79980,4317.89990,4317.29980,4317.60010,20.0000
2026-09-25T17:59:00+00:00,4317.60010,4318.29980,4317.50000,4318.10010,33.0000
2026-09-25T18:00:00+00:00,4318.29980,4319.20020,4318.29980,4318.79980,34.0000
2026-09-25T18:01:00+00:00,4319.00000,4319.20020,4318.50000,4318.50000,16.0000
2026-09-25T18:02:00+00:00,4318.39990,4318.79980,4318.10010,4318.60010,75.0000
2026-09-25T18:03:00+00:00,4318.39990,4318.39990,4318.10010,4318.39990,15.0000
2026-09-25T18:04:00+00:00,4318.29980,4318.79980,4317.70020,4318.10010,26.0000
2026-09-25T18:05:00+00:00,4318.39990,4319.00000,4317.79980,4318.00000,14.0000
2026-09-25T18:06:00+00:00,4318.50000,4318.79980,4318.20020,4318.60010,17.0000
2026-09-25T18:07:00+00:00,4318.60010,4319.10010,4318.20020,4319.10010,28.0000
2026-09-25T18:08:00+00:00,4319.20020,4319.70020,4319.00000,4319.50000,39.0000
2026-09-25T18:09:00+00:00,4319.89990,4321.00000,4319.79980,4320.60010,39.0000
2026-09-25T18:10:00+00:00,4320.60010,4320.89990,4320.00000,4320.00000,26.0000
2026-09-25T18:11:00+00:00,4319.70020,4319.70020,4318.60010,4318.70020,33.0000
2026-09-25T18:12:00+00:00,4319.00000,4319.00000,4318.20020,4318.60010,31.0000
2026-09-25T18:13:00+00:00,4318.79980,4319.60010,4318.60010,4319.39990,57.0000
2026-09-25T18:14:00+00:00,4319.20020,4319.79980,4319.00000,4319.79980,35.0000
2026-09-25T18:15:00+00:00,4319.60010,4320.60010,4319.20020,4320.29980,36.0000
2026-09-25T18:16:00+00:00,4320.29980,4321.70020,4320.29980,4321.20020,74.0000
2026-09-25T18:17:00+00:00,4321.00000,4321.20020,4320.10010,4320.20020,21.0000
2026-09-25T18:18:00+00:00,4320.39990,4322.20020,4320.29980,4322.00000,323.0000
2026-09-25T18:19:00+00:00,4321.79980,4323.79980,4321.60010,4323.20020,48.0000
2026-09-25T18:20:00+00:00,4323.10010,4323.29980,4322.39990,4322.50000,61.0000
2026-09-25T18:21:00+00:00,4322.50000,4322.60010,4321.50000,4321.70020,10.0000
2026-09-25T18:22:00+00:00,4321.70020,4321.79980,4321.10010,4321.20020,18.0000
2026-09-25T18:23:00+00:00,4321.50000,4323.29980,4321.39990,4323.29980,52.0000
2026-09-25T18:24:00+00:00,4323.39990,4324.29980,4323.39990,4323.79980,71.0000
2026-09-25T18:25:00+00:00,4323.79980,4324.89990,4323.79980,4324.50000,45.0000
2026-09-25T18:26:00+00:00,4324.79980,4325.20020,4321.50000,4322.20020,408.0000
2026-09-25T18:27:00+00:00,4322.10010,4323.20020,4319.70020,4319.89990,83.0000
2026-09-25T18:28:00+00:00,4320.00000,4321.79980,4319.20020,4321.50000,107.0000
2026-09-25T18:29:00+00:00,4321.39990,4322.50000,4321.39990,4322.20020,40.0000
2026-09-25T18:30:00+00:00,4322.29980,4323.70020,4322.10010,4323.00000,66.0000
2026-09-25T18:31:00+00:00,4323.60010,4325.39990,4323.60010,4325.10010,93.0000
2026-09-25T18:32:00+00:00,4325.00000,4325.79980,4324.79980,4325.00000,81.0000
2026-09-25T18:33:00+00:00,4325.39990,4326.39990,4325.10010,4325.89990,63.0000
2026-09-25T18:34:00+00:00,4326.00000,4327.39990,4325.29980,4327.29980,54.0000
2026-09-25T18:35:00+00:00,4327.10010,4329.29980,4326.89990,4327.89990,171.0000
2026-09-25T18:36:00+00:00,4327.70020,4328.20020,4327.50000,4328.20020,79.0000
2026-09-25T18:37:00+00:00,4328.00000,4328.29980,4323.39990,4324.10010,103.0000
2026-09-25T18:38:00+00:00,4324.10010,4325.60010,4324.10010,4325.60010,56.0000
2026-09-25T18:39:00+00:00,4325.60010,4325.79980,4322.60010,4322.60010,103.0000
2026-09-25T18:40:00+00:00,4323.00000,4324.00000,4322.70020,4323.89990,44.0000
2026-09-25T18:41:00+00:00,4324.00000,4325.20020,4322.60010,4324.89990,166.0000
2026-09-25T18:42:00+00:00,4325.20020,4325.50000,4324.10010,4324.89990,73.0000
2026-09-25T18:43:00+00:00,4325.29980,4325.70020,4325.20020,4325.39990,19.0000
2026-09-25T18:44:00+00:00,4325.29980,4326.89990,4325.29980,4326.79980,31.0000
2026-09-25T18:45:00+00:00,4326.70020,4327.60010,4326.39990,4326.50000,27.0000
2026-09-25T18:46:00+00:00,4326.10010,4327.00000,4325.89990,4326.50000,35.0000
2026-09-25T18:47:00+00:00,4326.29980,4326.60010,4325.89990,4326.20020,20.0000
2026-09-25T18:48:00+00:00,4326.50000,4328.60010,4326.29980,4327.89990,84.0000
2026-09-25T18:49:00+00:00,4328.00000,4330.10010,4328.00000,4329.70020,105.0000
2026-09-25T18:50:00+00:00,4329.60010,4330.29980,4329.60010,4330.00000,34.0000
2026-09-25T18:51:00+00:00,4329.79980,4330.50000,4329.20020,4329.60010,70.0000
2026-09-25T18:52:00+00:00,4329.70020,4330.29980,4329.70020,4330.10010,21.0000
2026-09-25T18:53:00+00:00,4330.29980,4331.10010,4329.89990,4330.10010,66.0000
2026-09-25T18:54:00+00:00,4329.79980,4330.50000,4328.79980,4329.60010,138.0000
2026-09-25T18:55:00+00:00,4329.39990,4329.79980,4328.79980,4328.79980,29.0000
2026-09-25T18:56:00+00:00,4328.89990,4330.10010,4328.89990,4329.60010,30.0000
2026-09-25T18:57:00+00:00,4329.89990,4329.89990,4329.00000,4329.20020,36.0000
2026-09-25T18:58:00+00:00,4329.20020,4329.60010,4329.10010,4329.29980,13.0000
2026-09-25T18:59:00+00:00,4329.29980,4329.79980,4328.20020,4329.79980,108.0000
2026-09-25T19:00:00+00:00,4329.79980,4330.50000,4328.00000,4328.60010,222.0000
2026-09-25T19:01:00+00:00,4328.70020,4330.50000,4327.60010,4328.50000,585.0000
2026-09-25T19:02:00+00:00,4328.60010,4328.70020,4326.70020,4326.70020,82.0000
2026-09-25T19:03:00+00:00,4326.79980,4327.10010,4325.89990,4327.10010,48.0000
2026-09-25T19:04:00+00:00,4327.10010,4327.29980,4324.29980,4324.60010,255.0000
2026-09-25T19:05:00+00:00,4324.60010,4325.89990,4323.39990,4325.50000,124.0000
2026-09-25T19:06:00+00:00,4325.60010,4327.10010,4325.50000,4326.79980,49.0000
2026-09-25T19:07:00+00:00,4326.89990,4329.20020,4326.89990,4328.79980,53.0000
2026-09-25T19:08:00+00:00,4329.00000,4329.39990,4327.29980,4327.79980,213.0000
2026-09-25T19:09:00+00:00,4327.79980,4329.10010,4327.79980,4328.70020,86.0000
2026-09-25T19:10:00+00:00,4328.39990,4329.20020,4328.00000,4328.70020,54.0000
2026-09-25T19:11:00+00:00,4328.89990,4329.00000,4327.79980,4327.79980,40.0000
2026-09-25T19:12:00+00:00,4327.70020,4328.60010,4327.50000,4328.39990,28.0000
2026-09-25T19:13:00+00:00,4328.60010,4328.70020,4328.00000,4328.50000,37.0000
2026-09-25T19:14:00+00:00,4328.70020,4332.39990,4328.70020,4331.70020,176.0000
2026-09-25T19:15:00+00:00,4331.79980,4331.79980,4329.89990,4330.60010,70.0000
2026-09-25T19:16:00+00:00,4330.70020,4330.70020,4329.10010,4329.29980,47.0000
2026-09-25T19:17:00+00:00,4329.39990,4329.60010,4328.89990,4328.89990,16.0000
2026-09-25T19:18:00+00:00,4329.20020,4329.29980,4328.89990,4329.29980,19.0000
2026-09-25T19:19:00+00:00,4329.00000,4329.00000,4327.70020,4327.79980,301.0000
2026-09-25T19:20:00+00:00,4327.79980,4327.79980,4326.70020,4327.29980,65.0000
2026-09-25T19:21:00+00:00,4327.10010,4327.50000,4326.10010,4327.00000,50.0000
2026-09-25T19:22:00+00:00,4326.60010,4326.89990,4325.00000,4325.20020,57.0000
2026-09-25T19:23:00+00:00,4325.00000,4325.29980,4324.50000,4325.10010,26.0000
2026-09-25T19:24:00+00:00,4325.50000,4326.00000,4325.00000,4325.10010,31.0000
2026-09-25T19:25:00+00:00,4325.29980,4325.29980,4324.10010,4324.39990,49.0000
2026-09-25T19:26:00+00:00,4324.79980,4324.79980,4323.60010,4324.29980,73.0000
2026-09-25T19:27:00+00:00,4324.20020,4324.89990,4323.39990,4323.60010,35.0000
2026-09-25T19:28:00+00:00,4323.60010,4324.10010,4323.50000,4324.10010,26.0000
2026-09-25T19:29:00+00:00,4324.10010,4324.10010,4323.29980,4324.10010,30.0000
2026-09-25T19:30:00+00:00,4324.00000,4325.10010,4324.00000,4325.10010,170.0000
2026-09-25T19:31:00+00:00,4325.10010,4325.50000,4322.70020,4323.60010,161.0000
2026-09-25T19:32:00+00:00,4324.00000,4324.20020,4323.50000,4323.50000,25.0000
2026-09-25T19:33:00+00:00,4323.70020,4324.29980,4323.00000,4324.10010,47.0000
2026-09-25T19:34:00+00:00,4323.60010,4324.20020,4323.50000,4324.20020,23.0000
2026-09-25T19:35:00+00:00,4324.29980,4326.00000,4324.29980,4325.70020,136.0000
2026-09-25T19:36:00+00:00,4325.89990,4326.10010,4325.39990,4326.10010,54.0000
2026-09-25T19:37:00+00:00,4326.10010,4329.10010,4326.10010,4328.39990,271.0000
2026-09-25T19:38:00+00:00,4328.00000,4329.60010,4327.70020,4328.20020,145.0000
2026-09-25T19:39:00+00:00,4328.39990,4329.00000,4328.29980,4328.60010,28.0000
2026-09-25T19:40:00+00:00,4328.50000,4328.60010,4327.39990,4328.10010,117.0000
2026-09-25T19:41:00+00:00,4328.20020,4328.89990,4327.79980,4327.89990,48.0000
2026-09-25T19:42:00+00:00,4328.00000,4328.10010,4327.50000,4328.00000,41.0000
2026-09-25T19:43:00+00:00,4327.79980,4329.10010,4327.79980,4328.29980,41.0000
2026-09-25T19:44:00+00:00,4328.50000,4328.50000,4327.29980,4327.70020,82.0000
2026-09-25T19:45:00+00:00,4328.00000,4329.60010,4328.00000,4329.00000,58.0000
2026-09-25T19:46:00+00:00,4329.10010,4329.39990,4328.50000,4329.10010,43.0000
2026-09-25T19:47:00+00:00,4329.10010,4329.60010,4328.79980,4329.00000,99.0000
2026-09-25T19:48:00+00:00,4329.10010,4329.29980,4328.29980,4328.29980,34.0000
2026-09-25T19:49:00+00:00,4328.00000,4328.29980,4327.70020,4328.00000,17.0000
2026-09-25T19:50:00+00:00,4328.20020,4329.10010,4328.20020,4328.70020,64.0000
2026-09-25T19:51:00+00:00,4328.89990,4329.00000,4327.60010,4327.60010,66.0000
2026-09-25T19:52:00+00:00,4327.50000,4327.50000,4326.20020,4327.00000,93.0000
2026-09-25T19:53:00+00:00,4326.60010,4326.60010,4325.79980,4326.20020,46.0000
2026-09-25T19:54:00+00:00,4326.29980,4326.79980,4326.00000,4326.50000,27.0000
2026-09-25T19:55:00+00:00,4326.50000,4326.60010,4325.10010,4326.00000,82.0000
2026-09-25T19:56:00+00:00,4325.79980,4326.00000,4325.39990,4325.79980,19.0000
2026-09-25T19:57:00+00:00,4326.00000,4326.50000,4325.39990,4325.70020,93.0000
2026-09-25T19:58:00+00:00,4325.39990,4326.50000,4325.39990,4326.39990,73.0000
2026-09-25T19:59:00+00:00,4326.50000,4327.00000,4326.29980,4326.60010,107.0000
2026-09-25T20:00:00+00:00,4326.50000,4327.60010,4326.50000,4327.20020,82.0000
2026-09-25T20:01:00+00:00,4327.10010,4327.50000,4326.60010,4327.29980,33.0000
2026-09-25T20:02:00+00:00,4326.89990,4327.39990,4326.50000,4327.10010,24.0000
2026-09-25T20:03:00+00:00,4326.89990,4327.00000,4326.79980,4327.00000,46.0000
2026-09-25T20:04:00+00:00,4327.39990,4327.60010,4326.89990,4326.89990,25.0000
2026-09-25T20:05:00+00:00,4326.70020,4326.70020,4325.50000,4325.50000,22.0000
2026-09-25T20:06:00+00:00,4325.50000,4326.29980,4325.50000,4326.29980,11.0000
2026-09-25T20:07:00+00:00,4326.60010,4326.79980,4326.50000,4326.79980,13.0000
2026-09-25T20:08:00+00:00,4326.70020,4326.70020,4326.39990,4326.60010,5.0000
2026-09-25T20:09:00+00:00,4326.89990,4327.29980,4326.79980,4327.10010,15.0000
2026-09-25T20:10:00+00:00,4327.20020,4327.50000,4327.00000,4327.00000,5.0000
2026-09-25T20:11:00+00:00,4327.00000,4327.10010,4326.89990,4327.10010,15.0000
2026-09-25T20:12:00+00:00,4326.50000,4326.70020,4326.20020,4326.50000,26.0000
2026-09-25T20:13:00+00:00,4326.39990,4326.60010,4326.20020,4326.29980,19.0000
2026-09-25T20:14:00+00:00,4326.39990,4327.00000,4325.79980,4326.50000,27.0000
2026-09-25T20:15:00+00:00,4326.10010,4326.29980,4326.10010,4326.20020,6.0000
2026-09-25T20:16:00+00:00,4326.29980,4326.29980,4325.60010,4325.60010,14.0000
2026-09-25T20:17:00+00:00,4325.79980,4325.79980,4325.50000,4325.50000,6.0000
2026-09-25T20:18:00+00:00,4325.50000,4325.60010,4325.10010,4325.10010,11.0000
2026-09-25T20:19:00+00:00,4325.60010,4325.70020,4325.50000,4325.60010,9.0000
2026-09-25T20:20:00+00:00,4325.39990,4325.60010,4324.70020,4324.70020,87.0000
2026-09-25T20:21:00+00:00,4324.50000,4324.60010,4323.70020,4324.10010,42.0000
2026-09-25T20:22:00+00:00,4324.39990,4324.39990,4323.70020,4324.00000,14.0000
2026-09-25T20:23:00+00:00,4324.60010,4324.70020,4324.20020,4324.20020,17.0000
2026-09-25T20:24:00+00:00,4324.50000,4324.89990,4324.39990,4324.39990,14.0000
2026-09-25T20:25:00+00:00,4324.29980,4324.29980,4323.70020,4323.70020,12.0000
2026-09-25T20:26:00+00:00,4324.00000,4324.39990,4323.79980,4323.79980,9.0000
2026-09-25T20:27:00+00:00,4324.20020,4324.20020,4322.89990,4323.60010,45.0000
2026-09-25T20:28:00+00:00,4323.50000,4324.00000,4323.10010,4324.00000,13.0000
2026-09-25T20:29:00+00:00,4323.50000,4323.50000,4322.39990,4323.10010,23.0000
2026-09-25T20:30:00+00:00,4323.10010,4323.20020,4322.60010,4322.60010,17.0000
2026-09-25T20:31:00+00:00,4322.50000,4322.70020,4322.00000,4322.39990,29.0000
2026-09-25T20:32:00+00:00,4322.60010,4322.89990,4322.29980,4322.29980,9.0000
2026-09-25T20:33:00+00:00,4322.50000,4322.89990,4322.20020,4322.29980,18.0000
2026-09-25T20:34:00+00:00,4322.39990,4322.70020,4321.89990,4322.20020,34.0000
2026-09-25T20:35:00+00:00,4322.10010,4322.50000,4321.50000,4321.50000,28.0000
2026-09-25T20:36:00+00:00,4321.60010,4322.10010,4321.50000,4322.10010,14.0000
2026-09-25T20:37:00+00:00,4322.00000,4322.10010,4321.89990,4322.00000,7.0000
2026-09-25T20:38:00+00:00,4321.39990,4321.89990,4321.00000,4321.00000,262.0000
2026-09-25T20:39:00+00:00,4321.39990,4321.79980,4321.39990,4321.70020,96.0000
2026-09-25T20:40:00+00:00,4321.50000,4321.89990,4321.10010,4321.39990,32.0000
2026-09-25T20:41:00+00:00,4321.10010,4321.39990,4321.10010,4321.39990,13.0000
2026-09-25T20:42:00+00:00,4321.29980,4322.10010,4320.89990,4320.89990,24.0000
2026-09-25T20:43:00+00:00,4321.00000,4321.39990,4321.00000,4321.20020,17.0000
2026-09-25T20:44:00+00:00,4321.00000,4321.10010,4320.60010,4320.60010,30.0000
2026-09-25T20:45:00+00:00,4320.50000,4320.89990,4320.00000,4320.70020,53.0000
2026-09-25T20:46:00+00:00,4320.79980,4321.10010,4320.39990,4320.79980,15.0000
2026-09-25T20:47:00+00:00,4320.79980,4320.79980,4320.20020,4320.60010,12.0000
2026-09-25T20:48:00+00:00,4320.70020,4321.10010,4320.60010,4321.00000,34.0000
2026-09-25T20:49:00+00:00,4321.10010,4322.39990,4320.89990,4321.39990,60.0000
2026-09-25T20:50:00+00:00,4321.10010,4321.29980,4320.60010,4321.10010,21.0000
2026-09-25T20:51:00+00:00,4321.10010,4322.10010,4321.10010,4322.10010,29.0000
2026-09-25T20:52:00+00:00,4322.29980,4323.00000,4322.10010,4323.00000,35.0000
2026-09-25T20:53:00+00:00,4322.70020,4322.70020,4321.79980,4322.20020,31.0000
2026-09-25T20:54:00+00:00,4321.89990,4322.00000,4321.00000,4321.20020,45.0000
2026-09-25T20:55:00+00:00,4321.10010,4322.50000,4320.79980,4322.39990,90.0000
2026-09-25T20:56:00+00:00,4322.39990,4322.39990,4321.39990,4321.79980,30.0000
2026-09-25T20:57:00+00:00,4322.00000,4322.00000,4320.70020,4322.00000,27.0000
2026-09-25T20:58:00+00:00,4322.00000,4322.00000,4320.70020,4320.89990,28.0000
2026-09-25T20:59:00+00:00,4320.70020,4321.20020,4320.29980,4321.20020,71.0000
2026-09-25T20:59:59+00:00,4321.20020,4321.20020,4321.20020,4321.20020,0.0000
