time_utc,open,high,low,close,volume
2026-08-27T05:40:00+00:00,4664.89990,4664.89990,4658.70020,4659.70020,0.0000
2026-08-27T05:45:00+00:00,4659.50000,4663.89990,4658.70020,4660.39990,646.0000
2026-08-27T05:50:00+00:00,4660.39990,4662.89990,4655.00000,4657.00000,921.0000
2026-08-27T05:55:00+00:00,4657.10010,4661.70020,4655.60010,4661.20020,688.0000
2026-08-27T06:00:00+00:00,4661.00000,4661.50000,4653.29980,4657.39990,1534.0000
2026-08-27T06:05:00+00:00,4657.79980,4659.50000,4655.00000,4658.70020,614.0000
2026-08-27T06:10:00+00:00,4658.79980,4660.70020,4653.89990,4660.00000,654.0000
2026-08-27T06:15:00+00:00,4659.39990,4661.29980,4657.60010,4660.29980,419.0000
2026-08-27T06:20:00+00:00,4660.20020,4663.89990,4660.00000,4663.39990,506.0000
2026-08-27T06:25:00+00:00,4663.20020,4664.20020,4660.89990,4664.20020,341.0000
2026-08-27T06:30:00+00:00,4664.39990,4665.70020,4659.29980,4661.39990,470.0000
2026-08-27T06:35:00+00:00,4661.29980,4662.20020,4658.60010,4661.39990,349.0000
2026-08-27T06:40:00+00:00,4661.39990,4663.00000,4660.79980,4661.50000,190.0000
2026-08-27T06:45:00+00:00,4661.60010,4663.50000,4657.60010,4658.39990,390.0000
2026-08-27T06:50:00+00:00,4658.70020,4659.89990,4655.20020,4655.89990,600.0000
2026-08-27T06:55:00+00:00,4655.89990,4656.39990,4651.70020,4654.29980,819.0000
2026-08-27T07:00:00+00:00,4654.29980,4657.70020,4652.60010,4657.39990,473.0000
2026-08-27T07:05:00+00:00,4657.60010,4659.70020,4656.10010,4656.60010,542.0000
2026-08-27T07:10:00+00:00,4656.70020,4657.70020,4655.00000,4657.70020,310.0000
2026-08-27T07:15:00+00:00,4657.50000,4657.50000,4649.60010,4651.20020,525.0000
2026-08-27T07:20:00+00:00,4651.20020,4652.70020,4649.70020,4650.60010,330.0000
2026-08-27T07:25:00+00:00,4650.39990,4653.39990,4647.20020,4653.29980,1079.0000
2026-08-27T07:30:00+00:00,4653.39990,4655.10010,4648.70020,4650.20020,427.0000
2026-08-27T07:35:00+00:00,4650.29980,4652.29980,4648.70020,4650.29980,305.0000
2026-08-27T07:40:00+00:00,4650.20020,4652.10010,4649.50000,4651.50000,164.0000
2026-08-27T07:45:00+00:00,4651.79980,4653.00000,4649.70020,4651.29980,223.0000
2026-08-27T07:50:00+00:00,4651.29980,4653.39990,4649.39990,4651.60010,187.0000
2026-08-27T07:55:00+00:00,4651.70020,4656.29980,4651.70020,4653.39990,380.0000
2026-08-27T08:00:00+00:00,4654.00000,4659.89990,4653.20020,4659.00000,506.0000
2026-08-27T08:05:00+00:00,4659.10010,4660.50000,4656.10010,4657.00000,394.0000
2026-08-27T08:10:00+00:00,4656.70020,4658.29980,4656.39990,4656.79980,156.0000
2026-08-27T08:15:00+00:00,4657.20020,4659.79980,4656.29980,4657.50000,293.0000
2026-08-27T08:20:00+00:00,4657.29980,4657.29980,4653.60010,4657.00000,289.0000
2026-08-27T08:25:00+00:00,4657.10010,4657.60010,4654.29980,4654.70020,232.0000
2026-08-27T08:30:00+00:00,4654.50000,4655.29980,4652.20020,4652.29980,287.0000
2026-08-27T08:35:00+00:00,4652.29980,4653.20020,4650.50000,4651.79980,247.0000
2026-08-27T08:40:00+00:00,4651.79980,4652.39990,4647.89990,4649.20020,451.0000
2026-08-27T08:45:00+00:00,4649.20020,4652.00000,4648.89990,4651.60010,185.0000
2026-08-27T08:50:00+00:00,4651.39990,4653.20020,4651.00000,4652.70020,147.0000
2026-08-27T08:55:00+00:00,4652.79980,4655.50000,4651.89990,4652.29980,368.0000
2026-08-27T09:00:00+00:00,4652.29980,4653.79980,4646.60010,4647.50000,432.0000
2026-08-27T09:05:00+00:00,4647.70020,4650.39990,4647.10010,4649.50000,237.0000
2026-08-27T09:10:00+00:00,4649.70020,4651.89990,4648.50000,4648.70020,225.0000
2026-08-27T09:15:00+00:00,4649.00000,4650.10010,4647.89990,4648.39990,168.0000
2026-08-27T09:20:00+00:00,4648.29980,4650.20020,4648.00000,4650.00000,326.0000
2026-08-27T09:25:00+00:00,4650.00000,4652.50000,4646.79980,4650.70020,1218.0000
2026-08-27T09:30:00+00:00,4650.89990,4652.10010,4645.89990,4647.00000,1306.0000
2026-08-27T09:35:00+00:00,4647.10010,4647.29980,4631.00000,4637.70020,2462.0000
2026-08-27T09:40:00+00:00,4637.79980,4637.79980,4634.39990,4635.60010,802.0000
2026-08-27T09:45:00+00:00,4635.39990,4637.39990,4633.60010,4635.50000,532.0000
2026-08-27T09:50:00+00:00,4635.79980,4639.00000,4634.39990,4635.20020,426.0000
2026-08-27T09:55:00+00:00,4635.39990,4635.50000,4631.70020,4633.20020,812.0000
2026-08-27T10:00:00+00:00,4632.89990,4633.79980,4618.89990,4625.10010,2152.0000
2026-08-27T10:05:00+00:00,4625.00000,4629.39990,4622.39990,4629.39990,912.0000
2026-08-27T10:10:00+00:00,4629.39990,4634.70020,4629.29980,4634.39990,910.0000
2026-08-27T10:15:00+00:00,4634.00000,4636.20020,4629.89990,4633.50000,632.0000
2026-08-27T10:20:00+00:00,4633.50000,4635.29980,4632.79980,4635.00000,295.0000
2026-08-27T10:25:00+00:00,4634.70020,4635.20020,4632.79980,4633.20020,368.0000
2026-08-27T10:30:00+00:00,4632.89990,4633.50000,4631.10010,4631.79980,332.0000
2026-08-27T10:35:00+00:00,4631.79980,4632.20020,4629.20020,4629.60010,355.0000
2026-08-27T10:40:00+00:00,4629.60010,4639.10010,4628.89990,4638.60010,443.0000
2026-08-27T10:45:00+00:00,4638.60010,4640.79980,4638.39990,4639.79980,530.0000
2026-08-27T10:50:00+00:00,4639.60010,4642.20020,4638.89990,4642.00000,359.0000
2026-08-27T10:55:00+00:00,4641.89990,4643.60010,4641.20020,4643.00000,328.0000
2026-08-27T11:00:00+00:00,4643.10010,4644.29980,4640.20020,4641.89990,240.0000
2026-08-27T11:05:00+00:00,4642.00000,4644.39990,4641.79980,4644.00000,182.0000
2026-08-27T11:10:00+00:00,4643.50000,4645.70020,4642.60010,4645.50000,236.0000
2026-08-27T11:15:00+00:00,4645.39990,4645.79980,4644.20020,4645.39990,305.0000
2026-08-27T11:20:00+00:00,4645.70020,4649.70020,4645.39990,4649.50000,767.0000
2026-08-27T11:25:00+00:00,4649.79980,4650.20020,4646.00000,4647.39990,550.0000
2026-08-27T11:30:00+00:00,4647.89990,4652.29980,4647.10010,4648.89990,1154.0000
2026-08-27T11:35:00+00:00,4649.20020,4650.29980,4647.29980,4650.29980,433.0000
2026-08-27T11:40:00+00:00,4650.20020,4653.00000,4650.00000,4651.00000,463.0000
2026-08-27T11:45:00+00:00,4651.00000,4651.00000,4648.10010,4648.60010,1913.0000
2026-08-27T11:50:00+00:00,4648.70020,4653.10010,4647.89990,4653.10010,312.0000
2026-08-27T11:55:00+00:00,4653.20020,4653.70020,4650.50000,4652.29980,314.0000
2026-08-27T12:00:00+00:00,4652.00000,4654.70020,4651.39990,4652.10010,959.0000
2026-08-27T12:05:00+00:00,4651.89990,4652.29980,4647.20020,4648.60010,459.0000
2026-08-27T12:10:00+00:00,4648.50000,4649.00000,4646.00000,4646.10010,362.0000
2026-08-27T12:15:00+00:00,4646.00000,4649.60010,4645.00000,4648.10010,739.0000
2026-08-27T12:20:00+00:00,4648.20020,4654.10010,4648.20020,4649.89990,1064.0000
2026-08-27T12:25:00+00:00,4650.00000,4650.20020,4646.10010,4650.00000,405.0000
2026-08-27T12:30:00+00:00,4650.60010,4651.00000,4646.39990,4647.00000,603.0000
2026-08-27T12:35:00+00:00,4647.39990,4649.50000,4641.50000,4643.20020,1258.0000
2026-08-27T12:40:00+00:00,4642.89990,4643.89990,4640.70020,4641.00000,479.0000
2026-08-27T12:45:00+00:00,4641.00000,4641.50000,4636.50000,4637.00000,643.0000
2026-08-27T12:50:00+00:00,4636.79980,4638.29980,4633.70020,4638.20020,586.0000
2026-08-27T12:55:00+00:00,4638.10010,4641.60010,4636.70020,4639.29980,548.0000
2026-08-27T13:00:00+00:00,4639.20020,4643.60010,4633.00000,4641.79980,964.0000
2026-08-27T13:05:00+00:00,4641.50000,4644.00000,4639.10010,4639.60010,619.0000
2026-08-27T13:10:00+00:00,4639.89990,4643.39990,4637.39990,4638.50000,406.0000
2026-08-27T13:15:00+00:00,4638.20020,4642.10010,4636.00000,4638.89990,465.0000
2026-08-27T13:20:00+00:00,4639.50000,4641.60010,4638.39990,4640.39990,405.0000
2026-08-27T13:25:00+00:00,4640.79980,4646.39990,4640.00000,4643.10010,1482.0000
2026-08-27T13:30:00+00:00,4643.00000,4646.00000,4628.20020,4628.60010,2180.0000
2026-08-27T13:35:00+00:00,4628.39990,4634.20020,4626.79980,4628.50000,1212.0000
2026-08-27T13:40:00+00:00,4627.70020,4636.39990,4624.50000,4631.29980,1348.0000
2026-08-27T13:45:00+00:00,4630.70020,4632.50000,4616.00000,4629.39990,2299.0000
2026-08-27T13:50:00+00:00,4630.00000,4635.89990,4623.60010,4625.10010,1786.0000
2026-08-27T13:55:00+00:00,4625.39990,4629.20020,4624.60010,4625.89990,957.0000
2026-08-27T14:00:00+00:00,4625.60010,4629.70020,4621.70020,4629.10010,2091.0000
2026-08-27T14:05:00+00:00,4629.20020,4632.79980,4625.00000,4628.29980,1136.0000
2026-08-27T14:10:00+00:00,4628.10010,4631.39990,4625.70020,4627.60010,742.0000
2026-08-27T14:15:00+00:00,4627.00000,4636.00000,4627.00000,4632.79980,780.0000
2026-08-27T14:20:00+00:00,4633.00000,4637.89990,4628.60010,4631.60010,1414.0000
2026-08-27T14:25:00+00:00,4631.60010,4635.00000,4627.29980,4634.60010,773.0000
2026-08-27T14:30:00+00:00,4634.39990,4639.39990,4634.39990,4639.10010,1086.0000
2026-08-27T14:35:00+00:00,4639.39990,4644.60010,4639.39990,4642.60010,1338.0000
2026-08-27T14:40:00+00:00,4642.89990,4651.50000,4640.10010,4648.79980,2157.0000
2026-08-27T14:45:00+00:00,4648.89990,4652.00000,4646.10010,4647.00000,1131.0000
2026-08-27T14:50:00+00:00,4647.10010,4647.79980,4644.79980,4645.10010,606.0000
2026-08-27T14:55:00+00:00,4645.20020,4647.00000,4641.89990,4645.10010,515.0000
2026-08-27T15:00:00+00:00,4645.00000,4649.50000,4645.00000,4648.00000,606.0000
2026-08-27T15:05:00+00:00,4647.79980,4649.00000,4644.89990,4645.79980,399.0000
2026-08-27T15:10:00+00:00,4645.89990,4649.00000,4645.79980,4646.50000,290.0000
2026-08-27T15:15:00+00:00,4646.60010,4651.89990,4646.50000,4651.00000,482.0000
2026-08-27T15:20:00+00:00,4650.89990,4650.89990,4643.10010,4644.20020,567.0000
2026-08-27T15:25:00+00:00,4644.10010,4649.39990,4642.70020,4646.89990,337.0000
2026-08-27T15:30:00+00:00,4646.89990,4652.89990,4646.10010,4651.10010,512.0000
2026-08-27T15:35:00+00:00,4651.29980,4653.60010,4649.79980,4653.60010,1017.0000
2026-08-27T15:40:00+00:00,4653.70020,4660.00000,4653.29980,4655.50000,1433.0000
2026-08-27T15:45:00+00:00,4655.70020,4658.79980,4654.29980,4658.50000,450.0000
2026-08-27T15:50:00+00:00,4658.60010,4664.20020,4657.50000,4663.79980,863.0000
2026-08-27T15:55:00+00:00,4663.50000,4665.50000,4662.20020,4664.50000,941.0000
2026-08-27T16:00:00+00:00,4664.70020,4666.89990,4663.10010,4665.70020,781.0000
2026-08-27T16:05:00+00:00,4665.50000,4665.50000,4660.00000,4661.50000,551.0000
2026-08-27T16:10:00+00:00,4661.20020,4661.70020,4658.70020,4658.89990,373.0000
2026-08-27T16:15:00+00:00,4658.89990,4659.79980,4656.50000,4657.20020,416.0000
2026-08-27T16:20:00+00:00,4657.39990,4662.39990,4657.39990,4660.70020,480.0000
2026-08-27T16:25:00+00:00,4660.29980,4662.60010,4659.79980,4662.00000,240.0000
2026-08-27T16:30:00+00:00,4661.79980,4663.00000,4660.00000,4662.79980,666.0000
2026-08-27T16:35:00+00:00,4662.79980,4667.10010,4661.70020,4666.00000,704.0000
2026-08-27T16:40:00+00:00,4665.89990,4665.89990,4664.29980,4665.70020,398.0000
2026-08-27T16:45:00+00:00,4665.60010,4669.10010,4664.60010,4664.89990,644.0000
2026-08-27T16:50:00+00:00,4665.20020,4670.89990,4664.29980,4670.29980,923.0000
2026-08-27T16:55:00+00:00,4670.50000,4670.50000,4666.70020,4669.29980,395.0000
2026-08-27T17:00:00+00:00,4669.20020,4670.70020,4666.39990,4668.20020,529.0000
2026-08-27T17:05:00+00:00,4668.10010,4668.10010,4664.20020,4664.70020,439.0000
2026-08-27T17:10:00+00:00,4664.60010,4665.60010,4662.70020,4664.50000,290.0000
2026-08-27T17:15:00+00:00,4664.39990,4664.60010,4662.50000,4663.20020,231.0000
2026-08-27T17:20:00+00:00,4663.29980,4666.00000,4663.20020,4665.89990,285.0000
2026-08-27T17:25:00+00:00,4665.89990,4666.20020,4662.79980,4664.29980,876.0000
2026-08-27T17:30:00+00:00,4664.50000,4665.39990,4663.29980,4663.89990,315.0000
2026-08-27T17:35:00+00:00,4663.50000,4665.39990,4662.39990,4665.39990,189.0000
2026-08-27T17:40:00+00:00,4665.50000,4668.39990,4663.89990,4665.39990,450.0000
2026-08-27T17:45:00+00:00,4665.50000,4665.89990,4660.60010,4664.20020,443.0000
2026-08-27T17:50:00+00:00,4663.79980,4664.60010,4660.70020,4662.00000,242.0000
2026-08-27T17:55:00+00:00,4662.50000,4663.00000,4659.10010,4660.39990,544.0000
2026-08-27T18:00:00+00:00,4660.60010,4661.39990,4655.89990,4657.00000,568.0000
2026-08-27T18:05:00+00:00,4656.79980,4662.10010,4656.79980,4658.50000,341.0000
2026-08-27T18:10:00+00:00,4658.70020,4660.39990,4657.89990,4659.20020,234.0000
2026-08-27T18:15:00+00:00,4659.60010,4661.70020,4658.89990,4661.39990,168.0000
2026-08-27T18:20:00+00:00,4661.60010,4662.00000,4656.89990,4657.20020,206.0000
2026-08-27T18:25:00+00:00,4657.20020,4657.50000,4655.20020,4655.29980,375.0000
2026-08-27T18:30:00+00:00,4655.29980,4657.60010,4654.70020,4655.79980,271.0000
2026-08-27T18:35:00+00:00,4655.79980,4659.00000,4655.79980,4658.29980,164.0000
2026-08-27T18:40:00+00:00,4658.00000,4658.60010,4657.50000,4658.29980,63.0000
2026-08-27T18:45:00+00:00,4658.39990,4660.70020,4658.20020,4659.70020,209.0000
2026-08-27T18:50:00+00:00,4659.50000,4665.20020,4658.79980,4663.39990,615.0000
2026-08-27T18:55:00+00:00,4662.89990,4664.79980,4662.70020,4664.29980,147.0000
2026-08-27T19:00:00+00:00,4664.70020,4670.79980,4664.60010,4667.79980,353.0000
2026-08-27T19:05:00+00:00,4667.70020,4672.39990,4666.79980,4671.10010,605.0000
2026-08-27T19:10:00+00:00,4671.20020,4671.39990,4669.10010,4669.89990,300.0000
2026-08-27T19:15:00+00:00,4670.39990,4670.39990,4663.79980,4665.70020,347.0000
2026-08-27T19:20:00+00:00,4665.70020,4665.70020,4660.60010,4661.60010,467.0000
2026-08-27T19:25:00+00:00,4661.50000,4662.39990,4658.29980,4660.00000,316.0000
2026-08-27T19:30:00+00:00,4659.79980,4662.00000,4658.60010,4661.10010,244.0000
2026-08-27T19:35:00+00:00,4661.20020,4662.10010,4660.39990,4661.70020,111.0000
2026-08-27T19:40:00+00:00,4661.70020,4664.20020,4661.50000,4663.60010,180.0000
2026-08-27T19:45:00+00:00,4663.70020,4666.39990,4662.29980,4664.10010,246.0000
2026-08-27T19:50:00+00:00,4663.79980,4663.89990,4660.29980,4661.60010,254.0000
2026-08-27T19:55:00+00:00,4661.79980,4663.39990,4658.79980,4662.70020,504.0000
2026-08-27T20:00:00+00:00,4662.79980,4663.60010,4658.29980,4659.00000,154.0000
2026-08-27T20:05:00+00:00,4658.70020,4658.79980,4657.50000,4657.79980,142.0000
2026-08-27T20:10:00+00:00,4658.00000,4659.89990,4657.50000,4658.70020,144.0000
2026-08-27T20:15:00+00:00,4658.50000,4658.89990,4658.20020,4658.79980,31.0000
2026-08-27T20:20:00+00:00,4658.79980,4659.29980,4658.20020,4658.70020,46.0000
2026-08-27T20:25:00+00:00,4658.39990,4658.39990,4656.60010,4657.29980,68.0000
2026-08-27T20:30:00+00:00,4657.50000,4657.70020,4656.89990,4657.29980,49.0000
2026-08-27T20:35:00+00:00,4657.10010,4657.29980,4655.50000,4657.20020,74.0000
2026-08-27T20:40:00+00:00,4657.00000,4658.29980,4657.00000,4657.70020,30.0000
2026-08-27T20:45:00+00:00,4657.89990,4658.50000,4655.70020,4658.50000,133.0000
2026-08-27T20:50:00+00:00,4658.60010,4658.60010,4654.29980,4654.70020,274.0000
2026-08-27T20:55:00+00:00,4654.60010,4655.79980,4653.79980,4654.79980,119.0000
2026-08-27T22:00:00+00:00,4656.00000,4660.89990,4653.89990,4655.00000,0.0000
2026-08-27T22:05:00+00:00,4654.89990,4658.89990,4654.10010,4658.50000,50.0000
2026-08-27T22:10:00+00:00,4657.79980,4658.50000,4657.20020,4657.89990,66.0000
2026-08-27T22:15:00+00:00,4658.39990,4659.50000,4657.60010,4659.29980,104.0000
2026-08-27T22:20:00+00:00,4659.39990,4661.70020,4659.39990,4661.50000,122.0000
2026-08-27T22:25:00+00:00,4661.50000,4662.00000,4659.89990,4661.00000,169.0000
2026-08-27T22:30:00+00:00,4661.39990,4662.29980,4660.00000,4661.70020,165.0000
2026-08-27T22:35:00+00:00,4661.79980,4662.60010,4661.20020,4662.20020,95.0000
2026-08-27T22:40:00+00:00,4662.50000,4663.39990,4660.60010,4661.10010,207.0000
2026-08-27T22:45:00+00:00,4660.89990,4661.20020,4660.00000,4660.70020,96.0000
2026-08-27T22:50:00+00:00,4660.60010,4663.29980,4659.79980,4662.39990,178.0000
2026-08-27T22:55:00+00:00,4662.10010,4664.10010,4662.10010,4664.10010,80.0000
2026-08-27T23:00:00+00:00,4664.00000,4664.79980,4662.10010,4662.50000,209.0000
2026-08-27T23:05:00+00:00,4662.20020,4662.79980,4658.39990,4658.60010,405.0000
2026-08-27T23:10:00+00:00,4658.70020,4658.79980,4656.10010,4656.10010,237.0000
2026-08-27T23:15:00+00:00,4655.79980,4656.79980,4655.20020,4655.79980,114.0000
2026-08-27T23:20:00+00:00,4655.10010,4656.10010,4652.89990,4655.39990,135.0000
2026-08-27T23:25:00+00:00,4655.79980,4655.89990,4653.00000,4654.39990,92.0000
2026-08-27T23:30:00+00:00,4654.39990,4654.60010,4652.20020,4652.50000,143.0000
2026-08-27T23:35:00+00:00,4652.29980,4655.20020,4651.50000,4654.10010,437.0000
2026-08-27T23:40:00+00:00,4654.39990,4654.70020,4652.29980,4652.79980,93.0000
2026-08-27T23:45:00+00:00,4652.50000,4652.89990,4648.50000,4650.00000,316.0000
2026-08-27T23:50:00+00:00,4649.29980,4649.60010,4647.50000,4648.10010,153.0000
2026-08-27T23:55:00+00:00,4647.89990,4648.50000,4647.29980,4647.60010,92.0000
2026-08-28T00:00:00+00:00,4647.79980,4653.39990,4646.50000,4650.00000,503.0000
2026-08-28T00:05:00+00:00,4650.10010,4653.20020,4649.70020,4653.10010,132.0000
2026-08-28T00:10:00+00:00,4652.89990,4655.70020,4652.79980,4653.50000,172.0000
2026-08-28T00:15:00+00:00,4653.79980,4654.10010,4646.50000,4646.50000,213.0000
2026-08-28T00:20:00+00:00,4646.70020,4648.79980,4644.60010,4647.20020,352.0000
2026-08-28T00:25:00+00:00,4646.60010,4647.10010,4643.79980,4647.10010,189.0000
2026-08-28T00:30:00+00:00,4647.29980,4647.29980,4640.70020,4642.60010,313.0000
2026-08-28T00:35:00+00:00,4642.39990,4643.10010,4641.39990,4642.60010,156.0000
2026-08-28T00:40:00+00:00,4642.79980,4644.20020,4642.20020,4643.79980,125.0000
2026-08-28T00:45:00+00:00,4643.50000,4644.10010,4638.89990,4640.20020,249.0000
2026-08-28T00:50:00+00:00,4640.60010,4642.29980,4639.89990,4640.50000,314.0000
2026-08-28T00:55:00+00:00,4640.29980,4641.70020,4638.50000,4641.20020,125.0000
2026-08-28T01:00:00+00:00,4642.39990,4649.00000,4639.39990,4647.89990,672.0000
2026-08-28T01:05:00+00:00,4647.50000,4653.29980,4644.70020,4653.20020,424.0000
2026-08-28T01:10:00+00:00,4653.29980,4655.39990,4645.39990,4647.29980,471.0000
2026-08-28T01:15:00+00:00,4647.50000,4651.00000,4644.50000,4649.00000,353.0000
2026-08-28T01:20:00+00:00,4648.89990,4650.20020,4643.89990,4645.29980,282.0000
2026-08-28T01:25:00+00:00,4645.10010,4646.39990,4637.00000,4638.79980,569.0000
2026-08-28T01:30:00+00:00,4638.89990,4642.10010,4636.89990,4640.39990,380.0000
2026-08-28T01:35:00+00:00,4640.29980,4642.00000,4633.10010,4633.60010,478.0000
2026-08-28T01:40:00+00:00,4633.50000,4635.70020,4631.20020,4635.10010,487.0000
2026-08-28T01:45:00+00:00,4634.70020,4635.29980,4630.50000,4635.29980,286.0000
2026-08-28T01:50:00+00:00,4635.20020,4636.00000,4628.50000,4629.79980,713.0000
2026-08-28T01:55:00+00:00,4629.60010,4631.79980,4628.10010,4628.89990,184.0000
2026-08-28T02:00:00+00:00,4628.60010,4630.89990,4628.00000,4629.70020,186.0000
2026-08-28T02:05:00+00:00,4630.20020,4634.29980,4630.20020,4633.39990,238.0000
2026-08-28T02:10:00+00:00,4633.39990,4635.39990,4631.39990,4634.10010,285.0000
2026-08-28T02:15:00+00:00,4633.70020,4634.10010,4631.39990,4634.00000,116.0000
2026-08-28T02:20:00+00:00,4634.10010,4637.39990,4633.10010,4636.89990,247.0000
2026-08-28T02:25:00+00:00,4636.70020,4637.60010,4635.50000,4636.29980,170.0000
2026-08-28T02:30:00+00:00,4636.39990,4639.89990,4635.89990,4637.79980,275.0000
2026-08-28T02:35:00+00:00,4638.10010,4642.39990,4638.10010,4641.20020,219.0000
2026-08-28T02:40:00+00:00,4640.79980,4641.10010,4636.60010,4637.79980,205.0000
2026-08-28T02:45:00+00:00,4637.89990,4639.00000,4634.89990,4639.00000,280.0000
2026-08-28T02:50:00+00:00,4638.79980,4639.79980,4637.39990,4638.70020,84.0000
2026-08-28T02:55:00+00:00,4638.39990,4639.00000,4635.50000,4638.89990,207.0000
2026-08-28T03:00:00+00:00,4638.70020,4640.39990,4637.10010,4639.79980,128.0000
2026-08-28T03:05:00+00:00,4640.39990,4640.89990,4637.79980,4638.79980,134.0000
2026-08-28T03:10:00+00:00,4638.10010,4640.20020,4635.00000,4637.10010,170.0000
2026-08-28T03:15:00+00:00,4636.79980,4641.20020,4636.79980,4639.79980,235.0000
2026-08-28T03:20:00+00:00,4639.29980,4642.00000,4638.20020,4642.00000,211.0000
2026-08-28T03:25:00+00:00,4641.89990,4642.29980,4639.00000,4640.60010,164.0000
2026-08-28T03:30:00+00:00,4640.50000,4640.50000,4635.39990,4636.50000,219.0000
2026-08-28T03:35:00+00:00,4636.39990,4636.39990,4634.50000,4635.10010,130.0000
2026-08-28T03:40:00+00:00,4635.00000,4635.50000,4633.39990,4634.10010,110.0000
2026-08-28T03:45:00+00:00,4634.00000,4634.00000,4631.60010,4632.79980,138.0000
2026-08-28T03:50:00+00:00,4633.00000,4633.20020,4630.89990,4631.00000,92.0000
2026-08-28T03:55:00+00:00,4631.50000,4632.00000,4631.00000,4631.39990,55.0000
2026-08-28T04:00:00+00:00,4632.29980,4632.89990,4631.10010,4631.29980,190.0000
2026-08-28T04:05:00+00:00,4631.50000,4631.70020,4630.20020,4631.50000,100.0000
2026-08-28T04:10:00+00:00,4631.50000,4632.70020,4631.10010,4631.60010,93.0000
2026-08-28T04:15:00+00:00,4631.20020,4635.60010,4630.79980,4635.39990,289.0000
2026-08-28T04:20:00+00:00,4635.10010,4636.79980,4634.79980,4636.70020,178.0000
2026-08-28T04:25:00+00:00,4636.79980,4637.50000,4635.39990,4636.79980,103.0000
2026-08-28T04:30:00+00:00,4636.50000,4636.50000,4633.70020,4633.70020,114.0000
2026-08-28T04:35:00+00:00,4633.60010,4633.79980,4630.00000,4630.29980,156.0000
2026-08-28T04:40:00+00:00,4630.20020,4632.39990,4630.00000,4632.00000,90.0000
2026-08-28T04:45:00+00:00,4632.00000,4634.39990,4630.20020,4632.89990,127.0000
2026-08-28T04:50:00+00:00,4633.10010,4634.79980,4633.10010,4634.10010,38.0000
2026-08-28T04:55:00+00:00,4633.70020,4637.50000,4633.60010,4636.39990,136.0000
2026-08-28T05:00:00+00:00,4636.70020,4637.29980,4634.10010,4634.50000,127.0000
2026-08-28T05:05:00+00:00,4633.70020,4634.60010,4631.29980,4631.29980,141.0000
2026-08-28T05:10:00+00:00,4631.50000,4632.89990,4630.29980,4632.29980,156.0000
2026-08-28T05:15:00+00:00,4631.89990,4634.10010,4631.39990,4634.10010,122.0000
2026-08-28T05:20:00+00:00,4634.20020,4636.79980,4632.60010,4636.70020,177.0000
2026-08-28T05:25:00+00:00,4636.50000,4638.60010,4634.60010,4636.39990,221.0000
2026-08-28T05:30:00+00:00,4636.20020,4636.20020,4630.10010,4630.39990,474.0000
2026-08-28T05:35:00+00:00,4631.20020,4631.79980,4626.89990,4627.00000,423.0000
2026-08-28T05:40:00+00:00,4626.89990,4628.39990,4623.00000,4625.00000,572.0000
2026-08-28T05:45:00+00:00,4624.89990,4628.00000,4623.79980,4626.20020,184.0000
2026-08-28T05:50:00+00:00,4627.00000,4629.20020,4625.89990,4629.20020,145.0000
2026-08-28T05:55:00+00:00,4629.29980,4629.50000,4624.60010,4625.50000,210.0000
2026-08-28T06:00:00+00:00,4625.70020,4629.79980,4624.50000,4629.39990,342.0000
2026-08-28T06:05:00+00:00,4629.29980,4633.00000,4626.70020,4632.89990,243.0000
2026-08-28T06:10:00+00:00,4633.00000,4636.00000,4633.00000,4634.29980,401.0000
2026-08-28T06:15:00+00:00,4634.10010,4637.50000,4633.00000,4635.29980,299.0000
2026-08-28T06:20:00+00:00,4635.00000,4637.79980,4634.70020,4636.00000,294.0000
2026-08-28T06:25:00+00:00,4636.10010,4638.10010,4635.70020,4637.29980,165.0000
2026-08-28T06:30:00+00:00,4637.10010,4639.29980,4635.60010,4636.20020,462.0000
2026-08-28T06:35:00+00:00,4636.20020,4640.39990,4636.20020,4638.60010,233.0000
2026-08-28T06:40:00+00:00,4638.29980,4640.89990,4636.60010,4640.60010,336.0000
2026-08-28T06:45:00+00:00,4640.79980,4652.39990,4640.70020,4652.20020,965.0000
2026-08-28T06:50:00+00:00,4652.00000,4659.60010,4649.20020,4657.20020,1208.0000
2026-08-28T06:55:00+00:00,4657.00000,4666.20020,4656.70020,4665.50000,1160.0000
2026-08-28T07:00:00+00:00,4665.39990,4666.39990,4658.29980,4659.70020,946.0000
2026-08-28T07:05:00+00:00,4660.10010,4660.20020,4651.79980,4653.70020,671.0000
2026-08-28T07:10:00+00:00,4653.50000,4656.20020,4648.70020,4653.50000,914.0000
2026-08-28T07:15:00+00:00,4653.29980,4659.29980,4652.10010,4658.60010,472.0000
2026-08-28T07:20:00+00:00,4658.89990,4662.89990,4658.60010,4660.10010,564.0000
2026-08-28T07:25:00+00:00,4660.60010,4662.60010,4659.60010,4659.89990,189.0000
2026-08-28T07:30:00+00:00,4660.39990,4664.70020,4660.10010,4664.50000,375.0000
2026-08-28T07:35:00+00:00,4664.39990,4667.39990,4662.70020,4663.50000,613.0000
2026-08-28T07:40:00+00:00,4663.29980,4663.70020,4661.00000,4662.29980,278.0000
2026-08-28T07:45:00+00:00,4662.10010,4664.50000,4660.39990,4663.20020,386.0000
2026-08-28T07:50:00+00:00,4663.70020,4666.10010,4663.00000,4664.60010,631.0000
2026-08-28T07:55:00+00:00,4664.79980,4666.60010,4662.89990,4665.00000,200.0000
2026-08-28T08:00:00+00:00,4664.89990,4667.70020,4663.70020,4665.60010,442.0000
2026-08-28T08:05:00+00:00,4665.89990,4666.29980,4663.20020,4665.10010,202.0000
2026-08-28T08:10:00+00:00,4664.89990,4666.29980,4664.29980,4665.10010,197.0000
2026-08-28T08:15:00+00:00,4665.29980,4665.50000,4662.00000,4662.60010,313.0000
2026-08-28T08:20:00+00:00,4662.60010,4664.89990,4661.29980,4664.50000,359.0000
2026-08-28T08:25:00+00:00,4664.39990,4664.79980,4662.29980,4662.29980,251.0000
2026-08-28T08:30:00+00:00,4662.70020,4665.10010,4661.50000,4663.29980,186.0000
2026-08-28T08:35:00+00:00,4663.39990,4665.10010,4660.10010,4660.89990,249.0000
2026-08-28T08:40:00+00:00,4660.79980,4661.20020,4657.00000,4657.10010,356.0000
2026-08-28T08:45:00+00:00,4657.10010,4657.29980,4654.29980,4655.50000,434.0000
2026-08-28T08:50:00+00:00,4655.60010,4659.89990,4655.29980,4658.20020,396.0000
2026-08-28T08:55:00+00:00,4658.29980,4658.79980,4654.29980,4656.29980,387.0000
2026-08-28T09:00:00+00:00,4656.39990,4657.89990,4655.70020,4657.89990,200.0000
2026-08-28T09:05:00+00:00,4657.79980,4657.79980,4654.70020,4655.39990,171.0000
2026-08-28T09:10:00+00:00,4655.00000,4656.50000,4654.29980,4655.29980,122.0000
2026-08-28T09:15:00+00:00,4655.00000,4656.10010,4653.50000,4655.60010,232.0000
2026-08-28T09:20:00+00:00,4656.10010,4657.70020,4654.10010,4656.60010,319.0000
2026-08-28T09:25:00+00:00,4656.70020,4656.79980,4654.00000,4655.50000,251.0000
2026-08-28T09:30:00+00:00,4655.20020,4657.89990,4655.10010,4656.00000,423.0000
2026-08-28T09:35:00+00:00,4656.10010,4658.70020,4654.60010,4657.39990,295.0000
2026-08-28T09:40:00+00:00,4657.00000,4658.60010,4655.60010,4657.70020,299.0000
2026-08-28T09:45:00+00:00,4657.60010,4659.00000,4656.70020,4658.00000,128.0000
2026-08-28T09:50:00+00:00,4658.39990,4660.79980,4658.20020,4660.79980,244.0000
2026-08-28T09:55:00+00:00,4660.79980,4661.39990,4658.70020,4658.70020,220.0000
2026-08-28T10:00:00+00:00,4658.79980,4660.10010,4657.00000,4659.29980,185.0000
2026-08-28T10:05:00+00:00,4659.29980,4661.10010,4659.20020,4661.00000,140.0000
2026-08-28T10:10:00+00:00,4661.10010,4662.79980,4660.50000,4662.20020,327.0000
2026-08-28T10:15:00+00:00,4662.39990,4663.50000,4657.89990,4658.00000,541.0000
2026-08-28T10:20:00+00:00,4657.79980,4658.00000,4656.00000,4657.20020,266.0000
2026-08-28T10:25:00+00:00,4657.50000,4658.60010,4655.00000,4658.50000,326.0000
2026-08-28T10:30:00+00:00,4658.70020,4661.20020,4658.50000,4660.60010,312.0000
2026-08-28T10:35:00+00:00,4660.50000,4660.50000,4656.20020,4657.00000,116.0000
2026-08-28T10:40:00+00:00,4657.20020,4657.50000,4655.00000,4656.00000,104.0000
2026-08-28T10:45:00+00:00,4655.79980,4656.50000,4652.79980,4654.39990,238.0000
2026-08-28T10:50:00+00:00,4654.20020,4654.39990,4650.29980,4651.20020,618.0000
2026-08-28T10:55:00+00:00,4651.20020,4653.29980,4650.89990,4653.10010,177.0000
2026-08-28T11:00:00+00:00,4653.10010,4654.20020,4650.20020,4651.70020,429.0000
2026-08-28T11:05:00+00:00,4651.60010,4651.79980,4647.70020,4648.50000,597.0000
2026-08-28T11:10:00+00:00,4648.50000,4651.29980,4647.79980,4651.29980,273.0000
2026-08-28T11:15:00+00:00,4651.29980,4653.89990,4651.00000,4652.60010,270.0000
2026-08-28T11:20:00+00:00,4652.50000,4652.89990,4650.60010,4652.70020,137.0000
2026-08-28T11:25:00+00:00,4653.29980,4653.60010,4650.20020,4651.39990,158.0000
2026-08-28T11:30:00+00:00,4651.39990,4653.39990,4650.50000,4651.00000,215.0000
2026-08-28T11:35:00+00:00,4651.00000,4651.39990,4646.00000,4646.10010,803.0000
2026-08-28T11:40:00+00:00,4646.10010,4647.39990,4643.60010,4647.20020,866.0000
2026-08-28T11:45:00+00:00,4647.00000,4648.60010,4645.79980,4647.10010,218.0000
2026-08-28T11:50:00+00:00,4647.10010,4648.50000,4646.10010,4647.10010,141.0000
2026-08-28T11:55:00+00:00,4646.79980,4646.89990,4644.00000,4645.60010,338.0000
2026-08-28T12:00:00+00:00,4645.60010,4648.10010,4643.20020,4646.89990,477.0000
2026-08-28T12:05:00+00:00,4647.00000,4648.10010,4644.29980,4646.60010,342.0000
2026-08-28T12:10:00+00:00,4646.50000,4649.29980,4644.70020,4646.89990,427.0000
2026-08-28T12:15:00+00:00,4647.00000,4648.29980,4644.50000,4647.00000,353.0000
2026-08-28T12:20:00+00:00,4647.00000,4654.29980,4646.60010,4654.10010,825.0000
2026-08-28T12:25:00+00:00,4654.10010,4656.39990,4653.00000,4654.50000,497.0000
2026-08-28T12:30:00+00:00,4654.29980,4655.00000,4644.39990,4645.79980,953.0000
2026-08-28T12:35:00+00:00,4646.20020,4646.20020,4641.20020,4641.50000,835.0000
2026-08-28T12:40:00+00:00,4641.70020,4645.00000,4641.70020,4644.10010,437.0000
2026-08-28T12:45:00+00:00,4644.10010,4647.79980,4642.60010,4646.39990,531.0000
2026-08-28T12:50:00+00:00,4646.50000,4649.70020,4644.29980,4648.79980,478.0000
2026-08-28T12:55:00+00:00,4648.79980,4655.20020,4648.79980,4654.10010,676.0000
2026-08-28T13:00:00+00:00,4654.20020,4656.00000,4648.60010,4651.89990,852.0000
2026-08-28T13:05:00+00:00,4651.79980,4657.70020,4651.29980,4652.70020,827.0000
2026-08-28T13:10:00+00:00,4652.79980,4653.29980,4650.00000,4651.29980,598.0000
2026-08-28T13:15:00+00:00,4651.50000,4652.29980,4645.89990,4651.00000,723.0000
2026-08-28T13:20:00+00:00,4650.60010,4653.20020,4648.39990,4653.20020,536.0000
2026-08-28T13:25:00+00:00,4653.00000,4656.70020,4651.89990,4656.29980,905.0000
2026-08-28T13:30:00+00:00,4656.10010,4658.00000,4651.10010,4657.29980,991.0000
2026-08-28T13:35:00+00:00,4657.10010,4659.70020,4653.20020,4658.20020,975.0000
2026-08-28T13:40:00+00:00,4658.50000,4660.29980,4654.10010,4657.00000,661.0000
2026-08-28T13:45:00+00:00,4657.29980,4664.89990,4657.10010,4662.39990,1541.0000
2026-08-28T13:50:00+00:00,4662.20020,4664.70020,4659.70020,4662.70020,915.0000
2026-08-28T13:55:00+00:00,4662.79980,4680.79980,4655.20020,4657.50000,3444.0000
2026-08-28T14:00:00+00:00,4657.39990,4688.00000,4626.29980,4630.10010,11458.0000
2026-08-28T14:05:00+00:00,4630.70020,4633.79980,4600.39990,4626.10010,11324.0000
2026-08-28T14:10:00+00:00,4625.50000,4626.29980,4594.60010,4597.50000,9156.0000
2026-08-28T14:15:00+00:00,4597.70020,4618.50000,4596.29980,4605.89990,6338.0000
2026-08-28T14:20:00+00:00,4605.50000,4620.50000,4600.00000,4609.60010,4264.0000
2026-08-28T14:25:00+00:00,4609.50000,4611.29980,4580.20020,4603.20020,11198.0000
2026-08-28T14:30:00+00:00,4603.50000,4622.00000,4603.00000,4621.89990,5533.0000
2026-08-28T14:35:00+00:00,4621.60010,4629.20020,4617.20020,4617.29980,4350.0000
2026-08-28T14:40:00+00:00,4617.60010,4621.20020,4609.70020,4613.20020,2844.0000
2026-08-28T14:45:00+00:00,4613.10010,4614.79980,4603.00000,4604.20020,2686.0000
2026-08-28T14:50:00+00:00,4604.10010,4622.89990,4601.70020,4622.60010,2909.0000
2026-08-28T14:55:00+00:00,4622.89990,4633.00000,4621.70020,4629.00000,3036.0000
2026-08-28T15:00:00+00:00,4629.29980,4636.10010,4624.79980,4633.10010,4710.0000
2026-08-28T15:05:00+00:00,4633.20020,4634.79980,4625.00000,4626.10010,1915.0000
2026-08-28T15:10:00+00:00,4625.70020,4626.89990,4609.50000,4611.60010,2945.0000
2026-08-28T15:15:00+00:00,4611.70020,4617.00000,4606.10010,4607.20020,2072.0000
2026-08-28T15:20:00+00:00,4607.29980,4617.60010,4603.50000,4617.20020,2675.0000
2026-08-28T15:25:00+00:00,4617.00000,4620.70020,4610.50000,4618.79980,2362.0000
2026-08-28T15:30:00+00:00,4619.00000,4619.70020,4607.20020,4609.89990,1817.0000
2026-08-28T15:35:00+00:00,4610.00000,4615.29980,4599.60010,4600.29980,2217.0000
2026-08-28T15:40:00+00:00,4600.29980,4601.00000,4586.50000,4590.79980,3467.0000
2026-08-28T15:45:00+00:00,4591.60010,4598.10010,4583.60010,4588.10010,2499.0000
2026-08-28T15:50:00+00:00,4588.00000,4597.89990,4586.50000,4591.70020,2408.0000
2026-08-28T15:55:00+00:00,4591.79980,4593.00000,4574.79980,4575.70020,5312.0000
2026-08-28T16:00:00+00:00,4575.89990,4580.89990,4570.79980,4572.00000,3115.0000
2026-08-28T16:05:00+00:00,4571.60010,4571.70020,4559.39990,4559.70020,5562.0000
2026-08-28T16:10:00+00:00,4559.70020,4566.70020,4548.00000,4549.29980,4308.0000
2026-08-28T16:15:00+00:00,4549.10010,4555.00000,4532.79980,4533.10010,5941.0000
2026-08-28T16:20:00+00:00,4533.20020,4535.20020,4515.29980,4519.79980,7444.0000
2026-08-28T16:25:00+00:00,4519.70020,4532.79980,4516.00000,4531.60010,4328.0000
2026-08-28T16:30:00+00:00,4531.60010,4538.29980,4521.50000,4524.39990,4181.0000
2026-08-28T16:35:00+00:00,4524.39990,4536.60010,4523.79980,4535.39990,2607.0000
2026-08-28T16:40:00+00:00,4535.39990,4537.10010,4516.70020,4519.60010,2168.0000
2026-08-28T16:45:00+00:00,4519.79980,4532.50000,4519.50000,4532.39990,1802.0000
2026-08-28T16:50:00+00:00,4532.39990,4535.89990,4530.60010,4531.29980,1339.0000
2026-08-28T16:55:00+00:00,4531.60010,4533.29980,4525.79980,4529.89990,1324.0000
2026-08-28T17:00:00+00:00,4530.10010,4531.20020,4523.39990,4526.10010,2000.0000
2026-08-28T17:05:00+00:00,4526.39990,4533.60010,4525.39990,4530.89990,908.0000
2026-08-28T17:10:00+00:00,4530.70020,4531.29980,4521.89990,4531.29980,1390.0000
2026-08-28T17:15:00+00:00,4531.29980,4532.50000,4525.39990,4531.20020,979.0000
2026-08-28T17:20:00+00:00,4531.29980,4537.20020,4530.29980,4535.60010,1920.0000
2026-08-28T17:25:00+00:00,4535.70020,4536.79980,4526.20020,4528.39990,3606.0000
2026-08-28T17:30:00+00:00,4528.50000,4531.60010,4523.89990,4528.89990,1489.0000
2026-08-28T17:35:00+00:00,4529.29980,4532.10010,4521.10010,4522.00000,1258.0000
2026-08-28T17:40:00+00:00,4522.00000,4525.20020,4510.50000,4517.50000,2456.0000
2026-08-28T17:45:00+00:00,4517.29980,4526.10010,4516.79980,4524.89990,2067.0000
2026-08-28T17:50:00+00:00,4524.29980,4525.89990,4521.89990,4523.00000,540.0000
2026-08-28T17:55:00+00:00,4522.70020,4522.89990,4516.70020,4519.70020,1769.0000
2026-08-28T18:00:00+00:00,4519.70020,4521.89990,4510.20020,4510.89990,1858.0000
2026-08-28T18:05:00+00:00,4511.10010,4516.79980,4509.50000,4511.89990,2392.0000
2026-08-28T18:10:00+00:00,4511.89990,4515.00000,4509.70020,4511.10010,890.0000
2026-08-28T18:15:00+00:00,4511.10010,4512.89990,4503.60010,4508.79980,2557.0000
2026-08-28T18:20:00+00:00,4508.60010,4513.50000,4502.70020,4503.79980,1345.0000
2026-08-28T18:25:00+00:00,4503.60010,4513.00000,4502.39990,4506.20020,889.0000
2026-08-28T18:30:00+00:00,4505.89990,4508.50000,4501.60010,4506.70020,903.0000
2026-08-28T18:35:00+00:00,4506.60010,4506.89990,4501.20020,4502.50000,922.0000
2026-08-28T18:40:00+00:00,4502.39990,4505.00000,4495.00000,4501.00000,2186.0000
2026-08-28T18:45:00+00:00,4500.50000,4504.70020,4498.00000,4503.00000,563.0000
2026-08-28T18:50:00+00:00,4503.10010,4506.29980,4501.20020,4503.70020,544.0000
2026-08-28T18:55:00+00:00,4503.89990,4507.89990,4502.00000,4506.50000,549.0000
2026-08-28T19:00:00+00:00,4506.50000,4511.79980,4502.39990,4507.70020,1396.0000
2026-08-28T19:05:00+00:00,4507.50000,4512.60010,4506.60010,4511.50000,523.0000
2026-08-28T19:10:00+00:00,4511.70020,4511.89990,4504.10010,4506.70020,567.0000
2026-08-28T19:15:00+00:00,4506.50000,4510.20020,4504.70020,4509.70020,415.0000
2026-08-28T19:20:00+00:00,4509.60010,4511.60010,4507.20020,4508.60010,357.0000
2026-08-28T19:25:00+00:00,4509.29980,4513.20020,4509.29980,4512.00000,426.0000
2026-08-28T19:30:00+00:00,4511.60010,4514.60010,4510.79980,4512.89990,515.0000
2026-08-28T19:35:00+00:00,4512.10010,4517.20020,4511.60010,4516.10010,815.0000
2026-08-28T19:40:00+00:00,4516.10010,4516.39990,4514.00000,4514.60010,546.0000
2026-08-28T19:45:00+00:00,4514.39990,4514.39990,4504.50000,4506.89990,979.0000
2026-08-28T19:50:00+00:00,4506.79980,4509.10010,4502.29980,4506.10010,852.0000
2026-08-28T19:55:00+00:00,4506.10010,4510.70020,4505.20020,4507.89990,912.0000
2026-08-28T20:00:00+00:00,4507.89990,4512.29980,4504.89990,4510.00000,875.0000
2026-08-28T20:05:00+00:00,4510.00000,4511.20020,4509.39990,4510.10010,234.0000
2026-08-28T20:10:00+00:00,4510.00000,4511.20020,4507.00000,4507.50000,290.0000
2026-08-28T20:15:00+00:00,4507.70020,4510.20020,4507.50000,4507.89990,131.0000
2026-08-28T20:20:00+00:00,4507.79980,4507.79980,4503.20020,4504.00000,167.0000
2026-08-28T20:25:00+00:00,4504.00000,4507.60010,4503.39990,4507.39990,114.0000
2026-08-28T20:30:00+00:00,4507.50000,4507.50000,4505.10010,4505.79980,211.0000
2026-08-28T20:35:00+00:00,4505.60010,4506.79980,4504.79980,4505.20020,84.0000
2026-08-28T20:40:00+00:00,4505.20020,4506.60010,4503.39990,4506.60010,163.0000
2026-08-28T20:45:00+00:00,4507.00000,4509.50000,4505.60010,4509.00000,235.0000
2026-08-28T20:50:00+00:00,4508.89990,4509.50000,4503.00000,4503.70020,323.0000
2026-08-28T20:55:00+00:00,4504.00000,4529.89990,4502.70020,4529.89990,324.0000
2026-08-30T22:10:00+00:00,4506.29980,4510.00000,4505.00000,4509.20020,561.0000
2026-08-30T22:15:00+00:00,4508.79980,4513.50000,4506.20020,4511.60010,408.0000
2026-08-30T22:20:00+00:00,4511.79980,4515.89990,4510.39990,4512.00000,568.0000
2026-08-30T22:25:00+00:00,4512.00000,4515.60010,4507.39990,4509.20020,1015.0000
2026-08-30T22:30:00+00:00,4509.00000,4509.10010,4502.20020,4502.70020,426.0000
2026-08-30T22:35:00+00:00,4502.70020,4511.00000,4502.50000,4509.60010,355.0000
2026-08-30T22:40:00+00:00,4509.89990,4512.00000,4505.89990,4507.29980,335.0000
2026-08-30T22:45:00+00:00,4507.20020,4510.00000,4506.39990,4509.10010,234.0000
2026-08-30T22:50:00+00:00,4509.00000,4509.50000,4507.89990,4508.20020,64.0000
2026-08-30T22:55:00+00:00,4508.10010,4512.00000,4508.10010,4510.89990,345.0000
2026-08-30T23:00:00+00:00,4510.79980,4512.29980,4508.79980,4511.89990,211.0000
2026-08-30T23:05:00+00:00,4511.39990,4516.60010,4511.39990,4514.60010,306.0000
2026-08-30T23:10:00+00:00,4514.20020,4514.70020,4509.00000,4509.79980,324.0000
2026-08-30T23:15:00+00:00,4509.89990,4513.00000,4509.20020,4512.50000,191.0000
2026-08-30T23:20:00+00:00,4512.39990,4514.39990,4508.00000,4508.89990,348.0000
2026-08-30T23:25:00+00:00,4508.60010,4508.89990,4503.89990,4506.79980,587.0000
2026-08-30T23:30:00+00:00,4506.39990,4507.00000,4500.20020,4504.20020,588.0000
2026-08-30T23:35:00+00:00,4503.50000,4503.60010,4499.29980,4499.60010,209.0000
2026-08-30T23:40:00+00:00,4499.50000,4500.29980,4495.70020,4496.50000,489.0000
2026-08-30T23:45:00+00:00,4496.20020,4496.20020,4485.20020,4488.79980,1139.0000
2026-08-30T23:50:00+00:00,4489.20020,4497.29980,4489.10010,4496.89990,525.0000
2026-08-30T23:55:00+00:00,4497.10010,4509.60010,4497.00000,4507.79980,732.0000
2026-08-31T00:00:00+00:00,4507.79980,4511.20020,4502.39990,4507.29980,751.0000
2026-08-31T00:05:00+00:00,4507.29980,4509.20020,4503.60010,4506.00000,301.0000
2026-08-31T00:10:00+00:00,4506.00000,4512.89990,4504.20020,4511.29980,551.0000
2026-08-31T00:15:00+00:00,4511.00000,4514.60010,4508.79980,4509.29980,372.0000
2026-08-31T00:20:00+00:00,4509.00000,4510.20020,4505.60010,4506.70020,207.0000
2026-08-31T00:25:00+00:00,4507.29980,4507.50000,4501.39990,4505.70020,306.0000
2026-08-31T00:30:00+00:00,4506.20020,4515.39990,4506.20020,4511.70020,479.0000
2026-08-31T00:35:00+00:00,4511.60010,4520.10010,4511.60010,4519.50000,511.0000
2026-08-31T00:40:00+00:00,4519.50000,4521.50000,4513.20020,4514.50000,509.0000
2026-08-31T00:45:00+00:00,4514.50000,4518.29980,4513.70020,4514.89990,357.0000
2026-08-31T00:50:00+00:00,4515.10010,4515.79980,4511.89990,4515.60010,229.0000
2026-08-31T00:55:00+00:00,4515.29980,4516.00000,4505.50000,4505.70020,528.0000
2026-08-31T01:00:00+00:00,4505.79980,4512.39990,4487.60010,4511.39990,2332.0000
2026-08-31T01:05:00+00:00,4511.60010,4512.20020,4488.29980,4489.10010,1173.0000
2026-08-31T01:10:00+00:00,4488.70020,4494.10010,4485.29980,4493.29980,952.0000
2026-08-31T01:15:00+00:00,4492.79980,4501.70020,4491.79980,4501.70020,732.0000
2026-08-31T01:20:00+00:00,4501.20020,4503.50000,4493.70020,4499.10010,605.0000
2026-08-31T01:25:00+00:00,4498.20020,4498.79980,4492.20020,4493.50000,386.0000
2026-08-31T01:30:00+00:00,4493.00000,4499.29980,4485.60010,4490.60010,615.0000
2026-08-31T01:35:00+00:00,4490.29980,4499.79980,4488.50000,4498.39990,848.0000
2026-08-31T01:40:00+00:00,4498.10010,4503.10010,4492.39990,4500.20020,507.0000
2026-08-31T01:45:00+00:00,4500.20020,4501.89990,4486.39990,4486.39990,1076.0000
2026-08-31T01:50:00+00:00,4486.29980,4493.29980,4485.00000,4493.29980,489.0000
2026-08-31T01:55:00+00:00,4493.70020,4495.79980,4488.50000,4489.60010,521.0000
2026-08-31T02:00:00+00:00,4489.10010,4490.70020,4466.00000,4476.00000,3370.0000
2026-08-31T02:05:00+00:00,4476.39990,4483.60010,4474.60010,4477.89990,862.0000
2026-08-31T02:10:00+00:00,4478.29980,4482.00000,4472.39990,4474.00000,761.0000
2026-08-31T02:15:00+00:00,4473.89990,4474.29980,4467.50000,4471.00000,729.0000
2026-08-31T02:20:00+00:00,4471.39990,4476.70020,4470.60010,4476.70020,315.0000
2026-08-31T02:25:00+00:00,4476.50000,4477.20020,4472.20020,4472.39990,374.0000
2026-08-31T02:30:00+00:00,4472.10010,4475.70020,4460.39990,4461.20020,1447.0000
2026-08-31T02:35:00+00:00,4461.00000,4461.79980,4453.10010,4457.60010,1778.0000
2026-08-31T02:40:00+00:00,4456.10010,4457.29980,4451.20020,4452.10010,1089.0000
2026-08-31T02:45:00+00:00,4452.10010,4456.39990,4445.60010,4450.79980,1181.0000
2026-08-31T02:50:00+00:00,4451.10010,4466.60010,4448.79980,4466.10010,1124.0000
2026-08-31T02:55:00+00:00,4465.89990,4472.39990,4465.79980,4472.29980,513.0000
2026-08-31T03:00:00+00:00,4472.29980,4476.70020,4471.10010,4471.60010,703.0000
2026-08-31T03:05:00+00:00,4471.89990,4476.10010,4471.20020,4475.00000,424.0000
2026-08-31T03:10:00+00:00,4474.89990,4477.79980,4473.79980,4477.79980,322.0000
2026-08-31T03:15:00+00:00,4478.00000,4482.00000,4477.39990,4477.70020,607.0000
2026-08-31T03:20:00+00:00,4477.70020,4483.60010,4477.00000,4480.89990,485.0000
2026-08-31T03:25:00+00:00,4480.70020,4481.29980,4476.00000,4477.29980,512.0000
2026-08-31T03:30:00+00:00,4477.20020,4477.29980,4473.10010,4473.10010,338.0000
2026-08-31T03:35:00+00:00,4473.20020,4474.79980,4469.50000,4470.50000,417.0000
2026-08-31T03:40:00+00:00,4470.20020,4473.60010,4470.10010,4472.29980,197.0000
2026-08-31T03:45:00+00:00,4472.50000,4474.79980,4472.50000,4473.70020,203.0000
2026-08-31T03:50:00+00:00,4473.89990,4476.79980,4473.60010,4474.20020,199.0000
2026-08-31T03:55:00+00:00,4474.00000,4474.10010,4471.10010,4472.00000,156.0000
2026-08-31T04:00:00+00:00,4472.29980,4472.29980,4468.00000,4468.00000,234.0000
2026-08-31T04:05:00+00:00,4468.29980,4468.60010,4466.39990,4468.00000,271.0000
2026-08-31T04:10:00+00:00,4467.60010,4472.50000,4466.60010,4471.10010,844.0000
2026-08-31T04:15:00+00:00,4471.20020,4471.29980,4467.79980,4468.00000,223.0000
2026-08-31T04:20:00+00:00,4468.79980,4469.20020,4465.50000,4467.79980,188.0000
2026-08-31T04:25:00+00:00,4468.39990,4470.50000,4465.50000,4465.50000,133.0000
2026-08-31T04:30:00+00:00,4465.50000,4466.20020,4462.50000,4466.20020,436.0000
2026-08-31T04:35:00+00:00,4466.29980,4471.89990,4465.50000,4470.20020,318.0000
2026-08-31T04:40:00+00:00,4470.20020,4470.20020,4467.00000,4469.89990,166.0000
2026-08-31T04:45:00+00:00,4470.10010,4471.50000,4469.10010,4469.10010,154.0000
2026-08-31T04:50:00+00:00,4469.10010,4471.10010,4468.60010,4470.50000,123.0000
2026-08-31T04:55:00+00:00,4470.70020,4475.00000,4469.29980,4474.60010,380.0000
2026-08-31T05:00:00+00:00,4474.60010,4477.00000,4472.20020,4473.70020,491.0000
2026-08-31T05:05:00+00:00,4473.29980,4473.89990,4469.20020,4470.10010,332.0000
2026-08-31T05:10:00+00:00,4470.20020,4475.20020,4469.60010,4473.00000,223.0000
2026-08-31T05:15:00+00:00,4472.60010,4477.39990,4472.00000,4477.10010,261.0000
2026-08-31T05:20:00+00:00,4478.10010,4484.20020,4478.10010,4483.60010,410.0000
2026-08-31T05:25:00+00:00,4483.50000,4490.50000,4482.29980,4489.89990,503.0000
2026-08-31T05:30:00+00:00,4490.29980,4491.89990,4480.39990,4482.70020,870.0000
2026-08-31T05:35:00+00:00,4482.29980,4486.20020,4481.60010,4483.10010,261.0000
2026-08-31T05:40:00+00:00,4484.10010,4488.60010,4482.60010,4486.60010,298.0000
2026-08-31T05:45:00+00:00,4487.10010,4491.00000,4485.00000,4485.00000,732.0000
2026-08-31T05:50:00+00:00,4485.00000,4488.89990,4483.89990,4487.20020,300.0000
2026-08-31T05:55:00+00:00,4487.10010,4493.50000,4484.89990,4492.70020,324.0000
2026-08-31T06:00:00+00:00,4492.70020,4493.00000,4482.29980,4482.79980,538.0000
2026-08-31T06:05:00+00:00,4482.89990,4482.89990,4478.89990,4481.89990,391.0000
2026-08-31T06:10:00+00:00,4481.70020,4485.00000,4481.70020,4482.00000,263.0000
2026-08-31T06:15:00+00:00,4482.29980,4488.20020,4481.20020,4487.79980,552.0000
2026-08-31T06:20:00+00:00,4487.60010,4489.00000,4484.70020,4487.70020,730.0000
2026-08-31T06:25:00+00:00,4487.89990,4488.00000,4484.60010,4486.00000,222.0000
2026-08-31T06:30:00+00:00,4485.70020,4486.89990,4481.29980,4484.10010,245.0000
2026-08-31T06:35:00+00:00,4484.10010,4491.00000,4483.89990,4490.00000,402.0000
2026-08-31T06:40:00+00:00,4490.29980,4491.10010,4488.70020,4489.50000,222.0000
2026-08-31T06:45:00+00:00,4489.50000,4493.00000,4488.70020,4491.79980,279.0000
2026-08-31T06:50:00+00:00,4491.60010,4491.60010,4487.39990,4490.50000,251.0000
2026-08-31T06:55:00+00:00,4489.50000,4489.89990,4486.70020,4489.39990,176.0000
2026-08-31T07:00:00+00:00,4489.20020,4490.50000,4487.10010,4489.50000,264.0000
2026-08-31T07:05:00+00:00,4489.39990,4491.60010,4486.50000,4487.60010,317.0000
2026-08-31T07:10:00+00:00,4487.50000,4489.70020,4485.50000,4485.89990,202.0000
2026-08-31T07:15:00+00:00,4486.00000,4491.20020,4485.00000,4489.20020,794.0000
2026-08-31T07:20:00+00:00,4489.20020,4495.70020,4488.60010,4495.00000,381.0000
2026-08-31T07:25:00+00:00,4495.39990,4498.50000,4493.79980,4494.10010,775.0000
2026-08-31T07:30:00+00:00,4494.10010,4496.79980,4491.29980,4494.29980,459.0000
2026-08-31T07:35:00+00:00,4494.20020,4495.00000,4492.10010,4493.29980,230.0000
2026-08-31T07:40:00+00:00,4493.39990,4497.29980,4491.89990,4496.70020,262.0000
2026-08-31T07:45:00+00:00,4496.89990,4498.20020,4493.50000,4494.89990,258.0000
2026-08-31T07:50:00+00:00,4494.79980,4495.00000,4492.29980,4493.89990,272.0000
2026-08-31T07:55:00+00:00,4494.20020,4495.20020,4490.89990,4493.29980,243.0000
2026-08-31T08:00:00+00:00,4493.29980,4499.70020,4493.00000,4498.60010,505.0000
2026-08-31T08:05:00+00:00,4498.60010,4498.79980,4492.00000,4493.10010,395.0000
2026-08-31T08:10:00+00:00,4492.50000,4492.89990,4487.10010,4489.10010,347.0000
2026-08-31T08:15:00+00:00,4489.00000,4490.60010,4486.20020,4490.00000,342.0000
2026-08-31T08:20:00+00:00,4490.00000,4490.39990,4487.79980,4487.79980,184.0000
2026-08-31T08:25:00+00:00,4487.79980,4491.39990,4487.79980,4490.50000,293.0000
2026-08-31T08:30:00+00:00,4490.20020,4490.20020,4485.79980,4485.89990,245.0000
2026-08-31T08:35:00+00:00,4486.29980,4488.20020,4485.39990,4486.89990,156.0000
2026-08-31T08:40:00+00:00,4486.60010,4487.50000,4484.39990,4485.50000,188.0000
2026-08-31T08:45:00+00:00,4485.39990,4487.00000,4484.50000,4486.50000,367.0000
2026-08-31T08:50:00+00:00,4486.60010,4487.00000,4483.89990,4484.29980,249.0000
2026-08-31T08:55:00+00:00,4484.39990,4486.20020,4484.39990,4485.60010,116.0000
2026-08-31T09:00:00+00:00,4485.79980,4489.20020,4485.70020,4488.89990,282.0000
2026-08-31T09:05:00+00:00,4489.20020,4491.60010,4486.60010,4486.79980,373.0000
2026-08-31T09:10:00+00:00,4486.79980,4493.10010,4485.89990,4493.10010,444.0000
2026-08-31T09:15:00+00:00,4493.29980,4494.50000,4491.00000,4491.10010,213.0000
2026-08-31T09:20:00+00:00,4491.20020,4491.70020,4488.70020,4489.70020,176.0000
2026-08-31T09:25:00+00:00,4489.70020,4490.20020,4488.00000,4489.50000,157.0000
2026-08-31T09:30:00+00:00,4489.60010,4494.79980,4489.29980,4494.60010,474.0000
2026-08-31T09:35:00+00:00,4494.79980,4495.20020,4491.70020,4492.00000,181.0000
2026-08-31T09:40:00+00:00,4492.50000,4493.89990,4491.29980,4493.70020,132.0000
2026-08-31T09:45:00+00:00,4493.70020,4495.39990,4493.00000,4493.79980,146.0000
2026-08-31T09:50:00+00:00,4493.60010,4494.70020,4491.79980,4494.60010,254.0000
2026-08-31T09:55:00+00:00,4494.00000,4496.00000,4493.00000,4496.00000,93.0000
2026-08-31T10:00:00+00:00,4495.89990,4498.10010,4495.20020,4498.10010,207.0000
2026-08-31T10:05:00+00:00,4498.10010,4504.20020,4497.60010,4499.00000,801.0000
2026-08-31T10:10:00+00:00,4498.89990,4502.29980,4496.70020,4502.00000,317.0000
2026-08-31T10:15:00+00:00,4502.39990,4502.79980,4496.79980,4498.50000,432.0000
2026-08-31T10:20:00+00:00,4499.10010,4500.29980,4497.89990,4497.89990,181.0000
2026-08-31T10:25:00+00:00,4498.00000,4499.79980,4497.29980,4499.10010,213.0000
2026-08-31T10:30:00+00:00,4499.20020,4501.29980,4498.50000,4499.50000,253.0000
2026-08-31T10:35:00+00:00,4499.20020,4502.00000,4498.79980,4500.60010,293.0000
2026-08-31T10:40:00+00:00,4500.60010,4502.89990,4499.29980,4501.70020,199.0000
2026-08-31T10:45:00+00:00,4501.89990,4502.20020,4500.20020,4501.70020,244.0000
2026-08-31T10:50:00+00:00,4501.60010,4506.70020,4501.60010,4504.79980,456.0000
2026-08-31T10:55:00+00:00,4504.70020,4506.60010,4504.20020,4504.50000,263.0000
2026-08-31T11:00:00+00:00,4504.60010,4507.60010,4504.20020,4507.00000,220.0000
2026-08-31T11:05:00+00:00,4506.60010,4507.70020,4503.79980,4507.50000,327.0000
2026-08-31T11:10:00+00:00,4507.50000,4508.39990,4504.29980,4504.39990,243.0000
2026-08-31T11:15:00+00:00,4504.50000,4508.00000,4503.10010,4507.00000,376.0000
2026-08-31T11:20:00+00:00,4507.00000,4509.10010,4506.70020,4508.79980,263.0000
2026-08-31T11:25:00+00:00,4508.89990,4514.89990,4508.79980,4514.10010,707.0000
2026-08-31T11:30:00+00:00,4514.10010,4514.89990,4509.39990,4509.39990,556.0000
2026-08-31T11:35:00+00:00,4509.29980,4510.50000,4505.60010,4506.50000,408.0000
2026-08-31T11:40:00+00:00,4506.39990,4510.29980,4504.50000,4505.29980,491.0000
2026-08-31T11:45:00+00:00,4505.70020,4506.60010,4503.39990,4504.00000,265.0000
2026-08-31T11:50:00+00:00,4504.20020,4505.50000,4503.20020,4503.70020,357.0000
2026-08-31T11:55:00+00:00,4504.10010,4507.10010,4504.10010,4506.20020,284.0000
2026-08-31T12:00:00+00:00,4506.10010,4510.10010,4505.89990,4509.00000,664.0000
2026-08-31T12:05:00+00:00,4509.29980,4511.89990,4500.79980,4507.89990,1325.0000
2026-08-31T12:10:00+00:00,4508.20020,4510.70020,4505.79980,4508.20020,783.0000
2026-08-31T12:15:00+00:00,4508.29980,4509.70020,4505.79980,4507.50000,327.0000
2026-08-31T12:20:00+00:00,4507.60010,4508.10010,4501.00000,4503.29980,700.0000
2026-08-31T12:25:00+00:00,4503.39990,4505.29980,4497.79980,4498.70020,1081.0000
2026-08-31T12:30:00+00:00,4498.39990,4500.89990,4496.20020,4497.70020,834.0000
2026-08-31T12:35:00+00:00,4497.50000,4498.29980,4492.89990,4493.10010,1254.0000
2026-08-31T12:40:00+00:00,4493.00000,4493.60010,4489.79980,4491.60010,713.0000
2026-08-31T12:45:00+00:00,4491.39990,4491.39990,4486.60010,4489.10010,938.0000
2026-08-31T12:50:00+00:00,4489.29980,4492.89990,4488.00000,4488.10010,675.0000
2026-08-31T12:55:00+00:00,4488.10010,4490.60010,4486.50000,4486.89990,830.0000
2026-08-31T13:00:00+00:00,4486.70020,4491.20020,4484.79980,4488.50000,1087.0000
2026-08-31T13:05:00+00:00,4488.79980,4497.00000,4487.50000,4496.10010,1399.0000
2026-08-31T13:10:00+00:00,4496.10010,4497.79980,4493.89990,4497.00000,546.0000
2026-08-31T13:15:00+00:00,4497.10010,4499.50000,4492.50000,4494.50000,481.0000
2026-08-31T13:20:00+00:00,4494.29980,4495.00000,4490.50000,4492.20020,293.0000
2026-08-31T13:25:00+00:00,4492.00000,4498.60010,4491.89990,4497.29980,722.0000
2026-08-31T13:30:00+00:00,4497.39990,4498.50000,4488.79980,4489.70020,1264.0000
2026-08-31T13:35:00+00:00,4489.50000,4494.50000,4486.79980,4488.00000,961.0000
2026-08-31T13:40:00+00:00,4488.10010,4489.29980,4483.10010,4484.60010,1209.0000
2026-08-31T13:45:00+00:00,4484.70020,4484.79980,4475.60010,4476.60010,2680.0000
2026-08-31T13:50:00+00:00,4476.39990,4480.10010,4469.89990,4475.00000,2156.0000
2026-08-31T13:55:00+00:00,4475.00000,4475.50000,4466.39990,4469.10010,2399.0000
2026-08-31T14:00:00+00:00,4469.29980,4474.39990,4466.70020,4471.29980,1529.0000
2026-08-31T14:05:00+00:00,4471.50000,4478.39990,4470.50000,4477.89990,1162.0000
2026-08-31T14:10:00+00:00,4477.60010,4478.50000,4471.70020,4477.60010,687.0000
2026-08-31T14:15:00+00:00,4477.70020,4481.60010,4475.20020,4477.60010,959.0000
2026-08-31T14:20:00+00:00,4477.29980,4477.50000,4466.89990,4469.70020,1475.0000
2026-08-31T14:25:00+00:00,4469.39990,4473.60010,4467.89990,4470.60010,658.0000
2026-08-31T14:30:00+00:00,4470.50000,4479.00000,4470.00000,4475.50000,1463.0000
2026-08-31T14:35:00+00:00,4475.50000,4487.20020,4475.20020,4484.00000,1558.0000
2026-08-31T14:40:00+00:00,4483.89990,4486.20020,4481.70020,4483.10010,618.0000
2026-08-31T14:45:00+00:00,4483.50000,4486.29980,4478.29980,4479.00000,831.0000
2026-08-31T14:50:00+00:00,4478.79980,4483.60010,4476.20020,4482.89990,773.0000
2026-08-31T14:55:00+00:00,4482.70020,4486.29980,4480.79980,4481.70020,843.0000
2026-08-31T15:00:00+00:00,4481.70020,4486.50000,4478.29980,4478.60010,853.0000
2026-08-31T15:05:00+00:00,4478.50000,4484.00000,4477.89990,4483.79980,525.0000
2026-08-31T15:10:00+00:00,4483.79980,4487.70020,4481.60010,4485.20020,729.0000
2026-08-31T15:15:00+00:00,4485.39990,4487.89990,4478.89990,4481.79980,782.0000
2026-08-31T15:20:00+00:00,4482.20020,4485.39990,4479.39990,4482.79980,661.0000
2026-08-31T15:25:00+00:00,4483.29980,4484.39990,4480.50000,4482.89990,416.0000
2026-08-31T15:30:00+00:00,4482.39990,4484.00000,4478.60010,4480.00000,930.0000
2026-08-31T15:35:00+00:00,4480.29980,4482.50000,4477.00000,4479.39990,555.0000
2026-08-31T15:40:00+00:00,4479.60010,4481.29980,4476.00000,4477.20020,623.0000
2026-08-31T15:45:00+00:00,4477.29980,4483.60010,4477.00000,4481.50000,705.0000
2026-08-31T15:50:00+00:00,4481.20020,4482.50000,4476.89990,4477.60010,506.0000
2026-08-31T15:55:00+00:00,4477.70020,4478.50000,4474.29980,4475.50000,516.0000
2026-08-31T16:00:00+00:00,4475.89990,4482.20020,4473.00000,4479.79980,979.0000
2026-08-31T16:05:00+00:00,4479.70020,4486.00000,4479.60010,4484.00000,666.0000
2026-08-31T16:10:00+00:00,4483.79980,4487.10010,4482.39990,4484.39990,620.0000
2026-08-31T16:15:00+00:00,4484.70020,4486.79980,4484.00000,4484.50000,263.0000
2026-08-31T16:20:00+00:00,4484.60010,4486.20020,4482.89990,4485.79980,400.0000
2026-08-31T16:25:00+00:00,4486.00000,4488.70020,4484.89990,4488.29980,328.0000
2026-08-31T16:30:00+00:00,4488.60010,4490.29980,4485.10010,4486.00000,617.0000
2026-08-31T16:35:00+00:00,4486.20020,4486.20020,4481.00000,4481.79980,552.0000
2026-08-31T16:40:00+00:00,4481.79980,4487.29980,4481.10010,4485.39990,502.0000
2026-08-31T16:45:00+00:00,4485.20020,4486.60010,4481.79980,4483.39990,480.0000
2026-08-31T16:50:00+00:00,4483.39990,4487.10010,4483.29980,4483.70020,409.0000
2026-08-31T16:55:00+00:00,4483.79980,4483.79980,4481.79980,4482.60010,260.0000
2026-08-31T17:00:00+00:00,4482.79980,4484.00000,4480.60010,4482.10010,314.0000
2026-08-31T17:05:00+00:00,4482.10010,4482.39990,4480.00000,4481.10010,280.0000
2026-08-31T17:10:00+00:00,4481.00000,4484.60010,4481.00000,4482.89990,311.0000
2026-08-31T17:15:00+00:00,4483.00000,4485.60010,4482.00000,4485.50000,369.0000
2026-08-31T17:20:00+00:00,4485.60010,4486.60010,4482.10010,4482.10010,505.0000
2026-08-31T17:25:00+00:00,4482.29980,4484.39990,4477.79980,4479.79980,2426.0000
2026-08-31T17:30:00+00:00,4479.79980,4484.10010,4479.10010,4482.10010,635.0000
2026-08-31T17:35:00+00:00,4482.29980,4485.10010,4482.20020,4482.79980,314.0000
2026-08-31T17:40:00+00:00,4482.60010,4486.29980,4482.29980,4486.00000,410.0000
2026-08-31T17:45:00+00:00,4485.89990,4489.70020,4485.20020,4488.29980,434.0000
2026-08-31T17:50:00+00:00,4488.39990,4489.50000,4486.70020,4487.10010,322.0000
2026-08-31T17:55:00+00:00,4487.20020,4487.60010,4485.10010,4485.60010,193.0000
2026-08-31T18:00:00+00:00,4486.00000,4486.10010,4479.50000,4481.39990,684.0000
2026-08-31T18:05:00+00:00,4481.50000,4482.20020,4480.50000,4480.79980,152.0000
2026-08-31T18:10:00+00:00,4480.79980,4483.20020,4479.89990,4483.20020,202.0000
2026-08-31T18:15:00+00:00,4483.10010,4484.00000,4481.00000,4481.29980,187.0000
2026-08-31T18:20:00+00:00,4481.20020,4482.70020,4481.10010,4482.29980,138.0000
2026-08-31T18:25:00+00:00,4482.29980,4482.39990,4478.89990,4478.89990,391.0000
2026-08-31T18:30:00+00:00,4478.89990,4478.89990,4475.50000,4476.89990,433.0000
2026-08-31T18:35:00+00:00,4477.00000,4478.20020,4476.00000,4477.00000,313.0000
2026-08-31T18:40:00+00:00,4477.70020,4479.50000,4476.89990,4478.60010,167.0000
2026-08-31T18:45:00+00:00,4478.60010,4482.50000,4478.39990,4482.20020,194.0000
2026-08-31T18:50:00+00:00,4482.20020,4484.00000,4481.79980,4482.70020,281.0000
2026-08-31T18:55:00+00:00,4482.60010,4483.10010,4479.70020,4480.29980,169.0000
2026-08-31T19:00:00+00:00,4480.70020,4482.29980,4478.39990,4479.89990,305.0000
2026-08-31T19:05:00+00:00,4480.00000,4484.00000,4480.00000,4484.00000,137.0000
2026-08-31T19:10:00+00:00,4484.20020,4484.70020,4481.89990,4482.79980,299.0000
2026-08-31T19:15:00+00:00,4483.10010,4483.39990,4482.39990,4482.89990,144.0000
2026-08-31T19:20:00+00:00,4482.79980,4488.79980,4482.10010,4488.50000,622.0000
2026-08-31T19:25:00+00:00,4488.60010,4491.70020,4487.39990,4489.79980,842.0000
2026-08-31T19:30:00+00:00,4489.79980,4490.79980,4488.89990,4490.00000,351.0000
2026-08-31T19:35:00+00:00,4489.89990,4494.79980,4489.60010,4492.10010,633.0000
2026-08-31T19:40:00+00:00,4492.29980,4492.70020,4488.39990,4492.50000,418.0000
2026-08-31T19:45:00+00:00,4492.20020,4498.39990,4490.79980,4498.10010,565.0000
2026-08-31T19:50:00+00:00,4498.10010,4501.79980,4496.79980,4499.50000,1206.0000
2026-08-31T19:55:00+00:00,4499.39990,4502.70020,4496.89990,4502.00000,1079.0000
2026-08-31T20:00:00+00:00,4502.29980,4504.89990,4501.50000,4501.89990,654.0000
2026-08-31T20:05:00+00:00,4501.60010,4502.00000,4500.70020,4501.10010,156.0000
2026-08-31T20:10:00+00:00,4502.00000,4502.29980,4499.10010,4499.20020,78.0000
2026-08-31T20:15:00+00:00,4499.29980,4499.60010,4498.00000,4498.00000,157.0000
2026-08-31T20:20:00+00:00,4498.29980,4498.29980,4496.10010,4497.20020,100.0000
2026-08-31T20:25:00+00:00,4496.89990,4497.50000,4496.20020,4496.50000,81.0000
2026-08-31T20:30:00+00:00,4496.50000,4498.00000,4495.89990,4497.60010,99.0000
2026-08-31T20:35:00+00:00,4497.50000,4498.79980,4497.20020,4497.70020,65.0000
2026-08-31T20:40:00+00:00,4497.60010,4498.39990,4497.00000,4497.29980,45.0000
2026-08-31T20:45:00+00:00,4497.39990,4497.89990,4496.29980,4496.89990,70.0000
2026-08-31T20:50:00+00:00,4496.60010,4497.60010,4496.20020,4497.60010,114.0000
2026-08-31T20:55:00+00:00,4497.89990,4498.89990,4497.00000,4497.29980,140.0000
2026-08-31T22:00:00+00:00,4498.70020,4503.50000,4496.50000,4503.29980,0.0000
2026-08-31T22:05:00+00:00,4503.00000,4504.79980,4501.20020,4504.39990,124.0000
2026-08-31T22:10:00+00:00,4504.20020,4504.70020,4500.10010,4500.39990,181.0000
2026-08-31T22:15:00+00:00,4500.39990,4500.70020,4498.79980,4498.79980,86.0000
2026-08-31T22:20:00+00:00,4498.70020,4498.70020,4496.60010,4496.60010,217.0000
2026-08-31T22:25:00+00:00,4496.60010,4499.29980,4496.39990,4498.60010,169.0000
2026-08-31T22:30:00+00:00,4498.50000,4500.00000,4497.79980,4498.79980,182.0000
2026-08-31T22:35:00+00:00,4498.79980,4498.79980,4497.00000,4497.20020,59.0000
2026-08-31T22:40:00+00:00,4497.60010,4497.60010,4495.89990,4496.89990,43.0000
2026-08-31T22:45:00+00:00,4496.60010,4496.89990,4494.60010,4495.39990,63.0000
2026-08-31T22:50:00+00:00,4495.60010,4496.10010,4494.29980,4494.39990,71.0000
2026-08-31T22:55:00+00:00,4494.89990,4496.60010,4494.70020,4495.50000,57.0000
2026-08-31T23:00:00+00:00,4495.79980,4495.79980,4494.60010,4494.79980,79.0000
2026-08-31T23:05:00+00:00,4494.79980,4495.39990,4494.10010,4494.60010,129.0000
2026-08-31T23:10:00+00:00,4494.50000,4495.29980,4492.29980,4492.60010,221.0000
2026-08-31T23:15:00+00:00,4492.39990,4492.50000,4491.60010,4491.70020,131.0000
2026-08-31T23:20:00+00:00,4491.70020,4491.89990,4490.29980,4491.70020,130.0000
2026-08-31T23:25:00+00:00,4491.70020,4492.79980,4491.29980,4491.89990,100.0000
2026-08-31T23:30:00+00:00,4492.00000,4496.50000,4491.79980,4494.39990,207.0000
2026-08-31T23:35:00+00:00,4494.10010,4494.70020,4493.00000,4493.50000,79.0000
2026-08-31T23:40:00+00:00,4493.50000,4495.00000,4491.60010,4494.50000,103.0000
2026-08-31T23:45:00+00:00,4494.50000,4498.29980,4494.20020,4494.89990,158.0000
2026-08-31T23:50:00+00:00,4495.29980,4500.29980,4495.00000,4499.50000,172.0000
2026-08-31T23:55:00+00:00,4499.20020,4501.00000,4497.00000,4501.00000,192.0000
2026-09-01T00:00:00+00:00,4501.29980,4503.00000,4495.00000,4502.79980,511.0000
2026-09-01T00:05:00+00:00,4502.50000,4505.00000,4500.10010,4504.39990,242.0000
2026-09-01T00:10:00+00:00,4504.00000,4507.10010,4501.60010,4503.89990,405.0000
2026-09-01T00:15:00+00:00,4504.10010,4507.20020,4501.39990,4506.50000,242.0000
2026-09-01T00:20:00+00:00,4506.39990,4510.50000,4506.29980,4506.79980,306.0000
2026-09-01T00:25:00+00:00,4506.50000,4510.20020,4505.70020,4509.20020,286.0000
2026-09-01T00:30:00+00:00,4509.50000,4510.29980,4505.29980,4506.39990,236.0000
2026-09-01T00:35:00+00:00,4506.20020,4506.20020,4502.20020,4503.70020,222.0000
2026-09-01T00:40:00+00:00,4504.20020,4505.50000,4500.70020,4502.10010,192.0000
2026-09-01T00:45:00+00:00,4502.39990,4505.79980,4501.00000,4505.00000,181.0000
2026-09-01T00:50:00+00:00,4504.79980,4510.39990,4504.60010,4505.79980,320.0000
2026-09-01T00:55:00+00:00,4506.29980,4506.29980,4499.89990,4502.70020,282.0000
2026-09-01T01:00:00+00:00,4502.60010,4505.89990,4497.00000,4498.20020,650.0000
2026-09-01T01:05:00+00:00,4499.29980,4499.60010,4495.50000,4496.10010,252.0000
2026-09-01T01:10:00+00:00,4496.00000,4498.00000,4494.20020,4495.29980,322.0000
2026-09-01T01:15:00+00:00,4495.60010,4496.70020,4492.20020,4492.20020,359.0000
2026-09-01T01:20:00+00:00,4492.29980,4493.79980,4487.60010,4489.29980,524.0000
2026-09-01T01:25:00+00:00,4489.20020,4489.50000,4486.70020,4488.60010,214.0000
2026-09-01T01:30:00+00:00,4488.79980,4492.00000,4485.20020,4491.70020,401.0000
2026-09-01T01:35:00+00:00,4491.60010,4494.60010,4490.20020,4492.89990,391.0000
2026-09-01T01:40:00+00:00,4493.20020,4494.79980,4490.20020,4494.79980,230.0000
2026-09-01T01:45:00+00:00,4494.89990,4495.60010,4489.50000,4489.79980,208.0000
2026-09-01T01:50:00+00:00,4490.10010,4491.89990,4488.29980,4490.29980,204.0000
2026-09-01T01:55:00+00:00,4490.39990,4493.29980,4489.60010,4493.10010,143.0000
2026-09-01T02:00:00+00:00,4492.89990,4495.89990,4491.60010,4495.89990,157.0000
2026-09-01T02:05:00+00:00,4496.00000,4497.70020,4490.70020,4490.89990,303.0000
2026-09-01T02:10:00+00:00,4490.89990,4498.20020,4490.89990,4493.79980,466.0000
2026-09-01T02:15:00+00:00,4494.10010,4495.60010,4493.79980,4495.60010,132.0000
2026-09-01T02:20:00+00:00,4496.00000,4497.29980,4491.39990,4491.70020,193.0000
2026-09-01T02:25:00+00:00,4492.00000,4492.29980,4489.20020,4489.20020,209.0000
2026-09-01T02:30:00+00:00,4489.20020,4489.79980,4483.89990,4486.29980,580.0000
2026-09-01T02:35:00+00:00,4486.20020,4486.39990,4481.00000,4481.89990,696.0000
2026-09-01T02:40:00+00:00,4482.20020,4485.89990,4480.70020,4481.20020,562.0000
2026-09-01T02:45:00+00:00,4481.00000,4485.50000,4477.10010,4484.29980,935.0000
2026-09-01T02:50:00+00:00,4485.00000,4489.50000,4484.00000,4488.70020,266.0000
2026-09-01T02:55:00+00:00,4487.89990,4492.60010,4487.89990,4492.39990,201.0000
2026-09-01T03:00:00+00:00,4492.70020,4493.50000,4488.89990,4490.00000,447.0000
2026-09-01T03:05:00+00:00,4490.39990,4491.60010,4488.79980,4490.20020,263.0000
2026-09-01T03:10:00+00:00,4489.50000,4491.00000,4487.79980,4489.39990,354.0000
2026-09-01T03:15:00+00:00,4488.89990,4489.60010,4485.60010,4486.00000,112.0000
2026-09-01T03:20:00+00:00,4485.89990,4485.89990,4481.60010,4481.60010,380.0000
2026-09-01T03:25:00+00:00,4482.20020,4485.50000,4480.89990,4483.50000,352.0000
2026-09-01T03:30:00+00:00,4483.39990,4485.89990,4482.60010,4485.70020,130.0000
2026-09-01T03:35:00+00:00,4485.10010,4486.89990,4482.60010,4486.89990,250.0000
2026-09-01T03:40:00+00:00,4486.89990,4488.00000,4486.29980,4487.60010,104.0000
2026-09-01T03:45:00+00:00,4487.79980,4492.10010,4487.79980,4490.39990,649.0000
2026-09-01T03:50:00+00:00,4490.29980,4492.39990,4490.20020,4491.00000,222.0000
2026-09-01T03:55:00+00:00,4490.89990,4490.89990,4486.10010,4487.00000,425.0000
2026-09-01T04:00:00+00:00,4485.70020,4486.70020,4484.60010,4486.00000,158.0000
2026-09-01T04:05:00+00:00,4486.20020,4486.39990,4480.39990,4480.70020,355.0000
2026-09-01T04:10:00+00:00,4480.60010,4481.10010,4478.89990,4479.60010,436.0000
2026-09-01T04:15:00+00:00,4479.60010,4482.50000,4478.29980,4478.50000,298.0000
2026-09-01T04:20:00+00:00,4479.00000,4481.10010,4478.29980,4481.00000,77.0000
2026-09-01T04:25:00+00:00,4480.60010,4481.70020,4478.29980,4478.50000,121.0000
2026-09-01T04:30:00+00:00,4478.20020,4479.10010,4477.10010,4478.70020,292.0000
2026-09-01T04:35:00+00:00,4478.70020,4479.39990,4477.60010,4478.10010,138.0000
2026-09-01T04:40:00+00:00,4478.20020,4478.60010,4475.20020,4476.50000,502.0000
2026-09-01T04:45:00+00:00,4475.89990,4478.10010,4474.10010,4475.60010,739.0000
2026-09-01T04:50:00+00:00,4475.39990,4478.20020,4473.89990,4477.60010,561.0000
2026-09-01T04:55:00+00:00,4477.60010,4478.00000,4474.10010,4475.20020,282.0000
2026-09-01T05:00:00+00:00,4475.39990,4480.29980,4474.70020,4479.79980,272.0000
2026-09-01T05:05:00+00:00,4479.60010,4481.29980,4478.79980,4479.39990,131.0000
2026-09-01T05:10:00+00:00,4479.60010,4480.00000,4477.50000,4477.70020,192.0000
2026-09-01T05:15:00+00:00,4478.10010,4479.00000,4473.50000,4474.10010,195.0000
2026-09-01T05:20:00+00:00,4474.39990,4476.29980,4474.39990,4475.89990,150.0000
2026-09-01T05:25:00+00:00,4475.29980,4476.70020,4474.29980,4475.20020,176.0000
2026-09-01T05:30:00+00:00,4474.89990,4483.79980,4471.89990,4483.50000,833.0000
2026-09-01T05:35:00+00:00,4483.50000,4491.50000,4481.89990,4488.39990,469.0000
2026-09-01T05:40:00+00:00,4488.20020,4492.20020,4486.89990,4492.20020,359.0000
2026-09-01T05:45:00+00:00,4491.20020,4494.60010,4489.79980,4493.79980,415.0000
2026-09-01T05:50:00+00:00,4493.89990,4493.89990,4490.00000,4491.70020,302.0000
2026-09-01T05:55:00+00:00,4491.70020,4494.70020,4488.29980,4489.00000,296.0000
2026-09-01T06:00:00+00:00,4488.50000,4489.10010,4484.10010,4485.10010,335.0000
2026-09-01T06:05:00+00:00,4485.10010,4487.20020,4483.89990,4483.89990,207.0000
2026-09-01T06:10:00+00:00,4484.29980,4484.89990,4480.20020,4481.29980,409.0000
2026-09-01T06:15:00+00:00,4481.39990,4483.79980,4481.10010,4482.79980,322.0000
2026-09-01T06:20:00+00:00,4482.79980,4483.29980,4479.60010,4481.50000,239.0000
2026-09-01T06:25:00+00:00,4481.70020,4482.10010,4476.29980,4477.60010,360.0000
2026-09-01T06:30:00+00:00,4477.70020,4479.00000,4477.00000,4478.50000,286.0000
2026-09-01T06:35:00+00:00,4478.29980,4482.60010,4478.29980,4481.89990,192.0000
2026-09-01T06:40:00+00:00,4481.79980,4483.89990,4481.20020,4483.60010,268.0000
2026-09-01T06:45:00+00:00,4483.70020,4484.10010,4478.00000,4478.50000,168.0000
2026-09-01T06:50:00+00:00,4478.50000,4478.89990,4476.70020,4478.50000,262.0000
2026-09-01T06:55:00+00:00,4478.60010,4479.50000,4477.89990,4478.00000,122.0000
2026-09-01T07:00:00+00:00,4478.10010,4483.60010,4477.89990,4482.89990,413.0000
2026-09-01T07:05:00+00:00,4482.79980,4482.79980,4478.39990,4478.89990,270.0000
2026-09-01T07:10:00+00:00,4479.00000,4481.60010,4478.10010,4481.60010,182.0000
2026-09-01T07:15:00+00:00,4481.60010,4482.29980,4477.29980,4478.10010,355.0000
2026-09-01T07:20:00+00:00,4477.79980,4481.20020,4475.10010,4475.50000,778.0000
2026-09-01T07:25:00+00:00,4475.50000,4478.29980,4474.29980,4474.50000,883.0000
2026-09-01T07:30:00+00:00,4474.29980,4476.89990,4467.50000,4474.29980,1384.0000
2026-09-01T07:35:00+00:00,4473.89990,4474.29980,4461.29980,4461.29980,832.0000
2026-09-01T07:40:00+00:00,4461.50000,4470.50000,4460.50000,4466.79980,731.0000
2026-09-01T07:45:00+00:00,4466.60010,4471.00000,4465.39990,4470.79980,431.0000
2026-09-01T07:50:00+00:00,4471.00000,4471.89990,4467.20020,4467.70020,318.0000
2026-09-01T07:55:00+00:00,4468.10010,4470.89990,4465.70020,4468.70020,708.0000
2026-09-01T08:00:00+00:00,4468.60010,4468.60010,4458.79980,4459.89990,1009.0000
2026-09-01T08:05:00+00:00,4459.79980,4467.29980,4442.29980,4444.89990,2651.0000
2026-09-01T08:10:00+00:00,4445.00000,4455.70020,4438.39990,4454.29980,2957.0000
2026-09-01T08:15:00+00:00,4454.29980,4454.89990,4443.89990,4444.29980,800.0000
2026-09-01T08:20:00+00:00,4444.20020,4447.39990,4433.10010,4434.10010,1640.0000
2026-09-01T08:25:00+00:00,4434.39990,4436.60010,4430.70020,4432.00000,1078.0000
2026-09-01T08:30:00+00:00,4432.10010,4432.60010,4421.50000,4423.29980,2230.0000
2026-09-01T08:35:00+00:00,4423.70020,4425.70020,4418.50000,4423.20020,1391.0000
2026-09-01T08:40:00+00:00,4423.29980,4430.00000,4419.10010,4424.10010,1415.0000
2026-09-01T08:45:00+00:00,4423.89990,4427.00000,4417.89990,4425.00000,1003.0000
2026-09-01T08:50:00+00:00,4425.39990,4426.50000,4421.00000,4425.39990,828.0000
2026-09-01T08:55:00+00:00,4425.20020,4426.60010,4418.50000,4419.39990,852.0000
2026-09-01T09:00:00+00:00,4419.39990,4424.00000,4414.50000,4421.79980,1447.0000
2026-09-01T09:05:00+00:00,4422.79980,4423.39990,4416.10010,4418.39990,1144.0000
2026-09-01T09:10:00+00:00,4418.39990,4424.60010,4417.60010,4424.20020,642.0000
2026-09-01T09:15:00+00:00,4424.20020,4426.60010,4423.00000,4424.89990,792.0000
2026-09-01T09:20:00+00:00,4424.60010,4426.29980,4422.70020,4423.50000,375.0000
2026-09-01T09:25:00+00:00,4423.60010,4423.89990,4419.00000,4421.39990,965.0000
2026-09-01T09:30:00+00:00,4421.10010,4421.70020,4415.10010,4419.29980,1744.0000
2026-09-01T09:35:00+00:00,4419.20020,4419.79980,4414.20020,4416.79980,877.0000
2026-09-01T09:40:00+00:00,4416.10010,4420.50000,4414.60010,4420.39990,577.0000
2026-09-01T09:45:00+00:00,4420.20020,4422.50000,4418.10010,4418.39990,880.0000
2026-09-01T09:50:00+00:00,4418.00000,4420.50000,4417.29980,4419.29980,373.0000
2026-09-01T09:55:00+00:00,4419.29980,4421.70020,4413.00000,4413.70020,666.0000
2026-09-01T10:00:00+00:00,4413.70020,4419.60010,4413.00000,4417.39990,439.0000
2026-09-01T10:05:00+00:00,4417.50000,4424.00000,4416.29980,4421.89990,802.0000
2026-09-01T10:10:00+00:00,4422.00000,4430.79980,4421.79980,4426.79980,1235.0000
2026-09-01T10:15:00+00:00,4427.00000,4432.00000,4426.60010,4429.39990,508.0000
2026-09-01T10:20:00+00:00,4429.60010,4434.10010,4428.89990,4433.00000,567.0000
2026-09-01T10:25:00+00:00,4432.79980,4434.20020,4431.50000,4433.29980,370.0000
2026-09-01T10:30:00+00:00,4433.60010,4434.00000,4430.20020,4431.60010,351.0000
2026-09-01T10:35:00+00:00,4432.20020,4434.20020,4431.70020,4433.00000,339.0000
2026-09-01T10:40:00+00:00,4433.00000,4434.60010,4430.20020,4430.20020,375.0000
2026-09-01T10:45:00+00:00,4430.29980,4430.29980,4425.39990,4426.79980,983.0000
2026-09-01T10:50:00+00:00,4426.89990,4426.89990,4423.50000,4424.70020,406.0000
2026-09-01T10:55:00+00:00,4424.60010,4429.20020,4424.29980,4426.89990,867.0000
2026-09-01T11:00:00+00:00,4427.00000,4429.70020,4424.50000,4428.39990,417.0000
2026-09-01T11:05:00+00:00,4428.60010,4431.29980,4425.39990,4430.60010,372.0000
2026-09-01T11:10:00+00:00,4430.60010,4431.79980,4424.89990,4425.79980,445.0000
2026-09-01T11:15:00+00:00,4425.79980,4426.00000,4423.20020,4424.70020,406.0000
2026-09-01T11:20:00+00:00,4424.79980,4430.29980,4424.29980,4426.50000,601.0000
2026-09-01T11:25:00+00:00,4426.10010,4430.39990,4425.20020,4429.20020,488.0000
2026-09-01T11:30:00+00:00,4429.00000,4430.89990,4426.89990,4429.20020,304.0000
2026-09-01T11:35:00+00:00,4429.10010,4432.79980,4427.50000,4432.50000,727.0000
2026-09-01T11:40:00+00:00,4432.29980,4433.39990,4431.20020,4432.70020,387.0000
2026-09-01T11:45:00+00:00,4432.79980,4435.70020,4432.10010,4434.00000,577.0000
2026-09-01T11:50:00+00:00,4433.89990,4435.39990,4427.29980,4427.79980,616.0000
2026-09-01T11:55:00+00:00,4427.50000,4427.60010,4420.50000,4422.89990,1042.0000
2026-09-01T12:00:00+00:00,4423.00000,4423.20020,4418.00000,4420.29980,944.0000
2026-09-01T12:05:00+00:00,4420.20020,4421.50000,4418.50000,4419.20020,617.0000
2026-09-01T12:10:00+00:00,4419.29980,4420.89990,4415.39990,4419.50000,1471.0000
2026-09-01T12:15:00+00:00,4419.20020,4424.00000,4418.39990,4419.50000,672.0000
2026-09-01T12:20:00+00:00,4419.70020,4420.29980,4414.29980,4416.70020,1052.0000
2026-09-01T12:25:00+00:00,4416.39990,4424.89990,4416.29980,4417.10010,1122.0000
2026-09-01T12:30:00+00:00,4416.89990,4417.50000,4407.10010,4407.50000,2046.0000
2026-09-01T12:35:00+00:00,4407.29980,4409.70020,4400.39990,4406.29980,2671.0000
2026-09-01T12:40:00+00:00,4406.10010,4413.60010,4403.60010,4413.20020,1281.0000
2026-09-01T12:45:00+00:00,4413.20020,4418.50000,4411.39990,4413.10010,1507.0000
2026-09-01T12:50:00+00:00,4412.20020,4413.70020,4410.20020,4411.79980,779.0000
2026-09-01T12:55:00+00:00,4411.39990,4411.60010,4404.50000,4404.70020,1073.0000
2026-09-01T13:00:00+00:00,4404.60010,4406.29980,4385.00000,4388.00000,7122.0000
2026-09-01T13:05:00+00:00,4387.79980,4391.39990,4376.79980,4380.10010,4128.0000
2026-09-01T13:10:00+00:00,4380.20020,4383.89990,4374.10010,4377.50000,3942.0000
2026-09-01T13:15:00+00:00,4377.60010,4382.29980,4374.50000,4381.79980,2218.0000
2026-09-01T13:20:00+00:00,4382.20020,4385.50000,4379.39990,4384.10010,1445.0000
2026-09-01T13:25:00+00:00,4384.20020,4392.60010,4383.20020,4391.10010,1896.0000
2026-09-01T13:30:00+00:00,4391.00000,4402.79980,4389.20020,4400.70020,3631.0000
2026-09-01T13:35:00+00:00,4400.79980,4404.70020,4394.50000,4400.89990,2023.0000
2026-09-01T13:40:00+00:00,4401.00000,4410.60010,4399.10010,4409.70020,1500.0000
2026-09-01T13:45:00+00:00,4409.89990,4410.10010,4401.79980,4409.39990,1656.0000
2026-09-01T13:50:00+00:00,4408.79980,4413.00000,4404.79980,4405.89990,1277.0000
2026-09-01T13:55:00+00:00,4406.20020,4415.89990,4405.79980,4413.89990,1028.0000
2026-09-01T14:00:00+00:00,4414.20020,4419.50000,4401.50000,4402.10010,3488.0000
2026-09-01T14:05:00+00:00,4402.00000,4418.20020,4401.70020,4414.60010,1635.0000
2026-09-01T14:10:00+00:00,4414.60010,4419.00000,4410.79980,4419.00000,1330.0000
2026-09-01T14:15:00+00:00,4419.00000,4423.29980,4417.39990,4420.00000,1640.0000
2026-09-01T14:20:00+00:00,4420.20020,4424.29980,4419.89990,4422.10010,949.0000
2026-09-01T14:25:00+00:00,4422.20020,4422.89990,4414.10010,4414.39990,1383.0000
2026-09-01T14:30:00+00:00,4414.50000,4420.60010,4414.39990,4420.60010,995.0000
2026-09-01T14:35:00+00:00,4420.60010,4421.79980,4413.50000,4414.39990,826.0000
2026-09-01T14:40:00+00:00,4414.29980,4416.10010,4412.60010,4414.70020,708.0000
2026-09-01T14:45:00+00:00,4415.20020,4418.70020,4408.79980,4410.10010,1462.0000
2026-09-01T14:50:00+00:00,4410.20020,4416.39990,4407.29980,4408.50000,1677.0000
2026-09-01T14:55:00+00:00,4408.70020,4409.39990,4405.20020,4408.79980,836.0000
2026-09-01T15:00:00+00:00,4409.10010,4411.50000,4403.39990,4406.10010,699.0000
2026-09-01T15:05:00+00:00,4405.79980,4408.70020,4404.79980,4408.29980,477.0000
2026-09-01T15:10:00+00:00,4408.20020,4411.20020,4404.89990,4405.29980,854.0000
2026-09-01T15:15:00+00:00,4405.39990,4412.10010,4404.39990,4411.50000,954.0000
2026-09-01T15:20:00+00:00,4411.29980,4413.60010,4409.70020,4410.39990,645.0000
2026-09-01T15:25:00+00:00,4410.29980,4414.20020,4406.89990,4414.20020,919.0000
2026-09-01T15:30:00+00:00,4414.00000,4415.39990,4411.10010,4411.50000,537.0000
2026-09-01T15:35:00+00:00,4411.00000,4415.10010,4409.79980,4412.10010,450.0000
2026-09-01T15:40:00+00:00,4412.50000,4419.10010,4412.39990,4419.10010,759.0000
2026-09-01T15:45:00+00:00,4419.20020,4420.00000,4417.00000,4419.70020,718.0000
2026-09-01T15:50:00+00:00,4419.60010,4421.79980,4418.00000,4421.50000,482.0000
2026-09-01T15:55:00+00:00,4421.20020,4422.70020,4419.00000,4421.70020,461.0000
2026-09-01T16:00:00+00:00,4421.60010,4423.29980,4420.00000,4420.60010,511.0000
2026-09-01T16:05:00+00:00,4420.50000,4421.89990,4416.60010,4416.60010,629.0000
2026-09-01T16:10:00+00:00,4416.60010,4417.20020,4410.70020,4410.70020,1067.0000
2026-09-01T16:15:00+00:00,4411.00000,4414.00000,4407.00000,4407.60010,1166.0000
2026-09-01T16:20:00+00:00,4407.10010,4407.10010,4403.89990,4406.20020,1021.0000
2026-09-01T16:25:00+00:00,4406.50000,4407.29980,4401.00000,4401.29980,1644.0000
2026-09-01T16:30:00+00:00,4401.00000,4401.70020,4395.70020,4397.20020,1876.0000
2026-09-01T16:35:00+00:00,4397.20020,4403.89990,4395.39990,4403.79980,956.0000
2026-09-01T16:40:00+00:00,4403.39990,4406.10010,4400.50000,4403.20020,761.0000
2026-09-01T16:45:00+00:00,4403.10010,4407.50000,4403.10010,4405.29980,584.0000
2026-09-01T16:50:00+00:00,4405.70020,4406.70020,4402.00000,4403.50000,584.0000
2026-09-01T16:55:00+00:00,4403.70020,4404.39990,4399.39990,4399.60010,502.0000
2026-09-01T17:00:00+00:00,4399.79980,4400.29980,4395.20020,4395.20020,707.0000
2026-09-01T17:05:00+00:00,4395.10010,4396.29980,4392.70020,4394.10010,1035.0000
2026-09-01T17:10:00+00:00,4394.60010,4396.00000,4392.39990,4394.60010,945.0000
2026-09-01T17:15:00+00:00,4394.70020,4397.10010,4392.39990,4395.00000,948.0000
2026-09-01T17:20:00+00:00,4394.60010,4396.29980,4393.10010,4395.70020,535.0000
2026-09-01T17:25:00+00:00,4395.50000,4398.60010,4390.70020,4398.50000,2520.0000
2026-09-01T17:30:00+00:00,4398.29980,4400.29980,4395.60010,4395.79980,980.0000
2026-09-01T17:35:00+00:00,4395.89990,4399.10010,4394.00000,4394.00000,412.0000
2026-09-01T17:40:00+00:00,4394.20020,4395.10010,4390.89990,4392.29980,510.0000
2026-09-01T17:45:00+00:00,4392.29980,4392.39990,4389.00000,4391.10010,597.0000
2026-09-01T17:50:00+00:00,4390.79980,4392.70020,4389.29980,4391.50000,351.0000
2026-09-01T17:55:00+00:00,4391.79980,4392.39990,4390.00000,4391.10010,370.0000
2026-09-01T18:00:00+00:00,4391.29980,4392.70020,4386.39990,4387.00000,826.0000
2026-09-01T18:05:00+00:00,4387.39990,4388.50000,4384.50000,4384.70020,546.0000
2026-09-01T18:10:00+00:00,4384.60010,4385.60010,4382.39990,4384.39990,496.0000
2026-09-01T18:15:00+00:00,4384.60010,4388.70020,4383.70020,4388.50000,468.0000
2026-09-01T18:20:00+00:00,4388.50000,4389.60010,4387.60010,4389.20020,380.0000
2026-09-01T18:25:00+00:00,4389.00000,4389.00000,4384.89990,4385.39990,422.0000
2026-09-01T18:30:00+00:00,4385.39990,4385.50000,4380.70020,4381.60010,827.0000
2026-09-01T18:35:00+00:00,4381.60010,4382.00000,4376.60010,4377.39990,927.0000
2026-09-01T18:40:00+00:00,4377.60010,4378.39990,4375.89990,4377.10010,683.0000
2026-09-01T18:45:00+00:00,4377.29980,4379.29980,4375.60010,4379.29980,569.0000
2026-09-01T18:50:00+00:00,4379.29980,4382.20020,4376.70020,4376.89990,971.0000
2026-09-01T18:55:00+00:00,4376.79980,4381.00000,4375.70020,4379.39990,629.0000
2026-09-01T19:00:00+00:00,4379.10010,4380.00000,4376.60010,4379.10010,471.0000
2026-09-01T19:05:00+00:00,4379.20020,4381.60010,4377.29980,4379.10010,332.0000
2026-09-01T19:10:00+00:00,4379.10010,4384.79980,4378.50000,4384.70020,572.0000
2026-09-01T19:15:00+00:00,4384.89990,4385.20020,4381.89990,4382.70020,379.0000
2026-09-01T19:20:00+00:00,4382.60010,4382.89990,4380.89990,4381.29980,175.0000
2026-09-01T19:25:00+00:00,4381.60010,4382.89990,4381.60010,4382.00000,217.0000
2026-09-01T19:30:00+00:00,4382.00000,4382.20020,4375.50000,4377.60010,664.0000
2026-09-01T19:35:00+00:00,4377.29980,4378.10010,4370.20020,4370.60010,1202.0000
2026-09-01T19:40:00+00:00,4370.50000,4375.20020,4369.70020,4373.50000,737.0000
2026-09-01T19:45:00+00:00,4373.20020,4376.50000,4370.50000,4374.50000,796.0000
2026-09-01T19:50:00+00:00,4374.10010,4377.39990,4373.29980,4375.00000,544.0000
2026-09-01T19:55:00+00:00,4375.00000,4376.60010,4371.29980,4374.00000,1094.0000
2026-09-01T20:00:00+00:00,4374.10010,4376.60010,4370.70020,4375.10010,989.0000
2026-09-01T20:05:00+00:00,4375.20020,4377.89990,4374.79980,4376.20020,879.0000
2026-09-01T20:10:00+00:00,4375.89990,4376.29980,4372.50000,4372.70020,161.0000
2026-09-01T20:15:00+00:00,4372.79980,4375.39990,4371.79980,4374.79980,421.0000
2026-09-01T20:20:00+00:00,4374.89990,4375.50000,4374.00000,4374.70020,190.0000
2026-09-01T20:25:00+00:00,4375.00000,4376.00000,4372.10010,4372.89990,374.0000
2026-09-01T20:30:00+00:00,4373.00000,4374.10010,4372.79980,4373.00000,106.0000
2026-09-01T20:35:00+00:00,4372.89990,4374.89990,4372.10010,4374.39990,205.0000
2026-09-01T20:40:00+00:00,4374.39990,4377.50000,4374.20020,4375.00000,282.0000
2026-09-01T20:45:00+00:00,4374.50000,4376.70020,4373.79980,4375.20020,488.0000
2026-09-01T20:50:00+00:00,4375.20020,4376.29980,4374.39990,4375.70020,347.0000
2026-09-01T20:55:00+00:00,4375.70020,4376.29980,4375.10010,4375.70020,106.0000
2026-09-01T22:00:00+00:00,4377.20020,4381.00000,4376.60010,4377.39990,0.0000
2026-09-01T22:05:00+00:00,4377.39990,4377.39990,4375.20020,4376.60010,168.0000
2026-09-01T22:10:00+00:00,4376.39990,4376.50000,4374.89990,4375.50000,65.0000
2026-09-01T22:15:00+00:00,4375.60010,4375.70020,4373.70020,4373.79980,118.0000
2026-09-01T22:20:00+00:00,4374.20020,4374.89990,4373.79980,4374.20020,83.0000
2026-09-01T22:25:00+00:00,4374.10010,4374.60010,4373.50000,4374.10010,70.0000
2026-09-01T22:30:00+00:00,4374.00000,4375.00000,4372.79980,4373.70020,111.0000
2026-09-01T22:35:00+00:00,4373.70020,4375.89990,4373.70020,4373.70020,116.0000
2026-09-01T22:40:00+00:00,4373.70020,4375.20020,4372.70020,4374.39990,149.0000
2026-09-01T22:45:00+00:00,4374.39990,4375.39990,4373.50000,4374.70020,77.0000
2026-09-01T22:50:00+00:00,4374.50000,4377.39990,4374.10010,4375.39990,226.0000
2026-09-01T22:55:00+00:00,4375.70020,4376.29980,4375.20020,4375.70020,76.0000
2026-09-01T23:00:00+00:00,4375.70020,4375.89990,4373.29980,4375.70020,193.0000
2026-09-01T23:05:00+00:00,4375.79980,4376.89990,4374.60010,4376.39990,201.0000
2026-09-01T23:10:00+00:00,4376.79980,4378.60010,4376.20020,4376.70020,188.0000
2026-09-01T23:15:00+00:00,4376.29980,4377.70020,4375.50000,4376.20020,106.0000
2026-09-01T23:20:00+00:00,4376.20020,4376.79980,4372.50000,4373.50000,237.0000
2026-09-01T23:25:00+00:00,4373.39990,4376.89990,4370.50000,4376.70020,401.0000
2026-09-01T23:30:00+00:00,4377.00000,4379.10010,4376.60010,4379.00000,168.0000
2026-09-01T23:35:00+00:00,4379.10010,4382.00000,4377.50000,4381.29980,331.0000
2026-09-01T23:40:00+00:00,4381.00000,4381.89990,4379.50000,4380.00000,223.0000
2026-09-01T23:45:00+00:00,4379.70020,4379.89990,4377.29980,4377.60010,161.0000
2026-09-01T23:50:00+00:00,4377.79980,4378.60010,4374.89990,4374.89990,161.0000
2026-09-01T23:55:00+00:00,4374.70020,4375.29980,4367.70020,4370.60010,992.0000
2026-09-02T00:00:00+00:00,4370.70020,4376.60010,4361.39990,4375.60010,1798.0000
2026-09-02T00:05:00+00:00,4375.60010,4376.89990,4364.00000,4369.79980,930.0000
2026-09-02T00:10:00+00:00,4369.39990,4374.39990,4364.89990,4374.20020,592.0000
2026-09-02T00:15:00+00:00,4374.29980,4380.89990,4373.60010,4374.20020,991.0000
2026-09-02T00:20:00+00:00,4373.79980,4380.60010,4370.70020,4376.10010,662.0000
2026-09-02T00:25:00+00:00,4376.60010,4377.20020,4369.00000,4372.00000,293.0000
2026-09-02T00:30:00+00:00,4371.79980,4371.79980,4366.39990,4369.20020,420.0000
2026-09-02T00:35:00+00:00,4369.00000,4376.20020,4369.00000,4373.39990,413.0000
2026-09-02T00:40:00+00:00,4373.10010,4378.00000,4370.00000,4376.70020,257.0000
2026-09-02T00:45:00+00:00,4376.50000,4377.79980,4369.60010,4369.89990,283.0000
2026-09-02T00:50:00+00:00,4369.60010,4369.60010,4360.70020,4361.20020,705.0000
2026-09-02T00:55:00+00:00,4361.10010,4366.89990,4361.10010,4362.50000,699.0000
2026-09-02T01:00:00+00:00,4362.10010,4369.39990,4353.29980,4359.00000,3214.0000
2026-09-02T01:05:00+00:00,4358.29980,4359.20020,4350.10010,4355.10010,1330.0000
2026-09-02T01:10:00+00:00,4355.39990,4367.60010,4355.00000,4363.20020,1023.0000
2026-09-02T01:15:00+00:00,4363.60010,4373.50000,4362.60010,4367.39990,918.0000
2026-09-02T01:20:00+00:00,4367.50000,4370.10010,4364.00000,4368.79980,364.0000
2026-09-02T01:25:00+00:00,4368.79980,4371.50000,4362.10010,4364.00000,434.0000
2026-09-02T01:30:00+00:00,4364.20020,4365.10010,4351.70020,4356.10010,782.0000
2026-09-02T01:35:00+00:00,4356.39990,4356.70020,4351.60010,4354.39990,581.0000
2026-09-02T01:40:00+00:00,4354.00000,4357.70020,4353.10010,4355.39990,492.0000
2026-09-02T01:45:00+00:00,4355.20020,4356.39990,4350.10010,4352.50000,584.0000
2026-09-02T01:50:00+00:00,4352.39990,4352.39990,4337.00000,4344.10010,2350.0000
2026-09-02T01:55:00+00:00,4344.00000,4346.60010,4333.89990,4338.10010,1407.0000
2026-09-02T02:00:00+00:00,4337.79980,4344.00000,4334.60010,4342.89990,1164.0000
2026-09-02T02:05:00+00:00,4343.20020,4349.00000,4338.70020,4339.79980,1074.0000
2026-09-02T02:10:00+00:00,4339.89990,4343.79980,4336.39990,4343.29980,869.0000
2026-09-02T02:15:00+00:00,4343.39990,4348.10010,4343.29980,4347.29980,353.0000
2026-09-02T02:20:00+00:00,4347.50000,4353.60010,4347.29980,4350.39990,1042.0000
2026-09-02T02:25:00+00:00,4350.39990,4353.00000,4348.89990,4351.70020,423.0000
2026-09-02T02:30:00+00:00,4352.10010,4356.10010,4346.70020,4355.20020,1032.0000
2026-09-02T02:35:00+00:00,4355.00000,4362.10010,4353.70020,4359.89990,1153.0000
2026-09-02T02:40:00+00:00,4359.10010,4361.00000,4356.20020,4356.39990,636.0000
2026-09-02T02:45:00+00:00,4357.00000,4358.29980,4356.10010,4357.89990,132.0000
2026-09-02T02:50:00+00:00,4357.89990,4357.89990,4352.79980,4353.00000,326.0000
2026-09-02T02:55:00+00:00,4353.20020,4353.39990,4347.20020,4350.00000,1106.0000
2026-09-02T03:00:00+00:00,4350.00000,4351.39990,4346.29980,4348.20020,404.0000
2026-09-02T03:05:00+00:00,4348.00000,4348.20020,4343.89990,4346.50000,415.0000
2026-09-02T03:10:00+00:00,4346.39990,4348.60010,4345.10010,4348.00000,347.0000
2026-09-02T03:15:00+00:00,4348.10010,4349.70020,4343.60010,4344.60010,619.0000
2026-09-02T03:20:00+00:00,4344.70020,4344.70020,4336.39990,4340.89990,1435.0000
2026-09-02T03:25:00+00:00,4340.79980,4345.79980,4340.10010,4340.70020,628.0000
2026-09-02T03:30:00+00:00,4340.60010,4340.70020,4331.20020,4332.20020,1282.0000
2026-09-02T03:35:00+00:00,4331.60010,4338.79980,4329.20020,4338.10010,959.0000
2026-09-02T03:40:00+00:00,4338.39990,4338.70020,4332.10010,4335.39990,563.0000
2026-09-02T03:45:00+00:00,4335.50000,4346.50000,4335.29980,4346.00000,973.0000
2026-09-02T03:50:00+00:00,4346.00000,4347.79980,4343.29980,4347.79980,741.0000
2026-09-02T03:55:00+00:00,4347.89990,4350.70020,4347.10010,4348.79980,379.0000
2026-09-02T04:00:00+00:00,4349.89990,4352.39990,4348.79980,4350.50000,538.0000
2026-09-02T04:05:00+00:00,4350.70020,4353.39990,4350.29980,4351.39990,347.0000
2026-09-02T04:10:00+00:00,4351.60010,4353.50000,4350.29980,4350.89990,210.0000
2026-09-02T04:15:00+00:00,4351.10010,4352.29980,4349.29980,4349.79980,268.0000
2026-09-02T04:20:00+00:00,4349.10010,4351.39990,4347.79980,4350.79980,277.0000
2026-09-02T04:25:00+00:00,4351.00000,4351.29980,4348.29980,4349.39990,225.0000
2026-09-02T04:30:00+00:00,4349.60010,4354.39990,4349.10010,4352.00000,260.0000
2026-09-02T04:35:00+00:00,4351.70020,4353.00000,4350.29980,4350.89990,219.0000
2026-09-02T04:40:00+00:00,4350.89990,4352.79980,4349.39990,4351.00000,202.0000
2026-09-02T04:45:00+00:00,4351.39990,4353.20020,4350.39990,4352.29980,146.0000
2026-09-02T04:50:00+00:00,4352.60010,4353.50000,4351.39990,4353.10010,117.0000
2026-09-02T04:55:00+00:00,4352.70020,4354.20020,4352.50000,4353.70020,151.0000
2026-09-02T05:00:00+00:00,4353.89990,4354.70020,4352.00000,4352.89990,146.0000
2026-09-02T05:05:00+00:00,4352.70020,4352.70020,4350.00000,4351.29980,262.0000
2026-09-02T05:10:00+00:00,4351.39990,4356.50000,4351.20020,4356.50000,401.0000
2026-09-02T05:15:00+00:00,4356.60010,4360.50000,4356.60010,4357.20020,565.0000
2026-09-02T05:20:00+00:00,4357.20020,4357.39990,4353.20020,4355.29980,357.0000
2026-09-02T05:25:00+00:00,4355.60010,4360.50000,4355.20020,4359.70020,454.0000
2026-09-02T05:30:00+00:00,4359.79980,4371.70020,4359.70020,4371.29980,2000.0000
2026-09-02T05:35:00+00:00,4370.79980,4371.00000,4364.39990,4365.00000,565.0000
2026-09-02T05:40:00+00:00,4365.00000,4369.70020,4363.89990,4369.60010,362.0000
2026-09-02T05:45:00+00:00,4369.89990,4372.89990,4369.20020,4372.39990,393.0000
2026-09-02T05:50:00+00:00,4372.60010,4373.10010,4366.00000,4366.89990,381.0000
2026-09-02T05:55:00+00:00,4366.79980,4369.29980,4365.89990,4366.70020,253.0000
2026-09-02T06:00:00+00:00,4366.79980,4369.00000,4364.29980,4365.00000,415.0000
2026-09-02T06:05:00+00:00,4364.70020,4370.89990,4364.20020,4370.89990,344.0000
2026-09-02T06:10:00+00:00,4370.89990,4375.89990,4367.39990,4373.10010,789.0000
2026-09-02T06:15:00+00:00,4372.89990,4375.10010,4368.20020,4372.60010,1071.0000
2026-09-02T06:20:00+00:00,4372.20020,4373.10010,4367.50000,4373.10010,528.0000
2026-09-02T06:25:00+00:00,4373.10010,4374.10010,4368.79980,4368.89990,308.0000
2026-09-02T06:30:00+00:00,4369.39990,4370.39990,4364.89990,4366.50000,458.0000
2026-09-02T06:35:00+00:00,4366.29980,4371.00000,4363.00000,4371.00000,441.0000
2026-09-02T06:40:00+00:00,4371.20020,4372.89990,4369.20020,4371.29980,491.0000
2026-09-02T06:45:00+00:00,4371.20020,4371.39990,4363.10010,4363.10010,364.0000
2026-09-02T06:50:00+00:00,4363.10010,4364.00000,4361.20020,4362.39990,360.0000
2026-09-02T06:55:00+00:00,4362.70020,4368.39990,4362.50000,4368.29980,590.0000
2026-09-02T07:00:00+00:00,4368.39990,4370.70020,4365.79980,4368.10010,370.0000
2026-09-02T07:05:00+00:00,4367.70020,4373.60010,4365.89990,4372.79980,465.0000
2026-09-02T07:10:00+00:00,4372.89990,4377.79980,4372.89990,4373.29980,778.0000
2026-09-02T07:15:00+00:00,4373.00000,4375.20020,4372.10010,4374.70020,436.0000
2026-09-02T07:20:00+00:00,4374.50000,4375.79980,4371.60010,4375.10010,296.0000
2026-09-02T07:25:00+00:00,4375.00000,4375.50000,4371.39990,4373.70020,297.0000
2026-09-02T07:30:00+00:00,4373.20020,4376.70020,4371.89990,4374.10010,283.0000
2026-09-02T07:35:00+00:00,4374.20020,4377.79980,4372.79980,4373.10010,458.0000
2026-09-02T07:40:00+00:00,4373.20020,4373.60010,4368.50000,4369.10010,318.0000
2026-09-02T07:45:00+00:00,4369.39990,4371.70020,4368.39990,4368.50000,278.0000
2026-09-02T07:50:00+00:00,4368.60010,4370.10010,4366.89990,4369.00000,294.0000
2026-09-02T07:55:00+00:00,4369.10010,4370.79980,4367.39990,4369.79980,150.0000
2026-09-02T08:00:00+00:00,4370.10010,4374.29980,4368.79980,4374.20020,434.0000
2026-09-02T08:05:00+00:00,4374.10010,4376.89990,4369.39990,4376.50000,370.0000
2026-09-02T08:10:00+00:00,4376.79980,4378.39990,4371.39990,4372.20020,548.0000
2026-09-02T08:15:00+00:00,4371.89990,4374.20020,4371.60010,4371.89990,278.0000
2026-09-02T08:20:00+00:00,4372.29980,4373.70020,4370.79980,4372.50000,361.0000
2026-09-02T08:25:00+00:00,4372.29980,4372.50000,4369.20020,4369.60010,232.0000
2026-09-02T08:30:00+00:00,4369.60010,4372.29980,4367.29980,4368.10010,270.0000
2026-09-02T08:35:00+00:00,4368.10010,4373.20020,4366.00000,4371.50000,356.0000
2026-09-02T08:40:00+00:00,4371.89990,4372.70020,4366.79980,4368.60010,356.0000
2026-09-02T08:45:00+00:00,4368.60010,4369.29980,4366.10010,4368.00000,428.0000
2026-09-02T08:50:00+00:00,4368.39990,4368.39990,4359.50000,4361.00000,1006.0000
2026-09-02T08:55:00+00:00,4361.10010,4364.20020,4359.10010,4359.60010,488.0000
2026-09-02T09:00:00+00:00,4359.60010,4363.60010,4359.10010,4362.70020,405.0000
2026-09-02T09:05:00+00:00,4363.00000,4369.20020,4363.00000,4365.50000,549.0000
2026-09-02T09:10:00+00:00,4365.50000,4365.50000,4360.60010,4360.70020,237.0000
2026-09-02T09:15:00+00:00,4360.79980,4362.20020,4360.20020,4361.20020,197.0000
2026-09-02T09:20:00+00:00,4361.20020,4361.50000,4355.89990,4355.89990,568.0000
2026-09-02T09:25:00+00:00,4355.89990,4356.29980,4352.29980,4356.10010,898.0000
2026-09-02T09:30:00+00:00,4356.29980,4358.00000,4354.60010,4357.10010,677.0000
2026-09-02T09:35:00+00:00,4357.50000,4358.39990,4355.00000,4356.00000,270.0000
2026-09-02T09:40:00+00:00,4356.50000,4359.10010,4356.29980,4357.10010,253.0000
2026-09-02T09:45:00+00:00,4357.20020,4358.70020,4357.00000,4357.50000,188.0000
2026-09-02T09:50:00+00:00,4357.50000,4358.29980,4355.20020,4355.79980,303.0000
2026-09-02T09:55:00+00:00,4356.10010,4357.70020,4355.29980,4355.89990,277.0000
2026-09-02T10:00:00+00:00,4355.89990,4357.10010,4351.70020,4351.70020,218.0000
2026-09-02T10:05:00+00:00,4351.79980,4353.20020,4349.10010,4350.50000,682.0000
2026-09-02T10:10:00+00:00,4350.60010,4355.60010,4349.70020,4354.10010,360.0000
2026-09-02T10:15:00+00:00,4354.00000,4357.10010,4353.39990,4356.10010,265.0000
2026-09-02T10:20:00+00:00,4356.20020,4359.79980,4356.20020,4357.89990,305.0000
2026-09-02T10:25:00+00:00,4357.79980,4359.50000,4356.89990,4357.10010,281.0000
2026-09-02T10:30:00+00:00,4357.39990,4358.10010,4354.89990,4356.60010,184.0000
2026-09-02T10:35:00+00:00,4356.29980,4357.00000,4354.29980,4356.00000,207.0000
2026-09-02T10:40:00+00:00,4356.00000,4357.39990,4355.10010,4356.60010,228.0000
2026-09-02T10:45:00+00:00,4356.70020,4357.60010,4355.39990,4357.60010,206.0000
2026-09-02T10:50:00+00:00,4357.70020,4357.70020,4352.50000,4355.70020,477.0000
2026-09-02T10:55:00+00:00,4355.50000,4357.00000,4353.79980,4356.60010,198.0000
2026-09-02T11:00:00+00:00,4356.29980,4360.20020,4354.89990,4360.00000,353.0000
2026-09-02T11:05:00+00:00,4359.79980,4362.20020,4355.39990,4360.00000,571.0000
2026-09-02T11:10:00+00:00,4359.70020,4371.60010,4358.60010,4370.10010,1122.0000
2026-09-02T11:15:00+00:00,4369.89990,4370.20020,4362.70020,4366.29980,784.0000
2026-09-02T11:20:00+00:00,4366.29980,4367.29980,4363.29980,4366.29980,297.0000
2026-09-02T11:25:00+00:00,4366.39990,4370.29980,4364.10010,4368.79980,423.0000
2026-09-02T11:30:00+00:00,4369.20020,4377.50000,4368.70020,4377.00000,584.0000
2026-09-02T11:35:00+00:00,4377.10010,4380.20020,4376.20020,4379.60010,1129.0000
2026-09-02T11:40:00+00:00,4379.20020,4380.10010,4371.10010,4372.00000,887.0000
2026-09-02T11:45:00+00:00,4371.79980,4374.39990,4370.50000,4372.89990,477.0000
2026-09-02T11:50:00+00:00,4372.70020,4378.20020,4370.50000,4377.70020,402.0000
2026-09-02T11:55:00+00:00,4377.60010,4380.10010,4376.50000,4379.60010,538.0000
2026-09-02T12:00:00+00:00,4379.50000,4382.79980,4375.89990,4381.70020,1313.0000
2026-09-02T12:05:00+00:00,4381.79980,4383.29980,4377.29980,4380.50000,757.0000
2026-09-02T12:10:00+00:00,4380.60010,4381.50000,4376.29980,4380.29980,708.0000
2026-09-02T12:15:00+00:00,4380.20020,4381.70020,4377.00000,4378.39990,743.0000
2026-09-02T12:20:00+00:00,4378.20020,4391.39990,4376.60010,4386.20020,4578.0000
2026-09-02T12:25:00+00:00,4385.79980,4389.50000,4381.00000,4383.29980,982.0000
2026-09-02T12:30:00+00:00,4383.29980,4384.50000,4376.20020,4376.79980,1273.0000
2026-09-02T12:35:00+00:00,4377.00000,4380.60010,4374.39990,4380.20020,906.0000
2026-09-02T12:40:00+00:00,4380.50000,4382.00000,4379.10010,4381.10010,496.0000
2026-09-02T12:45:00+00:00,4381.39990,4386.00000,4378.50000,4386.00000,679.0000
2026-09-02T12:50:00+00:00,4386.00000,4386.00000,4379.39990,4381.20020,475.0000
2026-09-02T12:55:00+00:00,4381.60010,4381.70020,4377.29980,4378.29980,683.0000
2026-09-02T13:00:00+00:00,4378.29980,4388.60010,4377.50000,4385.50000,1647.0000
2026-09-02T13:05:00+00:00,4385.39990,4391.20020,4385.39990,4388.89990,1229.0000
2026-09-02T13:10:00+00:00,4388.70020,4391.50000,4384.50000,4386.50000,1158.0000
2026-09-02T13:15:00+00:00,4386.50000,4391.29980,4383.50000,4389.00000,984.0000
2026-09-02T13:20:00+00:00,4389.29980,4395.20020,4388.70020,4394.79980,1265.0000
2026-09-02T13:25:00+00:00,4394.79980,4405.79980,4394.20020,4405.50000,4973.0000
2026-09-02T13:30:00+00:00,4405.29980,4415.00000,4403.79980,4412.00000,4075.0000
2026-09-02T13:35:00+00:00,4412.10010,4415.50000,4409.50000,4413.89990,1773.0000
2026-09-02T13:40:00+00:00,4414.39990,4427.00000,4411.50000,4425.50000,3579.0000
2026-09-02T13:45:00+00:00,4425.70020,4427.00000,4415.89990,4416.20020,2974.0000
2026-09-02T13:50:00+00:00,4416.29980,4426.00000,4415.39990,4424.50000,2000.0000
2026-09-02T13:55:00+00:00,4424.20020,4433.50000,4419.39990,4433.00000,2277.0000
2026-09-02T14:00:00+00:00,4432.89990,4433.79980,4426.39990,4431.70020,3154.0000
2026-09-02T14:05:00+00:00,4431.89990,4443.70020,4431.39990,4438.00000,4154.0000
2026-09-02T14:10:00+00:00,4437.79980,4444.39990,4433.60010,4434.79980,2650.0000
2026-09-02T14:15:00+00:00,4434.79980,4439.50000,4431.70020,4439.10010,1687.0000
2026-09-02T14:20:00+00:00,4439.20020,4444.00000,4433.50000,4433.79980,2059.0000
2026-09-02T14:25:00+00:00,4433.89990,4437.20020,4432.10010,4434.29980,851.0000
2026-09-02T14:30:00+00:00,4434.20020,4435.00000,4429.60010,4433.29980,1219.0000
2026-09-02T14:35:00+00:00,4433.20020,4434.60010,4429.20020,4429.79980,983.0000
2026-09-02T14:40:00+00:00,4429.70020,4433.20020,4428.39990,4432.60010,1066.0000
2026-09-02T14:45:00+00:00,4432.50000,4433.89990,4425.89990,4428.20020,1085.0000
2026-09-02T14:50:00+00:00,4428.20020,4429.10010,4423.10010,4424.20020,972.0000
2026-09-02T14:55:00+00:00,4424.00000,4425.89990,4421.39990,4424.20020,1012.0000
2026-09-02T15:00:00+00:00,4424.10010,4427.79980,4421.39990,4424.39990,997.0000
2026-09-02T15:05:00+00:00,4424.29980,4427.39990,4420.39990,4423.50000,834.0000
2026-09-02T15:10:00+00:00,4423.29980,4425.00000,4419.20020,4419.39990,967.0000
2026-09-02T15:15:00+00:00,4419.20020,4419.39990,4415.70020,4416.50000,1465.0000
2026-09-02T15:20:00+00:00,4416.70020,4418.60010,4412.50000,4417.10010,1641.0000
2026-09-02T15:25:00+00:00,4417.20020,4420.00000,4414.39990,4419.50000,1396.0000
2026-09-02T15:30:00+00:00,4419.79980,4422.20020,4418.00000,4418.60010,923.0000
2026-09-02T15:35:00+00:00,4418.39990,4419.39990,4414.39990,4416.79980,506.0000
2026-09-02T15:40:00+00:00,4417.70020,4419.10010,4412.79980,4413.20020,378.0000
2026-09-02T15:45:00+00:00,4412.89990,4416.70020,4411.39990,4414.50000,693.0000
2026-09-02T15:50:00+00:00,4414.79980,4416.60010,4414.00000,4415.39990,322.0000
2026-09-02T15:55:00+00:00,4415.29980,4420.60010,4414.70020,4419.89990,737.0000
2026-09-02T16:00:00+00:00,4419.70020,4421.70020,4418.00000,4419.50000,683.0000
2026-09-02T16:05:00+00:00,4419.79980,4420.20020,4415.70020,4417.00000,441.0000
2026-09-02T16:10:00+00:00,4417.39990,4420.00000,4417.00000,4419.10010,296.0000
2026-09-02T16:15:00+00:00,4418.60010,4419.00000,4414.60010,4416.79980,526.0000
2026-09-02T16:20:00+00:00,4416.50000,4417.70020,4415.39990,4416.50000,257.0000
2026-09-02T16:25:00+00:00,4416.10010,4417.00000,4414.29980,4415.20020,235.0000
2026-09-02T16:30:00+00:00,4415.50000,4417.39990,4413.79980,4414.00000,405.0000
2026-09-02T16:35:00+00:00,4414.29980,4415.70020,4413.00000,4415.29980,429.0000
2026-09-02T16:40:00+00:00,4415.20020,4415.29980,4411.10010,4411.50000,589.0000
2026-09-02T16:45:00+00:00,4411.50000,4413.39990,4411.29980,4412.89990,335.0000
2026-09-02T16:50:00+00:00,4412.50000,4417.50000,4411.50000,4416.60010,489.0000
2026-09-02T16:55:00+00:00,4416.50000,4417.20020,4414.50000,4415.10010,344.0000
2026-09-02T17:00:00+00:00,4415.20020,4417.60010,4414.70020,4417.39990,425.0000
2026-09-02T17:05:00+00:00,4417.39990,4417.89990,4415.39990,4416.79980,328.0000
2026-09-02T17:10:00+00:00,4416.60010,4417.20020,4414.20020,4415.29980,302.0000
2026-09-02T17:15:00+00:00,4415.39990,4415.70020,4411.20020,4411.89990,644.0000
2026-09-02T17:20:00+00:00,4411.89990,4414.10010,4411.20020,4413.79980,358.0000
2026-09-02T17:25:00+00:00,4413.70020,4416.60010,4413.39990,4416.60010,970.0000
2026-09-02T17:30:00+00:00,4416.60010,4418.29980,4414.70020,4414.70020,331.0000
2026-09-02T17:35:00+00:00,4414.60010,4416.10010,4413.20020,4413.20020,529.0000
2026-09-02T17:40:00+00:00,4413.39990,4424.20020,4413.39990,4423.20020,1573.0000
2026-09-02T17:45:00+00:00,4422.89990,4427.39990,4422.00000,4422.70020,1012.0000
2026-09-02T17:50:00+00:00,4422.79980,4424.10010,4422.00000,4422.89990,291.0000
2026-09-02T17:55:00+00:00,4422.89990,4425.29980,4422.39990,4423.39990,417.0000
2026-09-02T18:00:00+00:00,4423.70020,4423.79980,4418.89990,4421.50000,475.0000
2026-09-02T18:05:00+00:00,4421.39990,4422.39990,4419.89990,4420.29980,246.0000
2026-09-02T18:10:00+00:00,4420.00000,4420.60010,4416.29980,4416.79980,405.0000
2026-09-02T18:15:00+00:00,4416.79980,4426.20020,4415.89990,4424.10010,1173.0000
2026-09-02T18:20:00+00:00,4424.10010,4426.29980,4419.00000,4420.00000,782.0000
2026-09-02T18:25:00+00:00,4419.79980,4420.70020,4418.79980,4420.00000,206.0000
2026-09-02T18:30:00+00:00,4419.70020,4425.00000,4419.60010,4423.29980,336.0000
2026-09-02T18:35:00+00:00,4423.39990,4424.79980,4421.89990,4423.00000,146.0000
2026-09-02T18:40:00+00:00,4422.79980,4423.50000,4419.00000,4419.60010,186.0000
2026-09-02T18:45:00+00:00,4419.60010,4421.50000,4419.10010,4420.50000,159.0000
2026-09-02T18:50:00+00:00,4420.60010,4422.50000,4420.10010,4421.10010,325.0000
2026-09-02T18:55:00+00:00,4421.29980,4422.10010,4419.20020,4420.29980,174.0000
2026-09-02T19:00:00+00:00,4420.79980,4421.70020,4418.29980,4421.70020,245.0000
2026-09-02T19:05:00+00:00,4421.29980,4424.00000,4421.20020,4423.60010,206.0000
2026-09-02T19:10:00+00:00,4423.79980,4427.00000,4423.00000,4425.60010,428.0000
2026-09-02T19:15:00+00:00,4425.70020,4427.00000,4424.79980,4426.10010,205.0000
2026-09-02T19:20:00+00:00,4426.00000,4427.39990,4424.89990,4426.79980,194.0000
2026-09-02T19:25:00+00:00,4426.39990,4429.70020,4426.39990,4427.60010,405.0000
2026-09-02T19:30:00+00:00,4427.70020,4430.70020,4427.60010,4430.29980,368.0000
2026-09-02T19:35:00+00:00,4430.10010,4430.60010,4427.70020,4430.50000,268.0000
2026-09-02T19:40:00+00:00,4430.29980,4435.20020,4430.00000,4434.50000,564.0000
2026-09-02T19:45:00+00:00,4434.60010,4435.29980,4431.39990,4433.00000,588.0000
2026-09-02T19:50:00+00:00,4433.10010,4436.39990,4432.39990,4434.10010,560.0000
2026-09-02T19:55:00+00:00,4433.60010,4437.89990,4432.70020,4437.70020,807.0000
2026-09-02T20:00:00+00:00,4437.39990,4438.20020,4435.20020,4436.89990,334.0000
2026-09-02T20:05:00+00:00,4436.70020,4437.39990,4434.10010,4434.50000,274.0000
2026-09-02T20:10:00+00:00,4434.79980,4435.70020,4432.50000,4432.60010,231.0000
2026-09-02T20:15:00+00:00,4432.50000,4433.00000,4430.60010,4431.29980,240.0000
2026-09-02T20:20:00+00:00,4431.89990,4432.50000,4431.39990,4432.50000,67.0000
2026-09-02T20:25:00+00:00,4432.29980,4434.60010,4432.00000,4433.20020,225.0000
2026-09-02T20:30:00+00:00,4433.00000,4434.79980,4432.50000,4434.29980,94.0000
2026-09-02T20:35:00+00:00,4434.39990,4434.70020,4433.50000,4434.29980,89.0000
2026-09-02T20:40:00+00:00,4434.39990,4436.60010,4434.20020,4434.79980,148.0000
2026-09-02T20:45:00+00:00,4434.89990,4436.50000,4433.79980,4435.79980,219.0000
2026-09-02T20:50:00+00:00,4435.79980,4437.70020,4435.70020,4436.00000,119.0000
2026-09-02T20:55:00+00:00,4435.70020,4436.10010,4434.10010,4434.29980,205.0000
2026-09-02T22:00:00+00:00,4436.39990,4438.10010,4434.79980,4436.29980,0.0000
2026-09-02T22:05:00+00:00,4435.70020,4437.00000,4435.00000,4435.60010,125.0000
2026-09-02T22:10:00+00:00,4435.20020,4436.20020,4434.79980,4434.79980,40.0000
2026-09-02T22:15:00+00:00,4434.79980,4434.79980,4432.60010,4433.10010,152.0000
2026-09-02T22:20:00+00:00,4433.60010,4434.70020,4432.79980,4433.89990,146.0000
2026-09-02T22:25:00+00:00,4434.39990,4435.89990,4433.79980,4434.79980,115.0000
2026-09-02T22:30:00+00:00,4434.29980,4434.70020,4432.60010,4433.20020,271.0000
2026-09-02T22:35:00+00:00,4433.39990,4433.50000,4432.29980,4432.79980,117.0000
2026-09-02T22:40:00+00:00,4432.60010,4433.10010,4430.29980,4430.39990,166.0000
2026-09-02T22:45:00+00:00,4430.39990,4430.50000,4428.39990,4429.29980,203.0000
2026-09-02T22:50:00+00:00,4429.29980,4430.39990,4429.10010,4429.79980,34.0000
2026-09-02T22:55:00+00:00,4429.89990,4430.50000,4429.70020,4429.79980,29.0000
2026-09-02T23:00:00+00:00,4430.20020,4431.89990,4429.39990,4431.89990,113.0000
2026-09-02T23:05:00+00:00,4432.00000,4432.20020,4430.60010,4432.10010,166.0000
2026-09-02T23:10:00+00:00,4431.89990,4432.10010,4429.39990,4429.60010,88.0000
2026-09-02T23:15:00+00:00,4429.39990,4429.60010,4427.60010,4427.79980,147.0000
2026-09-02T23:20:00+00:00,4427.79980,4428.39990,4427.60010,4428.29980,73.0000
2026-09-02T23:25:00+00:00,4428.20020,4428.39990,4427.29980,4427.70020,62.0000
2026-09-02T23:30:00+00:00,4427.50000,4429.39990,4427.00000,4428.50000,176.0000
2026-09-02T23:35:00+00:00,4428.29980,4428.89990,4426.70020,4428.70020,130.0000
2026-09-02T23:40:00+00:00,4428.50000,4430.79980,4428.50000,4430.79980,163.0000
2026-09-02T23:45:00+00:00,4430.20020,4434.39990,4429.89990,4432.10010,320.0000
2026-09-02T23:50:00+00:00,4432.29980,4433.10010,4430.10010,4430.20020,162.0000
2026-09-02T23:55:00+00:00,4430.10010,4432.29980,4429.89990,4431.00000,95.0000
2026-09-03T00:00:00+00:00,4431.20020,4435.10010,4429.89990,4434.60010,256.0000
2026-09-03T00:05:00+00:00,4434.79980,4436.20020,4430.10010,4432.39990,471.0000
2026-09-03T00:10:00+00:00,4432.70020,4438.00000,4432.50000,4435.39990,464.0000
2026-09-03T00:15:00+00:00,4435.39990,4435.70020,4430.60010,4431.89990,274.0000
2026-09-03T00:20:00+00:00,4432.29980,4433.29980,4430.29980,4432.79980,157.0000
2026-09-03T00:25:00+00:00,4433.20020,4435.29980,4432.20020,4432.50000,130.0000
2026-09-03T00:30:00+00:00,4432.29980,4432.29980,4427.89990,4428.00000,233.0000
2026-09-03T00:35:00+00:00,4428.00000,4435.00000,4427.79980,4433.89990,200.0000
2026-09-03T00:40:00+00:00,4434.50000,4435.00000,4432.20020,4433.00000,178.0000
2026-09-03T00:45:00+00:00,4433.10010,4435.20020,4431.29980,4435.20020,106.0000
2026-09-03T00:50:00+00:00,4435.29980,4439.50000,4434.29980,4437.00000,501.0000
2026-09-03T00:55:00+00:00,4437.00000,4442.89990,4436.00000,4440.50000,489.0000
2026-09-03T01:00:00+00:00,4440.79980,4442.20020,4432.20020,4440.50000,1170.0000
2026-09-03T01:05:00+00:00,4440.39990,4448.29980,4437.70020,4447.60010,1452.0000
2026-09-03T01:10:00+00:00,4447.89990,4454.70020,4446.10010,4446.79980,1983.0000
2026-09-03T01:15:00+00:00,4446.29980,4448.89990,4441.79980,4443.60010,614.0000
2026-09-03T01:20:00+00:00,4443.79980,4448.10010,4440.10010,4441.20020,554.0000
2026-09-03T01:25:00+00:00,4441.00000,4447.10010,4439.10010,4447.10010,566.0000
2026-09-03T01:30:00+00:00,4446.79980,4454.79980,4446.50000,4454.10010,867.0000
2026-09-03T01:35:00+00:00,4454.60010,4454.60010,4450.00000,4452.89990,418.0000
2026-09-03T01:40:00+00:00,4452.89990,4453.10010,4445.39990,4445.79980,434.0000
2026-09-03T01:45:00+00:00,4445.50000,4453.50000,4445.20020,4452.89990,373.0000
2026-09-03T01:50:00+00:00,4452.39990,4452.79980,4449.79980,4452.60010,236.0000
2026-09-03T01:55:00+00:00,4452.79980,4457.60010,4452.10010,4455.00000,551.0000
2026-09-03T02:00:00+00:00,4455.20020,4461.20020,4454.50000,4456.20020,1117.0000
2026-09-03T02:05:00+00:00,4456.10010,4458.39990,4454.50000,4455.79980,393.0000
2026-09-03T02:10:00+00:00,4455.60010,4458.79980,4454.89990,4456.20020,326.0000
2026-09-03T02:15:00+00:00,4456.89990,4458.60010,4454.39990,4455.50000,251.0000
2026-09-03T02:20:00+00:00,4455.29980,4457.89990,4452.20020,4454.89990,493.0000
2026-09-03T02:25:00+00:00,4455.20020,4457.10010,4453.00000,4457.10010,362.0000
2026-09-03T02:30:00+00:00,4457.10010,4463.00000,4454.79980,4460.89990,1107.0000
2026-09-03T02:35:00+00:00,4460.89990,4463.70020,4459.50000,4461.89990,572.0000
2026-09-03T02:40:00+00:00,4462.00000,4462.29980,4458.00000,4459.00000,318.0000
2026-09-03T02:45:00+00:00,4459.39990,4463.00000,4457.10010,4463.00000,346.0000
2026-09-03T02:50:00+00:00,4462.50000,4466.00000,4461.39990,4465.39990,414.0000
2026-09-03T02:55:00+00:00,4465.39990,4466.20020,4464.50000,4466.00000,278.0000
2026-09-03T03:00:00+00:00,4466.00000,4471.00000,4464.89990,4470.10010,617.0000
2026-09-03T03:05:00+00:00,4470.00000,4472.00000,4469.60010,4470.79980,581.0000
2026-09-03T03:10:00+00:00,4470.70020,4475.79980,4469.60010,4474.60010,701.0000
2026-09-03T03:15:00+00:00,4474.39990,4476.00000,4471.20020,4472.20020,653.0000
2026-09-03T03:20:00+00:00,4472.29980,4472.79980,4470.29980,4472.10010,195.0000
2026-09-03T03:25:00+00:00,4471.70020,4477.10010,4471.00000,4475.10010,395.0000
2026-09-03T03:30:00+00:00,4475.20020,4477.89990,4475.20020,4477.60010,649.0000
2026-09-03T03:35:00+00:00,4477.10010,4477.50000,4475.00000,4476.29980,405.0000
2026-09-03T03:40:00+00:00,4476.20020,4476.29980,4472.39990,4472.39990,271.0000
2026-09-03T03:45:00+00:00,4472.20020,4474.29980,4471.00000,4473.00000,579.0000
2026-09-03T03:50:00+00:00,4473.00000,4476.39990,4471.89990,4476.20020,841.0000
2026-09-03T03:55:00+00:00,4476.20020,4478.20020,4475.39990,4477.10010,284.0000
2026-09-03T04:00:00+00:00,4477.29980,4477.60010,4472.29980,4472.39990,785.0000
2026-09-03T04:05:00+00:00,4472.50000,4479.39990,4470.79980,4478.70020,970.0000
2026-09-03T04:10:00+00:00,4478.70020,4481.10010,4475.79980,4476.20020,720.0000
2026-09-03T04:15:00+00:00,4476.20020,4476.70020,4475.10010,4476.00000,193.0000
2026-09-03T04:20:00+00:00,4476.00000,4479.00000,4475.79980,4479.00000,159.0000
2026-09-03T04:25:00+00:00,4478.89990,4482.00000,4478.89990,4481.79980,387.0000
2026-09-03T04:30:00+00:00,4481.70020,4482.39990,4480.50000,4482.20020,249.0000
2026-09-03T04:35:00+00:00,4482.10010,4483.70020,4481.29980,4483.50000,271.0000
2026-09-03T04:40:00+00:00,4483.50000,4483.70020,4481.70020,4483.29980,179.0000
2026-09-03T04:45:00+00:00,4483.50000,4483.89990,4481.70020,4481.79980,248.0000
2026-09-03T04:50:00+00:00,4481.60010,4482.00000,4480.50000,4481.00000,159.0000
2026-09-03T04:55:00+00:00,4481.00000,4483.29980,4479.39990,4483.00000,804.0000
2026-09-03T05:00:00+00:00,4483.10010,4486.00000,4481.70020,4481.79980,594.0000
2026-09-03T05:05:00+00:00,4482.10010,4482.10010,4476.10010,4476.39990,634.0000
2026-09-03T05:10:00+00:00,4476.20020,4478.20020,4474.39990,4475.29980,709.0000
2026-09-03T05:15:00+00:00,4475.39990,4476.70020,4472.60010,4474.29980,665.0000
2026-09-03T05:20:00+00:00,4474.29980,4474.39990,4468.20020,4471.50000,1129.0000
2026-09-03T05:25:00+00:00,4471.89990,4473.29980,4468.70020,4471.00000,508.0000
2026-09-03T05:30:00+00:00,4470.89990,4479.50000,4468.29980,4476.79980,1135.0000
2026-09-03T05:35:00+00:00,4476.79980,4478.39990,4471.60010,4474.39990,939.0000
2026-09-03T05:40:00+00:00,4474.10010,4478.60010,4471.89990,4478.20020,503.0000
2026-09-03T05:45:00+00:00,4478.50000,4482.29980,4474.39990,4480.89990,532.0000
2026-09-03T05:50:00+00:00,4481.50000,4485.29980,4478.60010,4479.29980,870.0000
2026-09-03T05:55:00+00:00,4479.50000,4482.20020,4476.29980,4477.00000,685.0000
2026-09-03T06:00:00+00:00,4477.00000,4480.00000,4474.39990,4476.20020,703.0000
2026-09-03T06:05:00+00:00,4476.50000,4482.20020,4475.89990,4477.29980,677.0000
2026-09-03T06:10:00+00:00,4477.29980,4477.39990,4471.70020,4472.89990,589.0000
2026-09-03T06:15:00+00:00,4473.10010,4476.79980,4470.50000,4471.89990,885.0000
2026-09-03T06:20:00+00:00,4471.70020,4472.89990,4462.79980,4464.89990,1599.0000
2026-09-03T06:25:00+00:00,4465.20020,4470.00000,4464.50000,4467.50000,691.0000
2026-09-03T06:30:00+00:00,4467.50000,4469.39990,4466.29980,4469.20020,577.0000
2026-09-03T06:35:00+00:00,4468.89990,4471.89990,4468.50000,4468.79980,600.0000
2026-09-03T06:40:00+00:00,4469.39990,4472.00000,4469.10010,4471.60010,226.0000
2026-09-03T06:45:00+00:00,4471.60010,4474.70020,4471.20020,4472.20020,456.0000
2026-09-03T06:50:00+00:00,4472.00000,4472.00000,4468.39990,4468.60010,309.0000
2026-09-03T06:55:00+00:00,4468.29980,4469.89990,4466.10010,4466.39990,311.0000
2026-09-03T07:00:00+00:00,4466.00000,4477.00000,4464.60010,4477.00000,1135.0000
2026-09-03T07:05:00+00:00,4477.10010,4477.50000,4469.29980,4470.89990,828.0000
2026-09-03T07:10:00+00:00,4470.50000,4470.89990,4467.20020,4467.70020,417.0000
2026-09-03T07:15:00+00:00,4467.50000,4472.60010,4467.39990,4470.89990,638.0000
2026-09-03T07:20:00+00:00,4470.79980,4475.79980,4470.00000,4475.10010,351.0000
2026-09-03T07:25:00+00:00,4475.20020,4475.70020,4470.79980,4471.89990,532.0000
2026-09-03T07:30:00+00:00,4471.70020,4473.89990,4471.70020,4473.50000,292.0000
2026-09-03T07:35:00+00:00,4473.29980,4476.10010,4469.29980,4473.29980,674.0000
2026-09-03T07:40:00+00:00,4472.89990,4476.39990,4472.00000,4472.10010,349.0000
2026-09-03T07:45:00+00:00,4472.10010,4474.20020,4469.70020,4472.20020,389.0000
2026-09-03T07:50:00+00:00,4471.70020,4476.79980,4470.20020,4476.29980,511.0000
2026-09-03T07:55:00+00:00,4476.20020,4476.20020,4473.60010,4474.70020,235.0000
2026-09-03T08:00:00+00:00,4474.50000,4487.39990,4473.60010,4482.70020,1625.0000
2026-09-03T08:05:00+00:00,4483.20020,4490.00000,4481.00000,4481.39990,1948.0000
2026-09-03T08:10:00+00:00,4481.00000,4481.70020,4477.00000,4477.60010,609.0000
2026-09-03T08:15:00+00:00,4477.29980,4484.89990,4476.79980,4484.10010,765.0000
2026-09-03T08:20:00+00:00,4484.10010,4485.79980,4481.00000,4483.29980,1067.0000
2026-09-03T08:25:00+00:00,4483.60010,4485.10010,4481.00000,4484.60010,640.0000
2026-09-03T08:30:00+00:00,4484.29980,4485.79980,4482.00000,4485.20020,552.0000
2026-09-03T08:35:00+00:00,4485.29980,4486.00000,4480.39990,4480.39990,397.0000
2026-09-03T08:40:00+00:00,4480.39990,4481.50000,4477.50000,4480.50000,798.0000
2026-09-03T08:45:00+00:00,4480.70020,4486.29980,4480.50000,4484.50000,687.0000
2026-09-03T08:50:00+00:00,4484.20020,4484.39990,4480.50000,4481.50000,295.0000
2026-09-03T08:55:00+00:00,4481.29980,4483.79980,4480.00000,4481.10010,336.0000
2026-09-03T09:00:00+00:00,4481.29980,4483.79980,4480.39990,4483.50000,491.0000
2026-09-03T09:05:00+00:00,4483.60010,4488.20020,4481.50000,4486.10010,1015.0000
2026-09-03T09:10:00+00:00,4485.79980,4486.29980,4484.00000,4484.20020,326.0000
2026-09-03T09:15:00+00:00,4484.29980,4484.50000,4480.70020,4480.79980,436.0000
2026-09-03T09:20:00+00:00,4481.00000,4481.60010,4478.39990,4478.70020,450.0000
2026-09-03T09:25:00+00:00,4478.89990,4482.10010,4478.20020,4481.50000,767.0000
2026-09-03T09:30:00+00:00,4481.29980,4484.39990,4479.89990,4483.50000,1199.0000
2026-09-03T09:35:00+00:00,4483.60010,4484.70020,4476.70020,4478.60010,1162.0000
2026-09-03T09:40:00+00:00,4479.29980,4480.70020,4475.89990,4476.29980,374.0000
2026-09-03T09:45:00+00:00,4476.20020,4476.60010,4472.10010,4475.39990,601.0000
2026-09-03T09:50:00+00:00,4475.29980,4476.89990,4472.89990,4473.60010,205.0000
2026-09-03T09:55:00+00:00,4473.50000,4475.60010,4472.00000,4473.89990,584.0000
2026-09-03T10:00:00+00:00,4474.10010,4474.89990,4472.00000,4474.00000,240.0000
2026-09-03T10:05:00+00:00,4473.70020,4476.10010,4471.50000,4471.60010,347.0000
2026-09-03T10:10:00+00:00,4471.29980,4472.10010,4469.20020,4470.89990,385.0000
2026-09-03T10:15:00+00:00,4470.60010,4472.10010,4468.20020,4468.60010,323.0000
2026-09-03T10:20:00+00:00,4468.50000,4469.39990,4464.89990,4466.20020,770.0000
2026-09-03T10:25:00+00:00,4466.29980,4470.29980,4466.29980,4468.70020,875.0000
2026-09-03T10:30:00+00:00,4468.60010,4470.70020,4466.20020,4468.89990,599.0000
2026-09-03T10:35:00+00:00,4469.00000,4471.10010,4468.39990,4470.50000,320.0000
2026-09-03T10:40:00+00:00,4471.00000,4472.70020,4470.60010,4472.00000,204.0000
2026-09-03T10:45:00+00:00,4471.70020,4472.70020,4470.39990,4470.60010,146.0000
2026-09-03T10:50:00+00:00,4470.50000,4474.20020,4470.20020,4474.00000,274.0000
2026-09-03T10:55:00+00:00,4474.10010,4474.79980,4473.00000,4473.20020,254.0000
2026-09-03T11:00:00+00:00,4473.10010,4475.50000,4471.10010,4472.79980,262.0000
2026-09-03T11:05:00+00:00,4472.50000,4477.20020,4471.89990,4477.10010,535.0000
2026-09-03T11:10:00+00:00,4476.70020,4479.00000,4476.20020,4478.60010,458.0000
2026-09-03T11:15:00+00:00,4478.70020,4484.20020,4478.39990,4480.50000,1030.0000
2026-09-03T11:20:00+00:00,4480.39990,4480.70020,4476.60010,4477.20020,234.0000
2026-09-03T11:25:00+00:00,4477.10010,4481.10010,4476.20020,4480.39990,691.0000
2026-09-03T11:30:00+00:00,4480.50000,4481.39990,4471.89990,4480.39990,1198.0000
2026-09-03T11:35:00+00:00,4480.39990,4482.89990,4480.20020,4481.70020,230.0000
2026-09-03T11:40:00+00:00,4481.79980,4485.29980,4481.60010,4484.50000,299.0000
2026-09-03T11:45:00+00:00,4484.79980,4486.79980,4482.50000,4485.10010,468.0000
2026-09-03T11:50:00+00:00,4485.00000,4487.79980,4484.00000,4485.70020,481.0000
2026-09-03T11:55:00+00:00,4486.00000,4493.39990,4485.60010,4490.20020,1046.0000
2026-09-03T12:00:00+00:00,4490.00000,4494.60010,4487.00000,4494.20020,865.0000
2026-09-03T12:05:00+00:00,4494.20020,4495.10010,4491.00000,4494.79980,774.0000
2026-09-03T12:10:00+00:00,4494.89990,4496.70020,4489.60010,4490.39990,848.0000
2026-09-03T12:15:00+00:00,4490.39990,4490.70020,4487.10010,4487.70020,675.0000
2026-09-03T12:20:00+00:00,4488.00000,4495.60010,4484.10010,4492.89990,1450.0000
2026-09-03T12:25:00+00:00,4492.89990,4495.50000,4492.29980,4493.29980,1069.0000
2026-09-03T12:30:00+00:00,4493.10010,4520.00000,4492.89990,4513.60010,6535.0000
2026-09-03T12:35:00+00:00,4513.79980,4526.39990,4506.70020,4523.10010,4533.0000
2026-09-03T12:40:00+00:00,4522.79980,4524.79980,4511.60010,4514.70020,2296.0000
2026-09-03T12:45:00+00:00,4514.89990,4527.39990,4512.50000,4527.20020,1920.0000
2026-09-03T12:50:00+00:00,4527.29980,4539.50000,4526.70020,4538.29980,3563.0000
2026-09-03T12:55:00+00:00,4538.20020,4542.60010,4537.00000,4540.89990,2976.0000
2026-09-03T13:00:00+00:00,4540.89990,4543.70020,4535.50000,4537.29980,3648.0000
2026-09-03T13:05:00+00:00,4537.39990,4541.39990,4533.00000,4535.39990,1930.0000
2026-09-03T13:10:00+00:00,4535.89990,4537.70020,4532.00000,4532.89990,2130.0000
2026-09-03T13:15:00+00:00,4533.29980,4535.29980,4526.60010,4527.10010,2892.0000
2026-09-03T13:20:00+00:00,4527.20020,4532.00000,4525.79980,4531.10010,1837.0000
2026-09-03T13:25:00+00:00,4530.79980,4531.29980,4524.29980,4527.60010,1113.0000
2026-09-03T13:30:00+00:00,4527.39990,4529.70020,4521.39990,4524.79980,1694.0000
2026-09-03T13:35:00+00:00,4524.89990,4527.29980,4519.70020,4522.70020,1279.0000
2026-09-03T13:40:00+00:00,4522.89990,4522.89990,4515.00000,4517.20020,2319.0000
2026-09-03T13:45:00+00:00,4517.20020,4517.70020,4502.79980,4504.79980,2681.0000
2026-09-03T13:50:00+00:00,4505.10010,4511.79980,4504.60010,4510.50000,2266.0000
2026-09-03T13:55:00+00:00,4510.39990,4517.70020,4509.20020,4517.10010,2164.0000
2026-09-03T14:00:00+00:00,4517.10010,4517.70020,4502.89990,4512.00000,2621.0000
2026-09-03T14:05:00+00:00,4512.20020,4519.79980,4508.79980,4510.89990,1663.0000
2026-09-03T14:10:00+00:00,4511.00000,4516.39990,4507.89990,4515.70020,1128.0000
2026-09-03T14:15:00+00:00,4515.50000,4523.79980,4515.50000,4522.79980,1559.0000
2026-09-03T14:20:00+00:00,4523.00000,4527.29980,4518.29980,4522.20020,1734.0000
2026-09-03T14:25:00+00:00,4522.20020,4524.60010,4516.89990,4523.60010,909.0000
2026-09-03T14:30:00+00:00,4523.50000,4526.10010,4516.79980,4516.79980,1475.0000
2026-09-03T14:35:00+00:00,4517.20020,4520.39990,4514.70020,4515.79980,867.0000
2026-09-03T14:40:00+00:00,4515.29980,4521.20020,4512.39990,4519.29980,662.0000
2026-09-03T14:45:00+00:00,4519.50000,4526.50000,4519.20020,4520.70020,940.0000
2026-09-03T14:50:00+00:00,4520.70020,4525.89990,4520.70020,4523.20020,531.0000
2026-09-03T14:55:00+00:00,4523.50000,4531.89990,4516.60010,4531.89990,2221.0000
2026-09-03T15:00:00+00:00,4532.00000,4547.89990,4530.89990,4545.29980,4843.0000
2026-09-03T15:05:00+00:00,4545.50000,4551.60010,4544.29980,4545.20020,3356.0000
2026-09-03T15:10:00+00:00,4545.70020,4552.00000,4542.79980,4551.00000,2015.0000
2026-09-03T15:15:00+00:00,4551.29980,4558.50000,4549.20020,4557.89990,2374.0000
2026-09-03T15:20:00+00:00,4558.00000,4558.50000,4551.29980,4552.29980,1482.0000
2026-09-03T15:25:00+00:00,4552.10010,4555.70020,4551.70020,4554.10010,1513.0000
2026-09-03T15:30:00+00:00,4554.20020,4557.39990,4547.39990,4550.89990,1495.0000
2026-09-03T15:35:00+00:00,4550.70020,4552.70020,4542.79980,4544.39990,1178.0000
2026-09-03T15:40:00+00:00,4544.60010,4546.00000,4542.39990,4542.79980,522.0000
2026-09-03T15:45:00+00:00,4542.50000,4543.10010,4535.10010,4536.20020,1221.0000
2026-09-03T15:50:00+00:00,4536.20020,4539.60010,4534.89990,4538.10010,1066.0000
2026-09-03T15:55:00+00:00,4538.20020,4541.10010,4533.70020,4540.79980,842.0000
2026-09-03T16:00:00+00:00,4540.70020,4541.20020,4537.89990,4538.39990,490.0000
2026-09-03T16:05:00+00:00,4538.39990,4540.89990,4535.20020,4539.79980,489.0000
2026-09-03T16:10:00+00:00,4540.29980,4543.39990,4540.00000,4541.70020,571.0000
2026-09-03T16:15:00+00:00,4541.70020,4542.39990,4538.89990,4541.29980,588.0000
2026-09-03T16:20:00+00:00,4541.50000,4541.70020,4538.60010,4540.60010,372.0000
2026-09-03T16:25:00+00:00,4540.70020,4542.10010,4538.10010,4540.70020,496.0000
2026-09-03T16:30:00+00:00,4541.20020,4543.29980,4537.00000,4538.50000,524.0000
2026-09-03T16:35:00+00:00,4538.50000,4539.39990,4537.60010,4538.60010,407.0000
2026-09-03T16:40:00+00:00,4538.70020,4538.89990,4534.29980,4535.60010,479.0000
2026-09-03T16:45:00+00:00,4535.39990,4538.70020,4534.79980,4536.50000,391.0000
2026-09-03T16:50:00+00:00,4536.70020,4537.79980,4533.00000,4534.70020,627.0000
2026-09-03T16:55:00+00:00,4534.79980,4536.29980,4533.29980,4533.70020,511.0000
2026-09-03T17:00:00+00:00,4533.89990,4535.50000,4530.60010,4534.50000,806.0000
2026-09-03T17:05:00+00:00,4534.50000,4536.29980,4533.20020,4533.39990,1492.0000
2026-09-03T17:10:00+00:00,4533.50000,4535.70020,4533.10010,4535.29980,415.0000
2026-09-03T17:15:00+00:00,4535.50000,4535.70020,4532.60010,4534.89990,355.0000
2026-09-03T17:20:00+00:00,4535.10010,4538.89990,4534.50000,4538.39990,640.0000
2026-09-03T17:25:00+00:00,4538.20020,4541.20020,4537.20020,4540.39990,1364.0000
2026-09-03T17:30:00+00:00,4540.50000,4541.39990,4538.39990,4539.20020,648.0000
2026-09-03T17:35:00+00:00,4539.29980,4541.39990,4538.89990,4540.39990,284.0000
2026-09-03T17:40:00+00:00,4540.29980,4540.89990,4539.20020,4539.20020,226.0000
2026-09-03T17:45:00+00:00,4539.29980,4542.00000,4538.39990,4538.70020,507.0000
2026-09-03T17:50:00+00:00,4538.70020,4538.79980,4535.60010,4537.20020,416.0000
2026-09-03T17:55:00+00:00,4537.00000,4537.00000,4534.79980,4535.70020,289.0000
2026-09-03T18:00:00+00:00,4534.60010,4537.10010,4534.20020,4536.70020,538.0000
2026-09-03T18:05:00+00:00,4536.29980,4536.39990,4531.89990,4535.60010,570.0000
2026-09-03T18:10:00+00:00,4535.70020,4536.50000,4531.20020,4531.20020,390.0000
2026-09-03T18:15:00+00:00,4531.10010,4533.89990,4531.10010,4533.20020,269.0000
2026-09-03T18:20:00+00:00,4533.89990,4535.39990,4529.39990,4530.79980,478.0000
2026-09-03T18:25:00+00:00,4530.79980,4531.70020,4526.79980,4527.10010,883.0000
2026-09-03T18:30:00+00:00,4527.39990,4527.70020,4523.10010,4526.60010,1121.0000
2026-09-03T18:35:00+00:00,4526.50000,4530.00000,4526.00000,4529.29980,454.0000
2026-09-03T18:40:00+00:00,4529.50000,4530.00000,4527.89990,4528.89990,190.0000
2026-09-03T18:45:00+00:00,4528.50000,4530.00000,4525.10010,4526.20020,477.0000
2026-09-03T18:50:00+00:00,4526.29980,4527.00000,4523.00000,4523.00000,456.0000
2026-09-03T18:55:00+00:00,4523.10010,4524.00000,4521.20020,4522.89990,624.0000
2026-09-03T19:00:00+00:00,4522.79980,4524.20020,4521.70020,4522.20020,357.0000
2026-09-03T19:05:00+00:00,4522.39990,4524.00000,4521.70020,4524.00000,339.0000
2026-09-03T19:10:00+00:00,4524.10010,4524.70020,4520.70020,4522.39990,544.0000
2026-09-03T19:15:00+00:00,4522.20020,4524.60010,4521.89990,4524.29980,372.0000
2026-09-03T19:20:00+00:00,4524.10010,4524.10010,4522.00000,4522.00000,267.0000
2026-09-03T19:25:00+00:00,4521.89990,4523.60010,4520.29980,4523.50000,226.0000
2026-09-03T19:30:00+00:00,4523.79980,4525.50000,4521.70020,4521.79980,345.0000
2026-09-03T19:35:00+00:00,4522.10010,4523.89990,4521.89990,4523.00000,250.0000
2026-09-03T19:40:00+00:00,4523.10010,4526.50000,4523.10010,4525.20020,370.0000
2026-09-03T19:45:00+00:00,4525.29980,4528.70020,4525.20020,4526.79980,572.0000
2026-09-03T19:50:00+00:00,4527.10010,4527.20020,4524.20020,4525.10010,366.0000
2026-09-03T19:55:00+00:00,4525.20020,4526.20020,4520.89990,4522.89990,930.0000
2026-09-03T20:00:00+00:00,4522.70020,4523.29980,4518.79980,4519.50000,541.0000
2026-09-03T20:05:00+00:00,4519.60010,4521.10010,4518.89990,4520.70020,229.0000
2026-09-03T20:10:00+00:00,4520.39990,4520.70020,4519.10010,4519.29980,95.0000
2026-09-03T20:15:00+00:00,4519.20020,4519.29980,4517.70020,4518.50000,123.0000
2026-09-03T20:20:00+00:00,4518.39990,4518.79980,4518.10010,4518.29980,65.0000
2026-09-03T20:25:00+00:00,4518.20020,4520.10010,4518.20020,4519.00000,103.0000
2026-09-03T20:30:00+00:00,4519.00000,4519.79980,4518.70020,4519.50000,51.0000
2026-09-03T20:35:00+00:00,4519.39990,4520.10010,4518.39990,4519.00000,122.0000
2026-09-03T20:40:00+00:00,4518.79980,4520.20020,4518.50000,4519.60010,72.0000
2026-09-03T20:45:00+00:00,4519.70020,4520.60010,4519.00000,4520.29980,89.0000
2026-09-03T20:50:00+00:00,4520.39990,4521.50000,4520.10010,4521.00000,100.0000
2026-09-03T20:55:00+00:00,4520.60010,4521.29980,4519.70020,4520.00000,138.0000
2026-09-03T21:00:00+00:00,4520.29980,4520.29980,4520.29980,4520.29980,1.0000
2026-09-03T22:00:00+00:00,4522.00000,4524.39990,4520.10010,4523.39990,0.0000
2026-09-03T22:05:00+00:00,4523.39990,4524.60010,4522.60010,4523.20020,68.0000
2026-09-03T22:10:00+00:00,4523.00000,4525.70020,4521.70020,4525.50000,209.0000
2026-09-03T22:15:00+00:00,4525.60010,4526.29980,4523.70020,4523.89990,254.0000
2026-09-03T22:20:00+00:00,4523.89990,4524.20020,4522.20020,4522.20020,141.0000
2026-09-03T22:25:00+00:00,4522.29980,4523.00000,4521.20020,4522.29980,187.0000
2026-09-03T22:30:00+00:00,4522.20020,4524.10010,4521.29980,4522.29980,295.0000
2026-09-03T22:35:00+00:00,4522.00000,4522.29980,4519.79980,4519.89990,330.0000
2026-09-03T22:40:00+00:00,4519.79980,4523.70020,4519.60010,4520.70020,397.0000
2026-09-03T22:45:00+00:00,4521.39990,4522.29980,4518.50000,4521.39990,422.0000
2026-09-03T22:50:00+00:00,4521.70020,4523.39990,4518.89990,4521.79980,831.0000
2026-09-03T22:55:00+00:00,4521.50000,4522.39990,4520.79980,4521.60010,121.0000
2026-09-03T23:00:00+00:00,4521.50000,4524.00000,4521.50000,4523.60010,134.0000
2026-09-03T23:05:00+00:00,4523.60010,4524.79980,4519.29980,4523.00000,559.0000
2026-09-03T23:10:00+00:00,4523.10010,4523.10010,4520.79980,4521.29980,107.0000
2026-09-03T23:15:00+00:00,4521.10010,4522.20020,4519.00000,4520.29980,320.0000
2026-09-03T23:20:00+00:00,4520.29980,4520.29980,4519.20020,4519.20020,115.0000
2026-09-03T23:25:00+00:00,4519.50000,4521.79980,4519.20020,4520.70020,129.0000
2026-09-03T23:30:00+00:00,4520.60010,4523.20020,4520.50000,4521.89990,166.0000
2026-09-03T23:35:00+00:00,4522.00000,4525.29980,4521.79980,4524.70020,155.0000
2026-09-03T23:40:00+00:00,4525.00000,4525.20020,4523.39990,4524.10010,88.0000
2026-09-03T23:45:00+00:00,4524.00000,4524.20020,4521.89990,4521.89990,194.0000
2026-09-03T23:50:00+00:00,4522.10010,4526.50000,4522.10010,4523.79980,209.0000
2026-09-03T23:55:00+00:00,4524.50000,4527.20020,4524.50000,4526.89990,185.0000
2026-09-04T00:00:00+00:00,4527.00000,4527.89990,4524.89990,4527.89990,229.0000
2026-09-04T00:05:00+00:00,4528.20020,4529.89990,4526.50000,4526.70020,302.0000
2026-09-04T00:10:00+00:00,4526.39990,4529.89990,4526.10010,4527.10010,260.0000
2026-09-04T00:15:00+00:00,4527.29980,4527.60010,4523.00000,4523.39990,191.0000
2026-09-04T00:20:00+00:00,4523.50000,4526.20020,4523.00000,4524.20020,122.0000
2026-09-04T00:25:00+00:00,4524.10010,4524.10010,4520.50000,4521.20020,242.0000
2026-09-04T00:30:00+00:00,4521.20020,4526.10010,4519.29980,4525.60010,298.0000
2026-09-04T00:35:00+00:00,4525.79980,4526.10010,4522.60010,4522.60010,112.0000
2026-09-04T00:40:00+00:00,4522.50000,4528.60010,4522.50000,4528.60010,161.0000
2026-09-04T00:45:00+00:00,4528.70020,4531.50000,4527.70020,4527.70020,331.0000
2026-09-04T00:50:00+00:00,4527.50000,4530.79980,4527.00000,4528.39990,246.0000
2026-09-04T00:55:00+00:00,4528.50000,4533.50000,4527.50000,4532.89990,447.0000
2026-09-04T01:00:00+00:00,4532.60010,4533.60010,4523.50000,4524.60010,811.0000
2026-09-04T01:05:00+00:00,4524.20020,4526.10010,4521.00000,4524.20020,475.0000
2026-09-04T01:10:00+00:00,4524.00000,4529.50000,4520.00000,4520.89990,447.0000
2026-09-04T01:15:00+00:00,4520.89990,4524.89990,4520.29980,4521.89990,345.0000
2026-09-04T01:20:00+00:00,4522.20020,4525.00000,4520.50000,4521.20020,177.0000
2026-09-04T01:25:00+00:00,4520.79980,4521.89990,4514.10010,4517.20020,941.0000
2026-09-04T01:30:00+00:00,4517.29980,4519.29980,4515.10010,4515.79980,384.0000
2026-09-04T01:35:00+00:00,4515.60010,4523.20020,4514.29980,4519.60010,444.0000
2026-09-04T01:40:00+00:00,4519.79980,4523.00000,4517.20020,4520.29980,452.0000
2026-09-04T01:45:00+00:00,4520.00000,4520.00000,4513.00000,4514.89990,505.0000
2026-09-04T01:50:00+00:00,4514.70020,4520.29980,4514.20020,4519.39990,289.0000
2026-09-04T01:55:00+00:00,4519.89990,4526.60010,4519.89990,4525.20020,386.0000
2026-09-04T02:00:00+00:00,4525.29980,4528.89990,4524.60010,4526.89990,344.0000
2026-09-04T02:05:00+00:00,4527.00000,4527.00000,4523.70020,4524.89990,169.0000
2026-09-04T02:10:00+00:00,4524.50000,4526.39990,4523.10010,4525.39990,264.0000
2026-09-04T02:15:00+00:00,4525.50000,4526.60010,4523.39990,4524.60010,128.0000
2026-09-04T02:20:00+00:00,4524.00000,4524.00000,4519.89990,4523.10010,218.0000
2026-09-04T02:25:00+00:00,4523.29980,4523.60010,4517.39990,4520.00000,709.0000
2026-09-04T02:30:00+00:00,4519.89990,4522.20020,4516.79980,4517.00000,513.0000
2026-09-04T02:35:00+00:00,4516.89990,4523.39990,4516.50000,4522.70020,262.0000
2026-09-04T02:40:00+00:00,4522.70020,4523.39990,4516.89990,4516.89990,193.0000
2026-09-04T02:45:00+00:00,4516.79980,4522.00000,4516.29980,4522.00000,245.0000
2026-09-04T02:50:00+00:00,4522.20020,4525.60010,4521.50000,4525.60010,276.0000
2026-09-04T02:55:00+00:00,4525.50000,4527.00000,4522.10010,4523.79980,216.0000
2026-09-04T03:00:00+00:00,4523.50000,4525.00000,4521.89990,4522.00000,114.0000
2026-09-04T03:05:00+00:00,4522.00000,4522.10010,4517.70020,4518.10010,297.0000
2026-09-04T03:10:00+00:00,4517.89990,4519.79980,4516.39990,4519.60010,283.0000
2026-09-04T03:15:00+00:00,4519.60010,4520.39990,4517.60010,4518.89990,195.0000
2026-09-04T03:20:00+00:00,4518.79980,4521.00000,4518.29980,4519.79980,154.0000
2026-09-04T03:25:00+00:00,4519.60010,4520.60010,4518.00000,4518.60010,75.0000
2026-09-04T03:30:00+00:00,4518.79980,4521.60010,4518.50000,4520.50000,97.0000
2026-09-04T03:35:00+00:00,4520.89990,4521.10010,4518.79980,4518.89990,60.0000
2026-09-04T03:40:00+00:00,4519.29980,4519.39990,4515.20020,4515.60010,136.0000
2026-09-04T03:45:00+00:00,4515.39990,4516.29980,4515.10010,4515.70020,89.0000
2026-09-04T03:50:00+00:00,4515.79980,4516.39990,4513.79980,4515.70020,185.0000
2026-09-04T03:55:00+00:00,4515.70020,4516.10010,4513.60010,4513.79980,96.0000
2026-09-04T04:00:00+00:00,4513.10010,4515.60010,4511.60010,4515.29980,627.0000
2026-09-04T04:05:00+00:00,4515.20020,4516.70020,4513.60010,4514.20020,194.0000
2026-09-04T04:10:00+00:00,4514.50000,4516.39990,4513.89990,4515.39990,160.0000
2026-09-04T04:15:00+00:00,4515.39990,4516.00000,4514.60010,4515.70020,48.0000
2026-09-04T04:20:00+00:00,4515.70020,4516.70020,4515.20020,4516.70020,169.0000
2026-09-04T04:25:00+00:00,4516.39990,4518.79980,4515.39990,4518.10010,195.0000
2026-09-04T04:30:00+00:00,4518.10010,4521.00000,4518.00000,4518.50000,239.0000
2026-09-04T04:35:00+00:00,4518.60010,4521.10010,4518.10010,4520.50000,132.0000
2026-09-04T04:40:00+00:00,4520.29980,4521.00000,4519.70020,4520.20020,91.0000
2026-09-04T04:45:00+00:00,4520.29980,4520.79980,4519.10010,4519.89990,98.0000
2026-09-04T04:50:00+00:00,4520.10010,4521.50000,4519.89990,4520.60010,108.0000
2026-09-04T04:55:00+00:00,4520.79980,4521.20020,4520.20020,4520.39990,116.0000
2026-09-04T05:00:00+00:00,4520.29980,4521.10010,4517.20020,4517.29980,295.0000
2026-09-04T05:05:00+00:00,4517.20020,4518.39990,4514.79980,4515.50000,275.0000
2026-09-04T05:10:00+00:00,4515.39990,4515.79980,4513.79980,4515.70020,160.0000
2026-09-04T05:15:00+00:00,4515.60010,4521.60010,4514.89990,4520.29980,420.0000
2026-09-04T05:20:00+00:00,4520.00000,4520.60010,4516.60010,4517.20020,141.0000
2026-09-04T05:25:00+00:00,4517.39990,4517.60010,4513.70020,4513.79980,168.0000
2026-09-04T05:30:00+00:00,4513.60010,4521.39990,4512.79980,4519.50000,558.0000
2026-09-04T05:35:00+00:00,4519.39990,4523.10010,4515.29980,4522.70020,618.0000
2026-09-04T05:40:00+00:00,4522.70020,4523.89990,4516.39990,4517.20020,618.0000
2026-09-04T05:45:00+00:00,4517.10010,4519.00000,4517.00000,4517.00000,221.0000
2026-09-04T05:50:00+00:00,4516.50000,4516.70020,4513.39990,4513.39990,353.0000
2026-09-04T05:55:00+00:00,4513.39990,4518.70020,4513.39990,4518.20020,434.0000
2026-09-04T06:00:00+00:00,4518.10010,4519.50000,4515.29980,4517.00000,1031.0000
2026-09-04T06:05:00+00:00,4516.79980,4518.10010,4514.00000,4515.79980,230.0000
2026-09-04T06:10:00+00:00,4515.39990,4517.39990,4512.79980,4515.00000,257.0000
2026-09-04T06:15:00+00:00,4514.89990,4515.29980,4513.39990,4514.89990,218.0000
2026-09-04T06:20:00+00:00,4514.89990,4517.79980,4512.89990,4514.10010,308.0000
2026-09-04T06:25:00+00:00,4514.60010,4518.10010,4514.60010,4515.20020,203.0000
2026-09-04T06:30:00+00:00,4515.20020,4516.10010,4510.60010,4511.00000,320.0000
2026-09-04T06:35:00+00:00,4511.20020,4512.89990,4509.29980,4512.39990,519.0000
2026-09-04T06:40:00+00:00,4512.29980,4514.89990,4510.50000,4510.60010,404.0000
2026-09-04T06:45:00+00:00,4510.60010,4510.79980,4507.79980,4508.10010,529.0000
2026-09-04T06:50:00+00:00,4508.20020,4510.79980,4507.60010,4509.00000,278.0000
2026-09-04T06:55:00+00:00,4509.10010,4510.00000,4506.60010,4509.50000,350.0000
2026-09-04T07:00:00+00:00,4509.29980,4514.20020,4508.00000,4512.89990,475.0000
2026-09-04T07:05:00+00:00,4512.89990,4515.89990,4511.60010,4515.39990,445.0000
2026-09-04T07:10:00+00:00,4515.39990,4518.29980,4514.70020,4514.70020,508.0000
2026-09-04T07:15:00+00:00,4514.39990,4515.79980,4513.50000,4515.70020,265.0000
2026-09-04T07:20:00+00:00,4515.89990,4516.79980,4513.60010,4516.39990,213.0000
2026-09-04T07:25:00+00:00,4516.20020,4520.00000,4514.89990,4519.60010,540.0000
2026-09-04T07:30:00+00:00,4519.60010,4522.10010,4519.60010,4521.79980,502.0000
2026-09-04T07:35:00+00:00,4521.60010,4523.29980,4521.20020,4521.79980,243.0000
2026-09-04T07:40:00+00:00,4521.89990,4534.39990,4521.79980,4532.50000,1452.0000
2026-09-04T07:45:00+00:00,4532.70020,4537.79980,4531.50000,4534.79980,1054.0000
2026-09-04T07:50:00+00:00,4534.89990,4534.89990,4529.39990,4531.50000,581.0000
2026-09-04T07:55:00+00:00,4531.39990,4533.60010,4528.20020,4530.29980,767.0000
2026-09-04T08:00:00+00:00,4530.39990,4533.60010,4530.10010,4530.60010,701.0000
2026-09-04T08:05:00+00:00,4530.70020,4531.10010,4526.79980,4527.89990,350.0000
2026-09-04T08:10:00+00:00,4528.00000,4530.89990,4525.70020,4528.89990,693.0000
2026-09-04T08:15:00+00:00,4528.60010,4530.89990,4528.10010,4529.29980,226.0000
2026-09-04T08:20:00+00:00,4529.50000,4531.00000,4526.79980,4527.10010,237.0000
2026-09-04T08:25:00+00:00,4527.10010,4528.89990,4526.39990,4527.79980,209.0000
2026-09-04T08:30:00+00:00,4528.10010,4529.29980,4524.89990,4527.39990,330.0000
2026-09-04T08:35:00+00:00,4527.60010,4528.10010,4524.29980,4525.20020,223.0000
2026-09-04T08:40:00+00:00,4525.00000,4525.79980,4524.10010,4524.50000,190.0000
2026-09-04T08:45:00+00:00,4524.10010,4525.10010,4521.50000,4521.50000,176.0000
2026-09-04T08:50:00+00:00,4521.79980,4524.00000,4521.00000,4523.39990,184.0000
2026-09-04T08:55:00+00:00,4523.50000,4526.39990,4523.39990,4524.29980,268.0000
2026-09-04T09:00:00+00:00,4524.50000,4525.70020,4523.10010,4524.79980,164.0000
2026-09-04T09:05:00+00:00,4524.39990,4524.50000,4520.29980,4521.60010,339.0000
2026-09-04T09:10:00+00:00,4521.39990,4521.39990,4515.50000,4516.60010,372.0000
2026-09-04T09:15:00+00:00,4516.39990,4517.39990,4513.10010,4513.29980,493.0000
2026-09-04T09:20:00+00:00,4513.20020,4513.79980,4510.00000,4511.10010,570.0000
2026-09-04T09:25:00+00:00,4510.70020,4512.79980,4510.00000,4512.79980,455.0000
2026-09-04T09:30:00+00:00,4512.79980,4516.50000,4510.79980,4513.39990,1014.0000
2026-09-04T09:35:00+00:00,4512.89990,4515.89990,4512.50000,4514.00000,267.0000
2026-09-04T09:40:00+00:00,4514.00000,4514.79980,4511.79980,4513.39990,589.0000
2026-09-04T09:45:00+00:00,4513.50000,4516.10010,4513.50000,4515.20020,168.0000
2026-09-04T09:50:00+00:00,4515.60010,4515.79980,4513.50000,4513.50000,182.0000
2026-09-04T09:55:00+00:00,4513.10010,4515.89990,4511.60010,4511.79980,223.0000
2026-09-04T10:00:00+00:00,4511.70020,4516.39990,4511.60010,4515.60010,155.0000
2026-09-04T10:05:00+00:00,4515.70020,4517.20020,4515.10010,4516.89990,116.0000
2026-09-04T10:10:00+00:00,4516.79980,4519.39990,4515.20020,4519.00000,211.0000
2026-09-04T10:15:00+00:00,4518.89990,4519.60010,4517.39990,4518.20020,248.0000
2026-09-04T10:20:00+00:00,4518.29980,4518.29980,4514.39990,4514.79980,212.0000
2026-09-04T10:25:00+00:00,4514.79980,4520.00000,4514.70020,4517.50000,457.0000
2026-09-04T10:30:00+00:00,4517.60010,4521.50000,4517.20020,4519.29980,261.0000
2026-09-04T10:35:00+00:00,4519.70020,4519.70020,4516.29980,4519.50000,166.0000
2026-09-04T10:40:00+00:00,4519.70020,4520.20020,4518.89990,4519.70020,124.0000
2026-09-04T10:45:00+00:00,4519.89990,4523.10010,4519.79980,4521.10010,212.0000
2026-09-04T10:50:00+00:00,4521.20020,4522.00000,4519.70020,4521.10010,105.0000
2026-09-04T10:55:00+00:00,4520.89990,4521.29980,4518.89990,4518.89990,157.0000
2026-09-04T11:00:00+00:00,4519.20020,4519.29980,4516.70020,4517.89990,289.0000
2026-09-04T11:05:00+00:00,4517.79980,4518.20020,4515.70020,4517.20020,141.0000
2026-09-04T11:10:00+00:00,4516.89990,4517.50000,4515.79980,4516.50000,169.0000
2026-09-04T11:15:00+00:00,4516.79980,4516.89990,4512.70020,4513.00000,332.0000
2026-09-04T11:20:00+00:00,4513.10010,4516.89990,4512.89990,4514.89990,325.0000
2026-09-04T11:25:00+00:00,4514.70020,4514.70020,4511.50000,4511.79980,331.0000
2026-09-04T11:30:00+00:00,4511.89990,4514.29980,4511.29980,4512.10010,286.0000
2026-09-04T11:35:00+00:00,4512.20020,4515.60010,4512.20020,4514.39990,210.0000
2026-09-04T11:40:00+00:00,4514.60010,4516.50000,4512.20020,4514.39990,232.0000
2026-09-04T11:45:00+00:00,4514.20020,4516.60010,4513.39990,4513.50000,235.0000
2026-09-04T11:50:00+00:00,4513.70020,4516.79980,4513.60010,4515.10010,346.0000
2026-09-04T11:55:00+00:00,4515.20020,4516.10010,4510.89990,4513.10010,574.0000
2026-09-04T12:00:00+00:00,4513.29980,4515.39990,4510.89990,4514.89990,545.0000
2026-09-04T12:05:00+00:00,4514.89990,4516.70020,4513.20020,4513.60010,399.0000
2026-09-04T12:10:00+00:00,4513.60010,4515.60010,4510.50000,4510.89990,557.0000
2026-09-04T12:15:00+00:00,4510.89990,4514.60010,4510.89990,4514.39990,691.0000
2026-09-04T12:20:00+00:00,4514.29980,4516.39990,4510.70020,4514.10010,978.0000
2026-09-04T12:25:00+00:00,4514.29980,4523.29980,4513.70020,4517.70020,1130.0000
2026-09-04T12:30:00+00:00,4520.89990,4523.50000,4419.00000,4441.89990,21449.0000
2026-09-04T12:35:00+00:00,4441.79980,4446.39990,4430.00000,4438.00000,5860.0000
2026-09-04T12:40:00+00:00,4438.29980,4453.50000,4433.89990,4440.89990,3377.0000
2026-09-04T12:45:00+00:00,4440.60010,4444.60010,4426.79980,4444.00000,3758.0000
2026-09-04T12:50:00+00:00,4443.20020,4456.89990,4442.29980,4453.00000,3302.0000
2026-09-04T12:55:00+00:00,4452.79980,4456.00000,4439.39990,4440.60010,2972.0000
2026-09-04T13:00:00+00:00,4440.89990,4441.79980,4412.00000,4425.79980,6934.0000
2026-09-04T13:05:00+00:00,4426.00000,4436.70020,4422.50000,4434.50000,1993.0000
2026-09-04T13:10:00+00:00,4434.60010,4440.70020,4428.79980,4440.70020,1622.0000
2026-09-04T13:15:00+00:00,4440.60010,4446.60010,4438.10010,4445.20020,1733.0000
2026-09-04T13:20:00+00:00,4445.39990,4453.79980,4443.50000,4451.60010,2070.0000
2026-09-04T13:25:00+00:00,4451.50000,4461.50000,4450.70020,4459.50000,2714.0000
2026-09-04T13:30:00+00:00,4459.70020,4467.79980,4458.89990,4461.00000,3992.0000
2026-09-04T13:35:00+00:00,4460.89990,4465.10010,4452.29980,4454.70020,2133.0000
2026-09-04T13:40:00+00:00,4454.50000,4471.10010,4454.00000,4470.79980,2484.0000
2026-09-04T13:45:00+00:00,4470.60010,4481.79980,4465.10010,4476.89990,2908.0000
2026-09-04T13:50:00+00:00,4477.29980,4478.50000,4468.00000,4469.60010,1650.0000
2026-09-04T13:55:00+00:00,4469.70020,4473.79980,4459.79980,4459.89990,2079.0000
2026-09-04T14:00:00+00:00,4460.00000,4467.79980,4458.79980,4467.79980,1585.0000
2026-09-04T14:05:00+00:00,4467.89990,4474.50000,4462.50000,4471.00000,1511.0000
2026-09-04T14:10:00+00:00,4470.89990,4482.70020,4466.29980,4481.89990,1646.0000
2026-09-04T14:15:00+00:00,4481.39990,4484.60010,4476.50000,4480.29980,1309.0000
2026-09-04T14:20:00+00:00,4479.79980,4483.20020,4474.10010,4478.10010,1432.0000
2026-09-04T14:25:00+00:00,4478.29980,4484.79980,4476.29980,4476.50000,1327.0000
2026-09-04T14:30:00+00:00,4476.60010,4487.20020,4476.39990,4486.79980,1995.0000
2026-09-04T14:35:00+00:00,4486.39990,4489.39990,4475.39990,4476.50000,1418.0000
2026-09-04T14:40:00+00:00,4476.50000,4479.50000,4472.29980,4476.00000,1102.0000
2026-09-04T14:45:00+00:00,4476.10010,4479.20020,4469.39990,4475.20020,1459.0000
2026-09-04T14:50:00+00:00,4474.79980,4475.60010,4464.10010,4464.39990,1500.0000
2026-09-04T14:55:00+00:00,4464.70020,4476.79980,4464.00000,4474.29980,1263.0000
2026-09-04T15:00:00+00:00,4474.39990,4477.70020,4469.50000,4476.89990,756.0000
2026-09-04T15:05:00+00:00,4477.00000,4486.60010,4476.70020,4483.39990,1610.0000
2026-09-04T15:10:00+00:00,4483.60010,4490.79980,4481.60010,4490.29980,1137.0000
2026-09-04T15:15:00+00:00,4490.29980,4495.89990,4488.10010,4495.29980,1199.0000
2026-09-04T15:20:00+00:00,4495.10010,4496.20020,4487.29980,4490.50000,1524.0000
2026-09-04T15:25:00+00:00,4490.29980,4493.50000,4486.79980,4487.00000,1149.0000
2026-09-04T15:30:00+00:00,4487.10010,4491.50000,4485.60010,4486.79980,936.0000
2026-09-04T15:35:00+00:00,4486.79980,4488.20020,4484.50000,4485.29980,941.0000
2026-09-04T15:40:00+00:00,4485.29980,4493.70020,4483.50000,4490.10010,987.0000
2026-09-04T15:45:00+00:00,4490.10010,4492.10010,4489.00000,4490.70020,520.0000
2026-09-04T15:50:00+00:00,4490.89990,4493.29980,4486.50000,4486.60010,686.0000
2026-09-04T15:55:00+00:00,4487.10010,4488.00000,4482.79980,4483.29980,541.0000
2026-09-04T16:00:00+00:00,4483.79980,4487.79980,4483.60010,4486.89990,468.0000
2026-09-04T16:05:00+00:00,4487.10010,4487.89990,4480.79980,4480.89990,810.0000
2026-09-04T16:10:00+00:00,4481.10010,4486.70020,4479.50000,4486.20020,777.0000
2026-09-04T16:15:00+00:00,4486.20020,4491.00000,4484.89990,4489.00000,693.0000
2026-09-04T16:20:00+00:00,4489.00000,4490.00000,4483.29980,4485.50000,531.0000
2026-09-04T16:25:00+00:00,4485.60010,4486.10010,4480.70020,4481.60010,468.0000
2026-09-04T16:30:00+00:00,4481.70020,4486.29980,4481.10010,4484.70020,421.0000
2026-09-04T16:35:00+00:00,4484.70020,4485.70020,4483.50000,4484.60010,352.0000
2026-09-04T16:40:00+00:00,4485.10010,4487.20020,4482.89990,4485.39990,291.0000
2026-09-04T16:45:00+00:00,4485.60010,4487.79980,4484.89990,4487.20020,300.0000
2026-09-04T16:50:00+00:00,4487.50000,4487.70020,4483.20020,4483.20020,247.0000
2026-09-04T16:55:00+00:00,4483.10010,4485.70020,4482.00000,4483.60010,731.0000
2026-09-04T17:00:00+00:00,4483.50000,4483.89990,4477.10010,4478.60010,941.0000
2026-09-04T17:05:00+00:00,4478.60010,4481.00000,4477.60010,4479.60010,494.0000
2026-09-04T17:10:00+00:00,4479.89990,4482.20020,4479.20020,4481.20020,376.0000
2026-09-04T17:15:00+00:00,4481.50000,4486.29980,4480.10010,4485.79980,505.0000
2026-09-04T17:20:00+00:00,4486.00000,4488.00000,4478.70020,4480.60010,645.0000
2026-09-04T17:25:00+00:00,4480.79980,4480.79980,4475.00000,4476.00000,2124.0000
2026-09-04T17:30:00+00:00,4475.89990,4477.29980,4470.39990,4471.50000,974.0000
2026-09-04T17:35:00+00:00,4471.60010,4473.00000,4469.29980,4469.70020,681.0000
2026-09-04T17:40:00+00:00,4469.70020,4469.89990,4461.10010,4464.50000,1051.0000
2026-09-04T17:45:00+00:00,4464.50000,4468.00000,4462.79980,4467.00000,629.0000
2026-09-04T17:50:00+00:00,4466.79980,4468.89990,4465.89990,4466.39990,424.0000
2026-09-04T17:55:00+00:00,4466.60010,4466.79980,4463.70020,4464.00000,410.0000
2026-09-04T18:00:00+00:00,4464.70020,4465.00000,4459.00000,4460.39990,791.0000
2026-09-04T18:05:00+00:00,4460.39990,4465.89990,4460.10010,4465.70020,484.0000
2026-09-04T18:10:00+00:00,4465.39990,4467.39990,4464.10010,4467.10010,912.0000
2026-09-04T18:15:00+00:00,4467.29980,4470.10010,4467.00000,4467.20020,516.0000
2026-09-04T18:20:00+00:00,4467.50000,4472.50000,4466.89990,4472.10010,338.0000
2026-09-04T18:25:00+00:00,4472.50000,4474.50000,4471.20020,4472.60010,463.0000
2026-09-04T18:30:00+00:00,4472.60010,4472.79980,4470.60010,4472.70020,240.0000
2026-09-04T18:35:00+00:00,4472.50000,4472.70020,4468.89990,4470.20020,277.0000
2026-09-04T18:40:00+00:00,4470.00000,4473.89990,4469.39990,4470.50000,411.0000
2026-09-04T18:45:00+00:00,4470.29980,4472.00000,4469.50000,4471.50000,225.0000
2026-09-04T18:50:00+00:00,4471.29980,4473.00000,4471.10010,4472.29980,219.0000
2026-09-04T18:55:00+00:00,4472.39990,4473.29980,4470.39990,4471.29980,378.0000
2026-09-04T19:00:00+00:00,4471.60010,4473.00000,4470.00000,4471.10010,152.0000
2026-09-04T19:05:00+00:00,4470.79980,4473.00000,4470.29980,4472.50000,141.0000
2026-09-04T19:10:00+00:00,4472.29980,4477.29980,4472.20020,4476.50000,567.0000
2026-09-04T19:15:00+00:00,4476.50000,4479.29980,4476.00000,4476.00000,424.0000
2026-09-04T19:20:00+00:00,4476.20020,4478.50000,4474.10010,4478.20020,314.0000
2026-09-04T19:25:00+00:00,4478.20020,4483.00000,4477.50000,4482.79980,368.0000
2026-09-04T19:30:00+00:00,4482.79980,4485.60010,4481.29980,4484.89990,415.0000
2026-09-04T19:35:00+00:00,4484.79980,4485.00000,4482.20020,4483.70020,244.0000
2026-09-04T19:40:00+00:00,4483.79980,4484.79980,4482.29980,4483.89990,424.0000
2026-09-04T19:45:00+00:00,4484.20020,4484.79980,4480.60010,4482.50000,401.0000
2026-09-04T19:50:00+00:00,4482.70020,4483.60010,4481.29980,4483.29980,578.0000
2026-09-04T19:55:00+00:00,4483.39990,4483.39990,4479.79980,4482.00000,723.0000
2026-09-04T20:00:00+00:00,4481.79980,4482.29980,4479.10010,4479.89990,469.0000
2026-09-04T20:05:00+00:00,4479.89990,4480.00000,4478.29980,4479.00000,138.0000
2026-09-04T20:10:00+00:00,4479.00000,4479.89990,4477.89990,4478.79980,191.0000
2026-09-04T20:15:00+00:00,4478.79980,4479.00000,4476.89990,4477.89990,92.0000
2026-09-04T20:20:00+00:00,4478.20020,4478.39990,4477.20020,4477.29980,120.0000
2026-09-04T20:25:00+00:00,4477.29980,4478.10010,4476.60010,4477.29980,113.0000
2026-09-04T20:30:00+00:00,4476.60010,4476.79980,4476.00000,4476.60010,80.0000
2026-09-04T20:35:00+00:00,4476.60010,4478.00000,4476.60010,4477.60010,93.0000
2026-09-04T20:40:00+00:00,4477.60010,4477.89990,4476.20020,4477.39990,103.0000
2026-09-04T20:45:00+00:00,4477.60010,4477.79980,4475.60010,4475.89990,144.0000
2026-09-04T20:50:00+00:00,4476.00000,4478.50000,4475.89990,4478.29980,117.0000
2026-09-04T20:55:00+00:00,4478.10010,4478.50000,4476.50000,4476.60010,139.0000
2026-09-08T04:00:00+00:00,4483.50000,4487.79980,4483.29980,4487.20020,794.0000
2026-09-08T04:05:00+00:00,4487.10010,4488.79980,4484.60010,4486.10010,363.0000
2026-09-08T04:10:00+00:00,4486.10010,4488.29980,4484.50000,4484.70020,222.0000
2026-09-08T04:15:00+00:00,4484.89990,4486.39990,4483.60010,4484.20020,131.0000
2026-09-08T04:20:00+00:00,4484.20020,4484.60010,4478.39990,4479.00000,357.0000
2026-09-08T04:25:00+00:00,4478.89990,4479.60010,4477.00000,4477.89990,151.0000
2026-09-08T04:30:00+00:00,4478.29980,4480.10010,4477.89990,4479.39990,116.0000
2026-09-08T04:35:00+00:00,4479.29980,4480.39990,4478.60010,4479.89990,178.0000
2026-09-08T04:40:00+00:00,4480.00000,4482.10010,4479.79980,4481.89990,174.0000
2026-09-08T04:45:00+00:00,4481.70020,4481.70020,4480.00000,4480.20020,85.0000
2026-09-08T04:50:00+00:00,4480.29980,4481.39990,4479.70020,4480.39990,59.0000
2026-09-08T04:55:00+00:00,4480.70020,4485.50000,4479.60010,4481.60010,272.0000
2026-09-08T05:00:00+00:00,4481.70020,4483.39990,4479.79980,4480.00000,113.0000
2026-09-08T05:05:00+00:00,4479.79980,4480.00000,4475.60010,4476.39990,353.0000
2026-09-08T05:10:00+00:00,4476.70020,4476.89990,4472.39990,4472.89990,304.0000
2026-09-08T05:15:00+00:00,4472.60010,4474.89990,4471.60010,4474.50000,284.0000
2026-09-08T05:20:00+00:00,4474.70020,4477.20020,4470.20020,4470.20020,392.0000
2026-09-08T05:25:00+00:00,4470.29980,4470.79980,4465.29980,4465.50000,425.0000
2026-09-08T05:30:00+00:00,4465.60010,4470.79980,4462.89990,4467.70020,770.0000
2026-09-08T05:35:00+00:00,4467.70020,4472.10010,4466.60010,4472.10010,332.0000
2026-09-08T05:40:00+00:00,4472.00000,4472.10010,4470.00000,4471.00000,120.0000
2026-09-08T05:45:00+00:00,4470.70020,4473.89990,4468.20020,4470.10010,342.0000
2026-09-08T05:50:00+00:00,4469.89990,4469.89990,4464.20020,4464.29980,326.0000
2026-09-08T05:55:00+00:00,4464.89990,4465.70020,4462.10010,4464.39990,399.0000
2026-09-08T06:00:00+00:00,4464.39990,4465.10010,4457.79980,4460.29980,605.0000
2026-09-08T06:05:00+00:00,4459.39990,4460.60010,4455.89990,4458.39990,499.0000
2026-09-08T06:10:00+00:00,4457.89990,4458.00000,4453.10010,4456.39990,734.0000
2026-09-08T06:15:00+00:00,4456.10010,4456.20020,4446.20020,4446.29980,964.0000
2026-09-08T06:20:00+00:00,4446.20020,4450.79980,4445.20020,4448.50000,726.0000
2026-09-08T06:25:00+00:00,4447.60010,4448.50000,4443.70020,4444.79980,411.0000
2026-09-08T06:30:00+00:00,4444.79980,4447.79980,4443.10010,4446.79980,409.0000
2026-09-08T06:35:00+00:00,4447.00000,4448.79980,4442.60010,4448.60010,756.0000
2026-09-08T06:40:00+00:00,4448.60010,4453.50000,4448.60010,4451.89990,655.0000
2026-09-08T06:45:00+00:00,4452.10010,4453.29980,4450.60010,4452.70020,290.0000
2026-09-08T06:50:00+00:00,4452.89990,4454.00000,4448.39990,4449.50000,395.0000
2026-09-08T06:55:00+00:00,4449.60010,4450.00000,4448.00000,4448.29980,286.0000
2026-09-08T07:00:00+00:00,4448.60010,4453.00000,4447.10010,4452.60010,407.0000
2026-09-08T07:05:00+00:00,4452.70020,4454.00000,4451.20020,4451.60010,288.0000
2026-09-08T07:10:00+00:00,4451.79980,4452.39990,4447.10010,4447.89990,341.0000
2026-09-08T07:15:00+00:00,4447.89990,4448.39990,4445.70020,4448.39990,369.0000
2026-09-08T07:20:00+00:00,4448.29980,4448.79980,4445.00000,4447.00000,365.0000
2026-09-08T07:25:00+00:00,4447.20020,4449.20020,4445.60010,4446.50000,275.0000
2026-09-08T07:30:00+00:00,4446.60010,4450.20020,4442.50000,4442.50000,501.0000
2026-09-08T07:35:00+00:00,4443.00000,4443.70020,4436.39990,4438.10010,860.0000
2026-09-08T07:40:00+00:00,4438.50000,4441.79980,4435.50000,4440.20020,490.0000
2026-09-08T07:45:00+00:00,4440.10010,4441.79980,4437.89990,4438.50000,487.0000
2026-09-08T07:50:00+00:00,4437.70020,4438.00000,4434.60010,4435.50000,648.0000
2026-09-08T07:55:00+00:00,4435.79980,4438.50000,4434.29980,4436.70020,450.0000
2026-09-08T08:00:00+00:00,4436.60010,4437.20020,4433.20020,4435.89990,586.0000
2026-09-08T08:05:00+00:00,4435.50000,4440.20020,4432.00000,4432.29980,498.0000
2026-09-08T08:10:00+00:00,4432.60010,4437.29980,4432.50000,4434.70020,317.0000
2026-09-08T08:15:00+00:00,4434.89990,4438.29980,4434.29980,4438.20020,346.0000
2026-09-08T08:20:00+00:00,4437.89990,4438.89990,4434.00000,4438.89990,272.0000
2026-09-08T08:25:00+00:00,4438.79980,4440.89990,4438.50000,4438.89990,354.0000
2026-09-08T08:30:00+00:00,4439.00000,4442.50000,4437.29980,4442.29980,517.0000
2026-09-08T08:35:00+00:00,4442.60010,4443.00000,4438.10010,4440.00000,282.0000
2026-09-08T08:40:00+00:00,4439.60010,4439.60010,4436.50000,4437.29980,349.0000
2026-09-08T08:45:00+00:00,4436.79980,4442.60010,4435.50000,4438.20020,719.0000
2026-09-08T08:50:00+00:00,4438.29980,4439.29980,4435.79980,4437.20020,198.0000
2026-09-08T08:55:00+00:00,4437.29980,4438.79980,4436.00000,4438.50000,158.0000
2026-09-08T09:00:00+00:00,4438.00000,4440.50000,4435.50000,4440.50000,277.0000
2026-09-08T09:05:00+00:00,4440.20020,4442.39990,4438.70020,4438.89990,168.0000
2026-09-08T09:10:00+00:00,4439.60010,4442.20020,4439.60010,4441.89990,157.0000
2026-09-08T09:15:00+00:00,4441.50000,4443.60010,4441.00000,4441.00000,293.0000
2026-09-08T09:20:00+00:00,4440.79980,4441.20020,4437.89990,4439.00000,289.0000
2026-09-08T09:25:00+00:00,4438.79980,4440.70020,4436.70020,4437.29980,500.0000
2026-09-08T09:30:00+00:00,4437.20020,4442.00000,4435.00000,4440.00000,675.0000
2026-09-08T09:35:00+00:00,4440.10010,4441.89990,4439.89990,4441.60010,203.0000
2026-09-08T09:40:00+00:00,4441.70020,4448.00000,4441.60010,4445.60010,1001.0000
2026-09-08T09:45:00+00:00,4446.00000,4447.79980,4445.60010,4447.60010,171.0000
2026-09-08T09:50:00+00:00,4448.00000,4450.10010,4447.39990,4448.89990,436.0000
2026-09-08T09:55:00+00:00,4449.00000,4449.60010,4447.00000,4447.20020,343.0000
2026-09-08T10:00:00+00:00,4447.29980,4447.29980,4442.50000,4442.70020,364.0000
2026-09-08T10:05:00+00:00,4443.00000,4443.20020,4440.39990,4440.89990,256.0000
2026-09-08T10:10:00+00:00,4440.89990,4441.20020,4438.00000,4440.79980,451.0000
2026-09-08T10:15:00+00:00,4440.60010,4443.10010,4440.39990,4442.50000,142.0000
2026-09-08T10:20:00+00:00,4442.50000,4451.60010,4441.70020,4444.89990,1283.0000
2026-09-08T10:25:00+00:00,4445.29980,4445.70020,4442.89990,4443.79980,242.0000
2026-09-08T10:30:00+00:00,4443.70020,4443.89990,4441.10010,4441.29980,265.0000
2026-09-08T10:35:00+00:00,4441.29980,4441.70020,4438.29980,4439.10010,177.0000
2026-09-08T10:40:00+00:00,4439.10010,4442.50000,4438.29980,4441.29980,396.0000
2026-09-08T10:45:00+00:00,4441.29980,4444.89990,4441.10010,4443.10010,269.0000
2026-09-08T10:50:00+00:00,4443.20020,4444.60010,4441.10010,4443.20020,290.0000
2026-09-08T10:55:00+00:00,4443.29980,4444.20020,4439.60010,4439.89990,301.0000
2026-09-08T11:00:00+00:00,4440.20020,4441.89990,4439.50000,4440.29980,180.0000
2026-09-08T11:05:00+00:00,4440.50000,4444.29980,4437.50000,4440.89990,663.0000
2026-09-08T11:10:00+00:00,4440.79980,4441.39990,4435.50000,4439.50000,388.0000
2026-09-08T11:15:00+00:00,4439.39990,4446.10010,4439.29980,4446.00000,438.0000
2026-09-08T11:20:00+00:00,4445.79980,4445.89990,4442.79980,4445.70020,181.0000
2026-09-08T11:25:00+00:00,4445.39990,4447.20020,4444.89990,4446.00000,210.0000
2026-09-08T11:30:00+00:00,4446.50000,4449.60010,4445.00000,4449.39990,307.0000
2026-09-08T11:35:00+00:00,4449.29980,4452.39990,4448.60010,4449.29980,583.0000
2026-09-08T11:40:00+00:00,4449.70020,4451.29980,4447.79980,4447.79980,224.0000
2026-09-08T11:45:00+00:00,4448.20020,4448.89990,4443.39990,4444.50000,377.0000
2026-09-08T11:50:00+00:00,4444.29980,4447.29980,4442.29980,4445.10010,348.0000
2026-09-08T11:55:00+00:00,4445.29980,4451.60010,4445.00000,4450.89990,321.0000
2026-09-08T12:00:00+00:00,4450.89990,4451.39990,4447.10010,4447.50000,316.0000
2026-09-08T12:05:00+00:00,4447.50000,4448.79980,4446.10010,4448.70020,543.0000
2026-09-08T12:10:00+00:00,4447.89990,4448.39990,4434.79980,4436.00000,1771.0000
2026-09-08T12:15:00+00:00,4435.89990,4436.20020,4429.50000,4435.79980,2358.0000
2026-09-08T12:20:00+00:00,4435.70020,4440.89990,4431.50000,4439.50000,1362.0000
2026-09-08T12:25:00+00:00,4439.29980,4446.20020,4438.39990,4446.20020,1754.0000
2026-09-08T12:30:00+00:00,4446.29980,4452.70020,4445.10010,4449.60010,1224.0000
2026-09-08T12:35:00+00:00,4449.79980,4449.89990,4442.60010,4445.39990,512.0000
2026-09-08T12:40:00+00:00,4445.79980,4446.39990,4439.70020,4441.00000,548.0000
2026-09-08T12:45:00+00:00,4440.79980,4446.89990,4440.00000,4446.70020,531.0000
2026-09-08T12:50:00+00:00,4446.60010,4448.20020,4444.89990,4448.00000,380.0000
2026-09-08T12:55:00+00:00,4447.79980,4456.29980,4447.29980,4456.10010,1324.0000
2026-09-08T13:00:00+00:00,4456.29980,4457.89990,4446.60010,4450.70020,1748.0000
2026-09-08T13:05:00+00:00,4450.60010,4451.29980,4447.00000,4449.20020,745.0000
2026-09-08T13:10:00+00:00,4448.39990,4453.29980,4448.29980,4453.00000,365.0000
2026-09-08T13:15:00+00:00,4453.10010,4455.50000,4450.00000,4452.39990,408.0000
2026-09-08T13:20:00+00:00,4452.29980,4453.29980,4447.60010,4447.60010,456.0000
2026-09-08T13:25:00+00:00,4447.79980,4448.89990,4443.50000,4444.79980,526.0000
2026-09-08T13:30:00+00:00,4444.89990,4450.29980,4442.39990,4442.89990,891.0000
2026-09-08T13:35:00+00:00,4442.50000,4447.29980,4440.39990,4444.89990,884.0000
2026-09-08T13:40:00+00:00,4444.29980,4444.29980,4434.70020,4441.10010,1710.0000
2026-09-08T13:45:00+00:00,4440.89990,4447.50000,4438.89990,4447.29980,832.0000
2026-09-08T13:50:00+00:00,4447.29980,4449.29980,4441.89990,4449.29980,736.0000
2026-09-08T13:55:00+00:00,4448.70020,4452.00000,4440.10010,4440.29980,1699.0000
2026-09-08T14:00:00+00:00,4440.29980,4447.00000,4439.29980,4446.70020,1166.0000
2026-09-08T14:05:00+00:00,4446.79980,4447.70020,4443.10010,4444.00000,768.0000
2026-09-08T14:10:00+00:00,4443.60010,4443.70020,4436.20020,4439.29980,697.0000
2026-09-08T14:15:00+00:00,4439.20020,4445.29980,4438.79980,4444.60010,770.0000
2026-09-08T14:20:00+00:00,4444.79980,4447.20020,4440.60010,4447.00000,648.0000
2026-09-08T14:25:00+00:00,4447.00000,4449.00000,4441.29980,4441.50000,757.0000
2026-09-08T14:30:00+00:00,4442.00000,4444.60010,4440.20020,4443.70020,596.0000
2026-09-08T14:35:00+00:00,4443.39990,4446.00000,4440.50000,4440.79980,705.0000
2026-09-08T14:40:00+00:00,4440.50000,4442.89990,4437.70020,4442.10010,878.0000
2026-09-08T14:45:00+00:00,4442.60010,4444.10010,4436.89990,4438.39990,1117.0000
2026-09-08T14:50:00+00:00,4438.29980,4440.70020,4433.70020,4438.60010,1550.0000
2026-09-08T14:55:00+00:00,4438.39990,4443.50000,4437.20020,4443.39990,678.0000
2026-09-08T15:00:00+00:00,4443.79980,4452.10010,4442.50000,4448.29980,1442.0000
2026-09-08T15:05:00+00:00,4448.39990,4449.20020,4445.79980,4448.70020,521.0000
2026-09-08T15:10:00+00:00,4448.79980,4453.70020,4448.79980,4450.00000,767.0000
2026-09-08T15:15:00+00:00,4450.00000,4454.50000,4449.79980,4450.89990,557.0000
2026-09-08T15:20:00+00:00,4450.70020,4451.10010,4441.60010,4443.39990,1023.0000
2026-09-08T15:25:00+00:00,4443.50000,4450.50000,4443.20020,4444.39990,1538.0000
2026-09-08T15:30:00+00:00,4444.39990,4449.29980,4444.29980,4449.20020,546.0000
2026-09-08T15:35:00+00:00,4449.20020,4449.29980,4443.60010,4445.00000,412.0000
2026-09-08T15:40:00+00:00,4444.29980,4446.20020,4442.39990,4445.20020,334.0000
2026-09-08T15:45:00+00:00,4445.50000,4445.50000,4440.89990,4442.00000,558.0000
2026-09-08T15:50:00+00:00,4441.50000,4445.79980,4441.50000,4442.79980,617.0000
2026-09-08T15:55:00+00:00,4442.70020,4444.10010,4439.79980,4439.79980,412.0000
2026-09-08T16:00:00+00:00,4440.00000,4440.39990,4436.39990,4439.89990,815.0000
2026-09-08T16:05:00+00:00,4439.70020,4440.00000,4425.10010,4426.10010,1909.0000
2026-09-08T16:10:00+00:00,4426.20020,4431.50000,4425.60010,4431.50000,2258.0000
2026-09-08T16:15:00+00:00,4431.39990,4432.60010,4428.79980,4430.29980,701.0000
2026-09-08T16:20:00+00:00,4430.50000,4437.89990,4430.20020,4437.70020,734.0000
2026-09-08T16:25:00+00:00,4437.50000,4440.50000,4435.79980,4438.89990,883.0000
2026-09-08T16:30:00+00:00,4438.89990,4441.39990,4437.60010,4439.79980,529.0000
2026-09-08T16:35:00+00:00,4439.60010,4441.10010,4438.50000,4439.29980,298.0000
2026-09-08T16:40:00+00:00,4439.50000,4440.39990,4438.29980,4438.79980,333.0000
2026-09-08T16:45:00+00:00,4438.89990,4439.39990,4436.70020,4438.60010,389.0000
2026-09-08T16:50:00+00:00,4438.70020,4443.39990,4437.60010,4439.10010,915.0000
2026-09-08T16:55:00+00:00,4438.79980,4440.20020,4434.89990,4438.29980,1048.0000
2026-09-08T17:00:00+00:00,4438.39990,4446.60010,4438.39990,4446.10010,984.0000
2026-09-08T17:05:00+00:00,4446.60010,4448.60010,4442.29980,4442.70020,706.0000
2026-09-08T17:10:00+00:00,4443.00000,4444.10010,4439.39990,4440.29980,353.0000
2026-09-08T17:15:00+00:00,4440.39990,4442.29980,4440.39990,4441.29980,294.0000
2026-09-08T17:20:00+00:00,4441.39990,4441.39990,4437.89990,4439.39990,706.0000
2026-09-08T17:25:00+00:00,4439.10010,4439.89990,4436.79980,4438.89990,1587.0000
2026-09-08T17:30:00+00:00,4438.89990,4439.79980,4436.10010,4436.10010,440.0000
2026-09-08T17:35:00+00:00,4436.00000,4437.50000,4433.89990,4433.89990,585.0000
2026-09-08T17:40:00+00:00,4433.89990,4434.00000,4429.70020,4429.70020,707.0000
2026-09-08T17:45:00+00:00,4429.89990,4432.50000,4429.50000,4431.39990,515.0000
2026-09-08T17:50:00+00:00,4431.89990,4433.89990,4431.39990,4433.39990,209.0000
2026-09-08T17:55:00+00:00,4433.29980,4434.70020,4432.29980,4434.29980,327.0000
2026-09-08T18:00:00+00:00,4434.50000,4434.70020,4431.60010,4431.60010,478.0000
2026-09-08T18:05:00+00:00,4431.39990,4432.79980,4429.20020,4429.29980,622.0000
2026-09-08T18:10:00+00:00,4429.29980,4432.10010,4428.39990,4432.10010,390.0000
2026-09-08T18:15:00+00:00,4432.00000,4432.10010,4429.10010,4430.10010,538.0000
2026-09-08T18:20:00+00:00,4430.39990,4431.39990,4429.10010,4429.79980,344.0000
2026-09-08T18:25:00+00:00,4429.89990,4430.70020,4428.60010,4430.10010,485.0000
2026-09-08T18:30:00+00:00,4430.10010,4430.10010,4425.79980,4428.60010,475.0000
2026-09-08T18:35:00+00:00,4428.50000,4429.39990,4427.10010,4428.70020,239.0000
2026-09-08T18:40:00+00:00,4428.79980,4430.39990,4428.00000,4430.20020,188.0000
2026-09-08T18:45:00+00:00,4430.10010,4431.29980,4406.50000,4408.10010,4413.0000
2026-09-08T18:50:00+00:00,4407.89990,4420.20020,4402.39990,4420.20020,2377.0000
2026-09-08T18:55:00+00:00,4420.00000,4422.60010,4417.00000,4420.10010,1345.0000
2026-09-08T19:00:00+00:00,4420.20020,4421.79980,4415.79980,4419.20020,647.0000
2026-09-08T19:05:00+00:00,4419.39990,4420.00000,4413.89990,4416.20020,784.0000
2026-09-08T19:10:00+00:00,4416.00000,4419.10010,4415.00000,4415.00000,304.0000
2026-09-08T19:15:00+00:00,4415.29980,4417.89990,4412.39990,4412.50000,500.0000
2026-09-08T19:20:00+00:00,4412.29980,4415.29980,4411.10010,4411.50000,513.0000
2026-09-08T19:25:00+00:00,4411.89990,4415.00000,4411.00000,4413.60010,226.0000
2026-09-08T19:30:00+00:00,4413.39990,4413.89990,4406.29980,4409.29980,579.0000
2026-09-08T19:35:00+00:00,4409.29980,4414.79980,4409.20020,4412.29980,591.0000
2026-09-08T19:40:00+00:00,4412.39990,4414.20020,4411.29980,4413.70020,354.0000
2026-09-08T19:45:00+00:00,4413.70020,4413.89990,4409.89990,4410.70020,322.0000
2026-09-08T19:50:00+00:00,4411.29980,4411.29980,4406.10010,4408.50000,1409.0000
2026-09-08T19:55:00+00:00,4408.79980,4409.50000,4401.10010,4404.50000,1561.0000
2026-09-08T20:00:00+00:00,4404.10010,4409.50000,4402.29980,4402.29980,1076.0000
2026-09-08T20:05:00+00:00,4402.29980,4403.79980,4400.70020,4403.00000,683.0000
2026-09-08T20:10:00+00:00,4402.79980,4406.70020,4401.79980,4405.00000,377.0000
2026-09-08T20:15:00+00:00,4405.29980,4405.79980,4404.10010,4405.79980,130.0000
2026-09-08T20:20:00+00:00,4405.89990,4406.00000,4403.60010,4403.79980,181.0000
2026-09-08T20:25:00+00:00,4404.20020,4404.39990,4400.10010,4401.00000,609.0000
2026-09-08T20:30:00+00:00,4401.60010,4402.89990,4400.89990,4402.70020,142.0000
2026-09-08T20:35:00+00:00,4402.79980,4403.39990,4401.70020,4402.60010,135.0000
2026-09-08T20:40:00+00:00,4402.39990,4403.10010,4401.60010,4402.50000,93.0000
2026-09-08T20:45:00+00:00,4402.70020,4402.70020,4381.00000,4392.29980,904.0000
2026-09-08T20:50:00+00:00,4392.50000,4400.20020,4392.50000,4398.00000,833.0000
2026-09-08T20:55:00+00:00,4398.29980,4401.00000,4397.70020,4400.00000,241.0000
2026-09-08T22:00:00+00:00,4399.00000,4403.00000,4396.60010,4401.29980,0.0000
2026-09-08T22:05:00+00:00,4401.20020,4401.89990,4396.89990,4398.00000,206.0000
2026-09-08T22:10:00+00:00,4398.10010,4401.10010,4397.60010,4399.79980,229.0000
2026-09-08T22:15:00+00:00,4399.70020,4401.39990,4398.39990,4399.50000,158.0000
2026-09-08T22:20:00+00:00,4399.39990,4399.39990,4397.00000,4397.79980,69.0000
2026-09-08T22:25:00+00:00,4397.50000,4399.20020,4396.79980,4398.29980,108.0000
2026-09-08T22:30:00+00:00,4398.29980,4399.70020,4397.79980,4398.60010,111.0000
2026-09-08T22:35:00+00:00,4398.10010,4399.39990,4396.00000,4396.10010,114.0000
2026-09-08T22:40:00+00:00,4396.29980,4397.60010,4393.70020,4395.29980,245.0000
2026-09-08T22:45:00+00:00,4395.50000,4396.00000,4394.20020,4395.89990,152.0000
2026-09-08T22:50:00+00:00,4395.89990,4397.00000,4395.89990,4396.79980,80.0000
2026-09-08T22:55:00+00:00,4396.70020,4397.79980,4395.89990,4397.39990,64.0000
2026-09-08T23:00:00+00:00,4397.39990,4398.39990,4396.20020,4396.50000,134.0000
2026-09-08T23:05:00+00:00,4396.20020,4398.00000,4396.00000,4397.50000,152.0000
2026-09-08T23:10:00+00:00,4397.39990,4397.39990,4395.00000,4395.60010,116.0000
2026-09-08T23:15:00+00:00,4395.89990,4397.10010,4395.10010,4396.70020,152.0000
2026-09-08T23:20:00+00:00,4396.29980,4397.89990,4396.10010,4397.79980,120.0000
2026-09-08T23:25:00+00:00,4397.20020,4401.29980,4397.20020,4401.00000,321.0000
2026-09-08T23:30:00+00:00,4401.10010,4403.39990,4400.39990,4402.60010,229.0000
2026-09-08T23:35:00+00:00,4401.89990,4402.39990,4400.20020,4400.50000,97.0000
2026-09-08T23:40:00+00:00,4400.60010,4402.70020,4400.39990,4402.50000,100.0000
2026-09-08T23:45:00+00:00,4401.70020,4402.00000,4396.50000,4397.29980,295.0000
2026-09-08T23:50:00+00:00,4397.39990,4397.39990,4393.50000,4393.89990,361.0000
2026-09-08T23:55:00+00:00,4393.89990,4396.39990,4392.39990,4393.10010,222.0000
2026-09-09T00:00:00+00:00,4393.29980,4396.60010,4390.00000,4393.70020,525.0000
2026-09-09T00:05:00+00:00,4393.50000,4394.00000,4388.00000,4392.60010,646.0000
2026-09-09T00:10:00+00:00,4392.60010,4396.29980,4390.79980,4393.50000,294.0000
2026-09-09T00:15:00+00:00,4393.60010,4393.79980,4388.10010,4391.60010,284.0000
2026-09-09T00:20:00+00:00,4391.39990,4392.20020,4386.29980,4386.79980,239.0000
2026-09-09T00:25:00+00:00,4386.50000,4391.39990,4384.10010,4390.60010,486.0000
2026-09-09T00:30:00+00:00,4390.29980,4391.39990,4389.39990,4390.50000,230.0000
2026-09-09T00:35:00+00:00,4390.39990,4393.10010,4387.50000,4393.00000,210.0000
2026-09-09T00:40:00+00:00,4393.00000,4398.50000,4391.20020,4398.50000,409.0000
2026-09-09T00:45:00+00:00,4398.29980,4400.50000,4396.60010,4399.50000,520.0000
2026-09-09T00:50:00+00:00,4399.79980,4404.89990,4398.70020,4403.70020,512.0000
2026-09-09T00:55:00+00:00,4403.39990,4409.50000,4402.79980,4408.79980,566.0000
2026-09-09T01:00:00+00:00,4408.60010,4408.79980,4397.79980,4401.39990,983.0000
2026-09-09T01:05:00+00:00,4401.39990,4411.20020,4401.39990,4411.20020,676.0000
2026-09-09T01:10:00+00:00,4411.00000,4412.70020,4409.20020,4412.29980,445.0000
2026-09-09T01:15:00+00:00,4411.70020,4413.10010,4406.60010,4410.20020,832.0000
2026-09-09T01:20:00+00:00,4410.10010,4413.60010,4408.89990,4413.39990,389.0000
2026-09-09T01:25:00+00:00,4413.70020,4417.00000,4412.10010,4415.79980,695.0000
2026-09-09T01:30:00+00:00,4415.79980,4420.79980,4414.60010,4420.79980,762.0000
2026-09-09T01:35:00+00:00,4420.79980,4421.79980,4417.89990,4418.79980,560.0000
2026-09-09T01:40:00+00:00,4418.89990,4422.00000,4418.39990,4420.20020,374.0000
2026-09-09T01:45:00+00:00,4420.29980,4422.00000,4417.10010,4418.89990,361.0000
2026-09-09T01:50:00+00:00,4419.20020,4419.89990,4415.70020,4417.60010,320.0000
2026-09-09T01:55:00+00:00,4417.89990,4419.89990,4414.60010,4417.70020,283.0000
2026-09-09T02:00:00+00:00,4417.29980,4417.70020,4414.89990,4417.20020,145.0000
2026-09-09T02:05:00+00:00,4416.79980,4419.89990,4414.39990,4418.70020,227.0000
2026-09-09T02:10:00+00:00,4418.79980,4419.39990,4416.20020,4417.39990,101.0000
2026-09-09T02:15:00+00:00,4417.60010,4420.89990,4417.10010,4418.39990,166.0000
2026-09-09T02:20:00+00:00,4418.70020,4418.79980,4415.60010,4415.60010,116.0000
2026-09-09T02:25:00+00:00,4415.29980,4417.00000,4415.29980,4416.60010,68.0000
2026-09-09T02:30:00+00:00,4416.60010,4417.60010,4413.00000,4413.10010,269.0000
2026-09-09T02:35:00+00:00,4413.00000,4414.70020,4411.00000,4411.70020,332.0000
2026-09-09T02:40:00+00:00,4412.20020,4418.29980,4412.20020,4418.10010,179.0000
2026-09-09T02:45:00+00:00,4417.70020,4422.39990,4416.79980,4420.70020,469.0000
2026-09-09T02:50:00+00:00,4421.00000,4428.39990,4420.10010,4424.20020,557.0000
2026-09-09T02:55:00+00:00,4424.29980,4426.60010,4423.60010,4426.00000,233.0000
2026-09-09T03:00:00+00:00,4426.20020,4426.60010,4422.50000,4423.20020,201.0000
2026-09-09T03:05:00+00:00,4423.29980,4426.00000,4421.79980,4422.39990,160.0000
2026-09-09T03:10:00+00:00,4422.50000,4424.29980,4422.29980,4423.00000,156.0000
2026-09-09T03:15:00+00:00,4422.50000,4422.50000,4419.20020,4420.89990,221.0000
2026-09-09T03:20:00+00:00,4421.29980,4422.89990,4421.10010,4422.79980,99.0000
2026-09-09T03:25:00+00:00,4422.60010,4423.00000,4419.29980,4422.10010,155.0000
2026-09-09T03:30:00+00:00,4421.89990,4422.20020,4419.20020,4420.50000,91.0000
2026-09-09T03:35:00+00:00,4420.20020,4421.89990,4420.00000,4421.79980,50.0000
2026-09-09T03:40:00+00:00,4422.00000,4423.89990,4421.29980,4422.79980,93.0000
2026-09-09T03:45:00+00:00,4422.29980,4422.70020,4420.89990,4421.70020,54.0000
2026-09-09T03:50:00+00:00,4421.89990,4422.79980,4419.79980,4421.10010,219.0000
2026-09-09T03:55:00+00:00,4420.70020,4421.20020,4420.20020,4420.39990,47.0000
2026-09-09T04:00:00+00:00,4418.70020,4419.70020,4418.20020,4418.29980,110.0000
2026-09-09T04:05:00+00:00,4418.29980,4418.29980,4415.39990,4416.10010,250.0000
2026-09-09T04:10:00+00:00,4415.70020,4417.20020,4414.20020,4417.00000,132.0000
2026-09-09T04:15:00+00:00,4416.89990,4418.00000,4416.00000,4417.29980,114.0000
2026-09-09T04:20:00+00:00,4417.29980,4421.00000,4416.39990,4420.79980,186.0000
2026-09-09T04:25:00+00:00,4420.79980,4424.29980,4420.50000,4423.70020,353.0000
2026-09-09T04:30:00+00:00,4423.50000,4423.70020,4421.70020,4422.50000,271.0000
2026-09-09T04:35:00+00:00,4422.29980,4423.70020,4421.60010,4422.10010,138.0000
2026-09-09T04:40:00+00:00,4421.89990,4422.29980,4419.89990,4421.79980,98.0000
2026-09-09T04:45:00+00:00,4421.89990,4423.79980,4421.89990,4422.70020,127.0000
2026-09-09T04:50:00+00:00,4422.79980,4425.29980,4421.29980,4424.79980,121.0000
2026-09-09T04:55:00+00:00,4424.79980,4426.20020,4423.89990,4425.29980,258.0000
2026-09-09T05:00:00+00:00,4425.39990,4427.79980,4423.89990,4425.20020,583.0000
2026-09-09T05:05:00+00:00,4425.39990,4428.79980,4425.20020,4428.20020,614.0000
2026-09-09T05:10:00+00:00,4428.39990,4431.29980,4427.89990,4431.10010,705.0000
2026-09-09T05:15:00+00:00,4431.20020,4432.29980,4430.29980,4431.79980,488.0000
2026-09-09T05:20:00+00:00,4431.50000,4431.89990,4426.70020,4430.10010,472.0000
2026-09-09T05:25:00+00:00,4430.20020,4431.89990,4428.70020,4428.79980,387.0000
2026-09-09T05:30:00+00:00,4428.70020,4432.70020,4428.00000,4431.50000,619.0000
2026-09-09T05:35:00+00:00,4430.79980,4436.20020,4429.70020,4435.89990,495.0000
2026-09-09T05:40:00+00:00,4435.70020,4439.00000,4435.10010,4439.00000,580.0000
2026-09-09T05:45:00+00:00,4438.89990,4440.70020,4435.79980,4439.20020,436.0000
2026-09-09T05:50:00+00:00,4439.29980,4444.00000,4439.29980,4443.29980,774.0000
2026-09-09T05:55:00+00:00,4443.39990,4444.60010,4442.00000,4442.29980,1117.0000
2026-09-09T06:00:00+00:00,4442.39990,4447.79980,4441.70020,4446.39990,1108.0000
2026-09-09T06:05:00+00:00,4446.60010,4448.79980,4443.20020,4443.89990,538.0000
2026-09-09T06:10:00+00:00,4443.70020,4445.60010,4442.00000,4445.00000,329.0000
2026-09-09T06:15:00+00:00,4444.60010,4446.70020,4443.10010,4443.29980,498.0000
2026-09-09T06:20:00+00:00,4443.10010,4444.00000,4440.50000,4442.29980,497.0000
2026-09-09T06:25:00+00:00,4442.29980,4442.89990,4438.60010,4441.60010,688.0000
2026-09-09T06:30:00+00:00,4441.70020,4447.00000,4440.50000,4446.60010,1183.0000
2026-09-09T06:35:00+00:00,4446.70020,4449.89990,4445.50000,4448.70020,711.0000
2026-09-09T06:40:00+00:00,4448.79980,4448.79980,4443.20020,4444.10010,357.0000
2026-09-09T06:45:00+00:00,4444.10010,4445.00000,4442.39990,4444.89990,236.0000
2026-09-09T06:50:00+00:00,4445.00000,4445.39990,4443.50000,4444.39990,293.0000
2026-09-09T06:55:00+00:00,4444.29980,4445.20020,4443.29980,4444.70020,181.0000
2026-09-09T07:00:00+00:00,4444.39990,4446.29980,4443.00000,4445.39990,251.0000
2026-09-09T07:05:00+00:00,4445.20020,4448.10010,4445.20020,4447.29980,223.0000
2026-09-09T07:10:00+00:00,4447.60010,4451.70020,4447.00000,4450.10010,853.0000
2026-09-09T07:15:00+00:00,4450.10010,4450.50000,4446.50000,4447.50000,447.0000
2026-09-09T07:20:00+00:00,4447.39990,4451.50000,4447.39990,4448.89990,326.0000
2026-09-09T07:25:00+00:00,4448.70020,4452.60010,4448.50000,4451.39990,406.0000
2026-09-09T07:30:00+00:00,4451.50000,4452.39990,4449.89990,4450.89990,279.0000
2026-09-09T07:35:00+00:00,4451.10010,4453.79980,4450.39990,4453.70020,308.0000
2026-09-09T07:40:00+00:00,4453.60010,4454.20020,4451.79980,4454.00000,395.0000
2026-09-09T07:45:00+00:00,4454.00000,4456.29980,4453.10010,4455.20020,785.0000
2026-09-09T07:50:00+00:00,4455.10010,4455.10010,4451.89990,4452.10010,1435.0000
2026-09-09T07:55:00+00:00,4452.70020,4453.70020,4452.29980,4452.89990,281.0000
2026-09-09T08:00:00+00:00,4452.79980,4453.20020,4450.39990,4452.00000,540.0000
2026-09-09T08:05:00+00:00,4451.89990,4455.39990,4450.29980,4450.29980,737.0000
2026-09-09T08:10:00+00:00,4450.70020,4450.89990,4447.39990,4447.50000,767.0000
2026-09-09T08:15:00+00:00,4447.50000,4448.50000,4445.79980,4447.60010,376.0000
2026-09-09T08:20:00+00:00,4447.29980,4447.29980,4444.60010,4444.89990,381.0000
2026-09-09T08:25:00+00:00,4445.00000,4446.10010,4442.60010,4443.70020,538.0000
2026-09-09T08:30:00+00:00,4443.60010,4447.60010,4443.60010,4446.00000,312.0000
2026-09-09T08:35:00+00:00,4445.79980,4446.39990,4443.60010,4443.60010,122.0000
2026-09-09T08:40:00+00:00,4443.60010,4446.29980,4442.89990,4443.89990,322.0000
2026-09-09T08:45:00+00:00,4443.79980,4446.10010,4442.79980,4444.29980,186.0000
2026-09-09T08:50:00+00:00,4444.20020,4446.20020,4443.70020,4446.20020,451.0000
2026-09-09T08:55:00+00:00,4446.10010,4447.39990,4444.39990,4444.60010,138.0000
2026-09-09T09:00:00+00:00,4444.79980,4446.29980,4444.20020,4445.00000,206.0000
2026-09-09T09:05:00+00:00,4445.10010,4446.20020,4443.50000,4445.79980,281.0000
2026-09-09T09:10:00+00:00,4445.79980,4445.79980,4442.10010,4442.50000,196.0000
2026-09-09T09:15:00+00:00,4442.50000,4444.29980,4441.50000,4443.89990,351.0000
2026-09-09T09:20:00+00:00,4444.00000,4444.29980,4441.39990,4441.89990,341.0000
2026-09-09T09:25:00+00:00,4442.10010,4443.10010,4440.60010,4442.50000,324.0000
2026-09-09T09:30:00+00:00,4442.50000,4443.00000,4439.60010,4442.10010,796.0000
2026-09-09T09:35:00+00:00,4442.29980,4442.89990,4441.50000,4442.00000,180.0000
2026-09-09T09:40:00+00:00,4442.29980,4442.70020,4439.50000,4440.60010,171.0000
2026-09-09T09:45:00+00:00,4440.39990,4440.39990,4438.29980,4439.29980,480.0000
2026-09-09T09:50:00+00:00,4439.20020,4439.20020,4435.00000,4435.29980,620.0000
2026-09-09T09:55:00+00:00,4435.20020,4435.29980,4432.50000,4434.60010,555.0000
2026-09-09T10:00:00+00:00,4434.50000,4435.70020,4430.00000,4433.79980,739.0000
2026-09-09T10:05:00+00:00,4434.20020,4437.10010,4434.20020,4436.10010,250.0000
2026-09-09T10:10:00+00:00,4436.29980,4437.20020,4433.50000,4434.79980,529.0000
2026-09-09T10:15:00+00:00,4434.70020,4438.29980,4432.70020,4438.00000,466.0000
2026-09-09T10:20:00+00:00,4437.89990,4439.70020,4437.39990,4438.29980,263.0000
2026-09-09T10:25:00+00:00,4438.10010,4439.10010,4436.79980,4438.20020,239.0000
2026-09-09T10:30:00+00:00,4438.10010,4440.50000,4437.00000,4439.70020,325.0000
2026-09-09T10:35:00+00:00,4439.60010,4442.50000,4439.50000,4441.79980,316.0000
2026-09-09T10:40:00+00:00,4441.79980,4442.39990,4437.70020,4438.20020,235.0000
2026-09-09T10:45:00+00:00,4438.39990,4443.60010,4438.10010,4442.29980,435.0000
2026-09-09T10:50:00+00:00,4442.20020,4446.00000,4441.70020,4445.50000,699.0000
2026-09-09T10:55:00+00:00,4445.60010,4447.00000,4442.89990,4442.89990,582.0000
2026-09-09T11:00:00+00:00,4443.29980,4447.00000,4443.20020,4447.00000,315.0000
2026-09-09T11:05:00+00:00,4447.20020,4447.79980,4445.60010,4447.60010,263.0000
2026-09-09T11:10:00+00:00,4447.60010,4448.10010,4446.20020,4447.00000,238.0000
2026-09-09T11:15:00+00:00,4447.29980,4448.39990,4445.00000,4447.70020,425.0000
2026-09-09T11:20:00+00:00,4447.70020,4450.20020,4446.00000,4450.00000,352.0000
2026-09-09T11:25:00+00:00,4450.10010,4453.20020,4449.70020,4452.00000,632.0000
2026-09-09T11:30:00+00:00,4452.29980,4452.39990,4448.29980,4448.50000,462.0000
2026-09-09T11:35:00+00:00,4448.50000,4449.50000,4447.39990,4448.89990,568.0000
2026-09-09T11:40:00+00:00,4449.00000,4451.20020,4448.89990,4449.60010,406.0000
2026-09-09T11:45:00+00:00,4450.00000,4459.39990,4447.70020,4458.39990,1409.0000
2026-09-09T11:50:00+00:00,4458.39990,4459.89990,4451.29980,4451.50000,1184.0000
2026-09-09T11:55:00+00:00,4451.50000,4452.89990,4450.20020,4451.60010,358.0000
2026-09-09T12:00:00+00:00,4451.50000,4453.60010,4447.60010,4448.60010,495.0000
2026-09-09T12:05:00+00:00,4449.00000,4450.00000,4445.00000,4447.60010,548.0000
2026-09-09T12:10:00+00:00,4447.70020,4449.00000,4443.29980,4443.60010,439.0000
2026-09-09T12:15:00+00:00,4443.70020,4444.60010,4440.29980,4440.79980,641.0000
2026-09-09T12:20:00+00:00,4440.79980,4444.70020,4439.10010,4441.00000,924.0000
2026-09-09T12:25:00+00:00,4441.20020,4441.39990,4438.10010,4438.50000,691.0000
2026-09-09T12:30:00+00:00,4438.00000,4441.89990,4436.20020,4440.60010,926.0000
2026-09-09T12:35:00+00:00,4440.50000,4442.00000,4435.20020,4435.39990,685.0000
2026-09-09T12:40:00+00:00,4435.60010,4439.89990,4435.20020,4439.10010,785.0000
2026-09-09T12:45:00+00:00,4439.50000,4444.00000,4439.50000,4441.50000,663.0000
2026-09-09T12:50:00+00:00,4441.50000,4443.70020,4440.39990,4443.10010,276.0000
2026-09-09T12:55:00+00:00,4443.10010,4447.00000,4442.60010,4444.39990,737.0000
2026-09-09T13:00:00+00:00,4444.20020,4452.70020,4442.79980,4451.39990,1320.0000
2026-09-09T13:05:00+00:00,4451.39990,4454.89990,4451.29980,4454.20020,746.0000
2026-09-09T13:10:00+00:00,4454.29980,4458.00000,4454.00000,4457.79980,968.0000
2026-09-09T13:15:00+00:00,4457.79980,4462.60010,4455.10010,4461.50000,1318.0000
2026-09-09T13:20:00+00:00,4461.60010,4472.70020,4458.89990,4472.00000,2192.0000
2026-09-09T13:25:00+00:00,4472.20020,4475.10010,4469.79980,4474.29980,2326.0000
2026-09-09T13:30:00+00:00,4474.10010,4479.00000,4472.60010,4475.50000,2527.0000
2026-09-09T13:35:00+00:00,4475.10010,4475.29980,4464.29980,4465.79980,1997.0000
2026-09-09T13:40:00+00:00,4466.00000,4466.50000,4456.70020,4461.39990,1935.0000
2026-09-09T13:45:00+00:00,4461.60010,4465.79980,4460.29980,4465.70020,1139.0000
2026-09-09T13:50:00+00:00,4465.60010,4468.20020,4459.39990,4460.70020,1010.0000
2026-09-09T13:55:00+00:00,4460.89990,4461.29980,4454.70020,4459.29980,1632.0000
2026-09-09T14:00:00+00:00,4459.20020,4468.89990,4458.60010,4468.10010,2077.0000
2026-09-09T14:05:00+00:00,4467.79980,4473.00000,4465.20020,4466.39990,1040.0000
2026-09-09T14:10:00+00:00,4466.39990,4467.89990,4462.00000,4467.50000,772.0000
2026-09-09T14:15:00+00:00,4467.70020,4467.70020,4457.89990,4461.00000,1213.0000
2026-09-09T14:20:00+00:00,4461.10010,4461.29980,4453.60010,4454.20020,1021.0000
2026-09-09T14:25:00+00:00,4454.39990,4470.20020,4453.89990,4470.00000,1588.0000
2026-09-09T14:30:00+00:00,4470.20020,4470.20020,4464.70020,4467.20020,1103.0000
2026-09-09T14:35:00+00:00,4467.20020,4471.39990,4466.89990,4470.70020,945.0000
2026-09-09T14:40:00+00:00,4470.10010,4471.10010,4463.00000,4463.20020,716.0000
2026-09-09T14:45:00+00:00,4463.39990,4466.70020,4462.39990,4465.60010,463.0000
2026-09-09T14:50:00+00:00,4464.89990,4468.10010,4463.50000,4463.60010,871.0000
2026-09-09T14:55:00+00:00,4464.00000,4464.70020,4459.20020,4463.20020,953.0000
2026-09-09T15:00:00+00:00,4463.39990,4477.00000,4439.20020,4439.50000,9644.0000
2026-09-09T15:05:00+00:00,4439.60010,4443.20020,4424.60010,4436.00000,4930.0000
2026-09-09T15:10:00+00:00,4435.39990,4436.89990,4426.10010,4434.79980,3324.0000
2026-09-09T15:15:00+00:00,4434.50000,4438.00000,4423.89990,4429.10010,2203.0000
2026-09-09T15:20:00+00:00,4429.20020,4432.89990,4419.29980,4427.79980,2743.0000
2026-09-09T15:25:00+00:00,4427.60010,4439.89990,4427.20020,4438.70020,1997.0000
2026-09-09T15:30:00+00:00,4439.10010,4445.79980,4436.79980,4445.39990,1513.0000
2026-09-09T15:35:00+00:00,4445.10010,4451.89990,4442.10010,4450.50000,2735.0000
2026-09-09T15:40:00+00:00,4450.79980,4451.60010,4443.50000,4447.50000,690.0000
2026-09-09T15:45:00+00:00,4447.50000,4449.00000,4443.20020,4446.60010,457.0000
2026-09-09T15:50:00+00:00,4446.50000,4451.50000,4443.70020,4445.70020,716.0000
2026-09-09T15:55:00+00:00,4445.39990,4445.39990,4442.29980,4442.70020,517.0000
2026-09-09T16:00:00+00:00,4442.89990,4447.29980,4441.10010,4447.20020,589.0000
2026-09-09T16:05:00+00:00,4446.79980,4446.79980,4439.20020,4440.29980,950.0000
2026-09-09T16:10:00+00:00,4440.20020,4443.20020,4439.50000,4442.39990,403.0000
2026-09-09T16:15:00+00:00,4442.60010,4443.00000,4435.79980,4437.70020,1018.0000
2026-09-09T16:20:00+00:00,4438.00000,4443.00000,4437.79980,4443.00000,330.0000
2026-09-09T16:25:00+00:00,4443.10010,4447.00000,4443.10010,4446.20020,697.0000
2026-09-09T16:30:00+00:00,4446.00000,4448.29980,4443.29980,4447.10010,485.0000
2026-09-09T16:35:00+00:00,4447.20020,4449.00000,4443.79980,4448.79980,416.0000
2026-09-09T16:40:00+00:00,4448.79980,4453.10010,4448.10010,4452.29980,894.0000
2026-09-09T16:45:00+00:00,4452.29980,4454.10010,4450.79980,4452.10010,568.0000
2026-09-09T16:50:00+00:00,4452.10010,4452.60010,4450.39990,4452.00000,219.0000
2026-09-09T16:55:00+00:00,4452.10010,4455.39990,4451.20020,4454.39990,606.0000
2026-09-09T17:00:00+00:00,4454.50000,4459.10010,4453.79980,4458.00000,1110.0000
2026-09-09T17:05:00+00:00,4457.89990,4465.29980,4457.50000,4463.79980,1390.0000
2026-09-09T17:10:00+00:00,4463.20020,4464.29980,4460.39990,4461.60010,740.0000
2026-09-09T17:15:00+00:00,4461.79980,4463.50000,4460.10010,4461.29980,588.0000
2026-09-09T17:20:00+00:00,4461.39990,4463.50000,4460.79980,4463.10010,411.0000
2026-09-09T17:25:00+00:00,4463.29980,4465.60010,4459.50000,4459.79980,1350.0000
2026-09-09T17:30:00+00:00,4460.00000,4460.20020,4456.79980,4457.70020,849.0000
2026-09-09T17:35:00+00:00,4457.79980,4459.50000,4457.10010,4458.10010,242.0000
2026-09-09T17:40:00+00:00,4458.50000,4462.20020,4458.50000,4458.50000,543.0000
2026-09-09T17:45:00+00:00,4458.70020,4460.20020,4458.39990,4458.79980,186.0000
2026-09-09T17:50:00+00:00,4459.00000,4461.50000,4458.70020,4460.29980,352.0000
2026-09-09T17:55:00+00:00,4460.50000,4462.10010,4460.29980,4461.20020,268.0000
2026-09-09T18:00:00+00:00,4461.39990,4464.10010,4461.10010,4463.70020,498.0000
2026-09-09T18:05:00+00:00,4463.60010,4464.29980,4461.10010,4463.39990,390.0000
2026-09-09T18:10:00+00:00,4463.50000,4466.70020,4462.89990,4465.60010,514.0000
2026-09-09T18:15:00+00:00,4465.70020,4465.89990,4463.20020,4464.39990,524.0000
2026-09-09T18:20:00+00:00,4464.20020,4464.79980,4462.29980,4462.39990,271.0000
2026-09-09T18:25:00+00:00,4462.89990,4463.10010,4461.89990,4463.10010,394.0000
2026-09-09T18:30:00+00:00,4463.29980,4463.50000,4458.70020,4460.29980,823.0000
2026-09-09T18:35:00+00:00,4460.10010,4460.89990,4458.70020,4460.10010,628.0000
2026-09-09T18:40:00+00:00,4460.29980,4461.79980,4454.70020,4455.10010,427.0000
2026-09-09T18:45:00+00:00,4455.10010,4455.29980,4451.50000,4451.79980,299.0000
2026-09-09T18:50:00+00:00,4451.79980,4453.00000,4450.39990,4450.50000,333.0000
2026-09-09T18:55:00+00:00,4451.20020,4452.20020,4446.50000,4448.20020,704.0000
2026-09-09T19:00:00+00:00,4448.20020,4449.29980,4442.00000,4443.89990,652.0000
2026-09-09T19:05:00+00:00,4443.50000,4445.60010,4442.50000,4444.79980,359.0000
2026-09-09T19:10:00+00:00,4444.79980,4446.20020,4442.70020,4445.79980,378.0000
2026-09-09T19:15:00+00:00,4446.00000,4447.70020,4444.10010,4447.50000,473.0000
2026-09-09T19:20:00+00:00,4447.29980,4450.39990,4447.20020,4450.20020,314.0000
2026-09-09T19:25:00+00:00,4449.89990,4450.20020,4445.10010,4445.10010,236.0000
2026-09-09T19:30:00+00:00,4445.10010,4446.50000,4444.00000,4444.39990,184.0000
2026-09-09T19:35:00+00:00,4444.50000,4444.70020,4441.10010,4442.89990,262.0000
2026-09-09T19:40:00+00:00,4442.79980,4445.50000,4441.89990,4445.20020,370.0000
2026-09-09T19:45:00+00:00,4445.39990,4446.89990,4445.00000,4445.60010,335.0000
2026-09-09T19:50:00+00:00,4445.50000,4446.20020,4441.60010,4444.10010,300.0000
2026-09-09T19:55:00+00:00,4444.00000,4445.39990,4443.20020,4444.39990,320.0000
2026-09-09T20:00:00+00:00,4444.20020,4444.60010,4441.60010,4442.29980,265.0000
2026-09-09T20:05:00+00:00,4442.00000,4442.50000,4441.79980,4442.39990,54.0000
2026-09-09T20:10:00+00:00,4442.39990,4443.70020,4442.29980,4442.60010,96.0000
2026-09-09T20:15:00+00:00,4442.50000,4442.70020,4439.60010,4439.70020,384.0000
2026-09-09T20:20:00+00:00,4439.60010,4440.39990,4438.89990,4440.20020,124.0000
2026-09-09T20:25:00+00:00,4440.60010,4441.60010,4439.20020,4440.39990,68.0000
2026-09-09T20:30:00+00:00,4440.29980,4443.10010,4440.20020,4442.89990,71.0000
2026-09-09T20:35:00+00:00,4442.60010,4446.39990,4442.60010,4445.00000,252.0000
2026-09-09T20:40:00+00:00,4444.89990,4445.79980,4444.39990,4445.60010,151.0000
2026-09-09T20:45:00+00:00,4445.70020,4446.60010,4445.00000,4445.60010,154.0000
2026-09-09T20:50:00+00:00,4445.70020,4446.10010,4445.10010,4445.89990,77.0000
2026-09-09T20:55:00+00:00,4446.00000,4448.10010,4445.29980,4447.20020,160.0000
2026-09-09T22:00:00+00:00,4448.00000,4450.29980,4447.10010,4449.20020,0.0000
2026-09-09T22:05:00+00:00,4448.89990,4449.29980,4447.10010,4449.10010,71.0000
2026-09-09T22:10:00+00:00,4448.50000,4450.39990,4446.60010,4446.79980,319.0000
2026-09-09T22:15:00+00:00,4447.10010,4448.50000,4446.20020,4447.20020,82.0000
2026-09-09T22:20:00+00:00,4447.10010,4447.29980,4445.20020,4446.00000,80.0000
2026-09-09T22:25:00+00:00,4445.79980,4447.29980,4444.39990,4446.70020,309.0000
2026-09-09T22:30:00+00:00,4446.70020,4448.29980,4445.60010,4446.79980,406.0000
2026-09-09T22:35:00+00:00,4447.00000,4447.60010,4444.10010,4444.79980,255.0000
2026-09-09T22:40:00+00:00,4444.79980,4447.39990,4444.39990,4445.89990,228.0000
2026-09-09T22:45:00+00:00,4446.20020,4446.20020,4442.20020,4444.20020,587.0000
2026-09-09T22:50:00+00:00,4444.20020,4444.70020,4442.79980,4443.00000,87.0000
2026-09-09T22:55:00+00:00,4443.10010,4445.50000,4442.00000,4443.89990,274.0000
2026-09-09T23:00:00+00:00,4444.00000,4447.50000,4443.70020,4447.29980,494.0000
2026-09-09T23:05:00+00:00,4447.10010,4447.10010,4442.20020,4444.00000,512.0000
2026-09-09T23:10:00+00:00,4444.29980,4446.50000,4443.70020,4444.79980,380.0000
2026-09-09T23:15:00+00:00,4444.29980,4446.29980,4442.00000,4444.10010,394.0000
2026-09-09T23:20:00+00:00,4443.79980,4445.70020,4440.70020,4441.29980,231.0000
2026-09-09T23:25:00+00:00,4441.20020,4444.10010,4439.60010,4441.20020,702.0000
2026-09-09T23:30:00+00:00,4441.20020,4443.00000,4437.60010,4437.79980,475.0000
2026-09-09T23:35:00+00:00,4438.20020,4438.70020,4437.00000,4437.89990,116.0000
2026-09-09T23:40:00+00:00,4437.70020,4438.10010,4437.00000,4437.89990,27.0000
2026-09-09T23:45:00+00:00,4438.20020,4438.89990,4437.00000,4437.79980,231.0000
2026-09-09T23:50:00+00:00,4437.10010,4438.60010,4437.10010,4437.79980,92.0000
2026-09-09T23:55:00+00:00,4437.79980,4438.29980,4436.70020,4437.50000,70.0000
2026-09-10T00:00:00+00:00,4437.70020,4437.89990,4433.20020,4435.70020,391.0000
2026-09-10T00:05:00+00:00,4435.70020,4438.20020,4433.79980,4437.39990,226.0000
2026-09-10T00:10:00+00:00,4437.39990,4440.89990,4436.79980,4438.60010,222.0000
2026-09-10T00:15:00+00:00,4438.50000,4442.29980,4438.39990,4439.89990,171.0000
2026-09-10T00:20:00+00:00,4440.79980,4441.60010,4439.10010,4440.00000,81.0000
2026-09-10T00:25:00+00:00,4439.50000,4440.89990,4436.00000,4436.60010,259.0000
2026-09-10T00:30:00+00:00,4436.29980,4438.50000,4434.89990,4438.20020,195.0000
2026-09-10T00:35:00+00:00,4438.60010,4442.20020,4438.39990,4442.00000,253.0000
2026-09-10T00:40:00+00:00,4442.10010,4445.00000,4439.89990,4444.60010,339.0000
2026-09-10T00:45:00+00:00,4444.00000,4444.60010,4441.29980,4443.39990,270.0000
2026-09-10T00:50:00+00:00,4443.60010,4448.39990,4441.50000,4446.20020,311.0000
2026-09-10T00:55:00+00:00,4446.20020,4447.00000,4443.89990,4444.50000,273.0000
2026-09-10T01:00:00+00:00,4444.29980,4456.60010,4443.50000,4453.20020,953.0000
2026-09-10T01:05:00+00:00,4453.10010,4462.20020,4450.70020,4461.10010,533.0000
2026-09-10T01:10:00+00:00,4461.50000,4462.50000,4455.00000,4456.20020,479.0000
2026-09-10T01:15:00+00:00,4456.00000,4459.79980,4455.00000,4458.60010,555.0000
2026-09-10T01:20:00+00:00,4458.39990,4458.60010,4453.50000,4455.70020,315.0000
2026-09-10T01:25:00+00:00,4455.70020,4459.79980,4453.50000,4453.50000,306.0000
2026-09-10T01:30:00+00:00,4453.70020,4454.10010,4448.50000,4451.00000,386.0000
2026-09-10T01:35:00+00:00,4451.10010,4453.79980,4449.70020,4450.20020,280.0000
2026-09-10T01:40:00+00:00,4451.29980,4453.79980,4450.89990,4453.10010,117.0000
2026-09-10T01:45:00+00:00,4453.00000,4457.70020,4452.79980,4456.39990,288.0000
2026-09-10T01:50:00+00:00,4456.20020,4457.29980,4451.60010,4452.20020,380.0000
2026-09-10T01:55:00+00:00,4452.20020,4456.39990,4451.10010,4455.20020,171.0000
2026-09-10T02:00:00+00:00,4455.20020,4461.29980,4454.89990,4458.20020,629.0000
2026-09-10T02:05:00+00:00,4458.29980,4462.20020,4457.50000,4459.89990,471.0000
2026-09-10T02:10:00+00:00,4460.29980,4460.79980,4455.39990,4457.70020,439.0000
2026-09-10T02:15:00+00:00,4457.39990,4457.89990,4451.29980,4452.70020,462.0000
2026-09-10T02:20:00+00:00,4452.79980,4456.79980,4452.00000,4455.79980,417.0000
2026-09-10T02:25:00+00:00,4456.20020,4460.89990,4455.50000,4460.29980,373.0000
2026-09-10T02:30:00+00:00,4460.50000,4461.10010,4454.29980,4459.50000,524.0000
2026-09-10T02:35:00+00:00,4459.00000,4463.79980,4457.60010,4461.70020,553.0000
2026-09-10T02:40:00+00:00,4461.89990,4464.39990,4460.50000,4461.39990,341.0000
2026-09-10T02:45:00+00:00,4461.29980,4462.70020,4460.00000,4461.00000,138.0000
2026-09-10T02:50:00+00:00,4461.29980,4464.20020,4459.60010,4464.20020,178.0000
2026-09-10T02:55:00+00:00,4463.89990,4463.89990,4460.60010,4462.70020,115.0000
2026-09-10T03:00:00+00:00,4462.70020,4464.50000,4458.89990,4460.60010,377.0000
2026-09-10T03:05:00+00:00,4460.60010,4460.60010,4454.79980,4456.60010,417.0000
2026-09-10T03:10:00+00:00,4456.70020,4459.89990,4455.79980,4455.79980,190.0000
2026-09-10T03:15:00+00:00,4456.10010,4458.10010,4455.39990,4457.89990,163.0000
2026-09-10T03:20:00+00:00,4458.00000,4458.10010,4454.70020,4455.50000,120.0000
2026-09-10T03:25:00+00:00,4455.60010,4455.60010,4452.50000,4453.29980,161.0000
2026-09-10T03:30:00+00:00,4453.10010,4455.70020,4452.70020,4454.50000,95.0000
2026-09-10T03:35:00+00:00,4454.10010,4454.10010,4451.10010,4451.79980,100.0000
2026-09-10T03:40:00+00:00,4451.50000,4451.60010,4450.10010,4450.79980,113.0000
2026-09-10T03:45:00+00:00,4451.00000,4453.20020,4451.00000,4452.29980,200.0000
2026-09-10T03:50:00+00:00,4451.89990,4451.89990,4449.89990,4451.20020,70.0000
2026-09-10T03:55:00+00:00,4451.29980,4452.50000,4450.89990,4451.89990,82.0000
2026-09-10T04:00:00+00:00,4452.39990,4455.89990,4452.10010,4455.79980,172.0000
2026-09-10T04:05:00+00:00,4455.79980,4457.20020,4454.89990,4455.89990,150.0000
2026-09-10T04:10:00+00:00,4456.10010,4458.39990,4455.79980,4456.89990,152.0000
2026-09-10T04:15:00+00:00,4456.89990,4458.20020,4456.89990,4457.20020,95.0000
2026-09-10T04:20:00+00:00,4457.79980,4458.39990,4456.29980,4456.60010,104.0000
2026-09-10T04:25:00+00:00,4456.50000,4457.89990,4453.89990,4454.60010,185.0000
2026-09-10T04:30:00+00:00,4455.29980,4456.70020,4453.70020,4454.10010,154.0000
2026-09-10T04:35:00+00:00,4454.00000,4454.60010,4450.70020,4451.20020,140.0000
2026-09-10T04:40:00+00:00,4451.00000,4451.79980,4448.39990,4449.20020,192.0000
2026-09-10T04:45:00+00:00,4449.60010,4452.29980,4449.00000,4452.29980,115.0000
2026-09-10T04:50:00+00:00,4452.50000,4454.60010,4450.00000,4450.10010,149.0000
2026-09-10T04:55:00+00:00,4449.89990,4451.60010,4449.60010,4451.39990,73.0000
2026-09-10T05:00:00+00:00,4451.20020,4454.70020,4451.10010,4452.10010,151.0000
2026-09-10T05:05:00+00:00,4451.79980,4457.70020,4451.50000,4457.39990,290.0000
2026-09-10T05:10:00+00:00,4457.79980,4461.60010,4457.60010,4461.60010,295.0000
2026-09-10T05:15:00+00:00,4461.79980,4463.10010,4459.70020,4461.60010,306.0000
2026-09-10T05:20:00+00:00,4461.50000,4463.10010,4460.79980,4461.89990,117.0000
2026-09-10T05:25:00+00:00,4462.00000,4463.79980,4460.10010,4463.60010,163.0000
2026-09-10T05:30:00+00:00,4463.89990,4470.70020,4460.50000,4469.00000,1246.0000
2026-09-10T05:35:00+00:00,4469.10010,4470.89990,4465.00000,4466.29980,362.0000
2026-09-10T05:40:00+00:00,4466.39990,4472.89990,4466.20020,4471.39990,488.0000
2026-09-10T05:45:00+00:00,4471.70020,4473.89990,4469.60010,4469.60010,687.0000
2026-09-10T05:50:00+00:00,4469.60010,4472.00000,4467.39990,4471.20020,1112.0000
2026-09-10T05:55:00+00:00,4470.60010,4475.10010,4469.10010,4475.00000,389.0000
2026-09-10T06:00:00+00:00,4475.10010,4479.89990,4470.70020,4470.89990,1439.0000
2026-09-10T06:05:00+00:00,4470.89990,4471.60010,4466.20020,4466.29980,590.0000
2026-09-10T06:10:00+00:00,4466.10010,4467.00000,4459.79980,4459.89990,690.0000
2026-09-10T06:15:00+00:00,4460.10010,4460.10010,4456.50000,4458.20020,701.0000
2026-09-10T06:20:00+00:00,4458.29980,4459.89990,4454.39990,4459.70020,845.0000
2026-09-10T06:25:00+00:00,4459.60010,4460.89990,4456.79980,4460.79980,733.0000
2026-09-10T06:30:00+00:00,4460.70020,4462.20020,4457.70020,4458.20020,628.0000
2026-09-10T06:35:00+00:00,4457.89990,4461.70020,4456.20020,4461.70020,323.0000
2026-09-10T06:40:00+00:00,4461.89990,4470.60010,4461.89990,4470.00000,1232.0000
2026-09-10T06:45:00+00:00,4470.50000,4472.29980,4467.60010,4468.10010,677.0000
2026-09-10T06:50:00+00:00,4468.00000,4472.50000,4467.39990,4468.50000,1603.0000
2026-09-10T06:55:00+00:00,4468.70020,4469.29980,4467.29980,4469.29980,192.0000
2026-09-10T07:00:00+00:00,4469.00000,4469.50000,4458.70020,4458.89990,1604.0000
2026-09-10T07:05:00+00:00,4458.89990,4460.29980,4457.79980,4459.00000,413.0000
2026-09-10T07:10:00+00:00,4458.70020,4461.29980,4456.89990,4457.20020,631.0000
2026-09-10T07:15:00+00:00,4456.89990,4458.79980,4455.39990,4456.10010,254.0000
2026-09-10T07:20:00+00:00,4456.20020,4456.89990,4454.00000,4455.39990,367.0000
2026-09-10T07:25:00+00:00,4455.39990,4455.60010,4451.70020,4451.79980,463.0000
2026-09-10T07:30:00+00:00,4452.10010,4454.39990,4447.60010,4447.79980,1145.0000
2026-09-10T07:35:00+00:00,4448.29980,4451.10010,4447.50000,4449.60010,353.0000
2026-09-10T07:40:00+00:00,4449.20020,4453.20020,4448.39990,4453.00000,296.0000
2026-09-10T07:45:00+00:00,4453.00000,4456.29980,4452.39990,4454.79980,1092.0000
2026-09-10T07:50:00+00:00,4454.60010,4458.70020,4454.60010,4457.60010,538.0000
2026-09-10T07:55:00+00:00,4457.79980,4458.10010,4454.20020,4454.89990,446.0000
2026-09-10T08:00:00+00:00,4454.70020,4455.70020,4450.50000,4450.60010,542.0000
2026-09-10T08:05:00+00:00,4450.89990,4452.20020,4450.00000,4452.10010,220.0000
2026-09-10T08:10:00+00:00,4452.00000,4453.00000,4447.60010,4448.70020,270.0000
2026-09-10T08:15:00+00:00,4448.89990,4450.20020,4447.89990,4449.50000,158.0000
2026-09-10T08:20:00+00:00,4449.00000,4450.79980,4448.70020,4449.50000,166.0000
2026-09-10T08:25:00+00:00,4449.39990,4449.50000,4447.00000,4449.10010,630.0000
2026-09-10T08:30:00+00:00,4448.70020,4449.20020,4442.60010,4443.00000,572.0000
2026-09-10T08:35:00+00:00,4443.00000,4444.39990,4441.60010,4443.10010,379.0000
2026-09-10T08:40:00+00:00,4442.60010,4443.39990,4437.60010,4438.70020,788.0000
2026-09-10T08:45:00+00:00,4438.70020,4439.39990,4435.00000,4435.70020,1419.0000
2026-09-10T08:50:00+00:00,4436.00000,4441.20020,4435.60010,4439.50000,791.0000
2026-09-10T08:55:00+00:00,4439.00000,4439.00000,4436.20020,4437.79980,262.0000
2026-09-10T09:00:00+00:00,4437.79980,4439.39990,4436.00000,4438.39990,442.0000
2026-09-10T09:05:00+00:00,4438.60010,4439.50000,4432.29980,4434.29980,590.0000
2026-09-10T09:10:00+00:00,4434.50000,4437.89990,4434.39990,4437.50000,307.0000
2026-09-10T09:15:00+00:00,4437.89990,4439.50000,4436.20020,4438.29980,431.0000
2026-09-10T09:20:00+00:00,4438.20020,4438.70020,4434.70020,4435.20020,259.0000
2026-09-10T09:25:00+00:00,4435.29980,4438.10010,4434.29980,4435.50000,235.0000
2026-09-10T09:30:00+00:00,4435.20020,4435.79980,4432.00000,4434.70020,505.0000
2026-09-10T09:35:00+00:00,4434.50000,4435.70020,4433.39990,4433.50000,288.0000
2026-09-10T09:40:00+00:00,4433.39990,4435.60010,4431.00000,4435.60010,421.0000
2026-09-10T09:45:00+00:00,4435.60010,4438.60010,4435.29980,4437.70020,316.0000
2026-09-10T09:50:00+00:00,4436.79980,4438.50000,4436.70020,4437.60010,129.0000
2026-09-10T09:55:00+00:00,4437.50000,4437.60010,4436.00000,4437.00000,151.0000
2026-09-10T10:00:00+00:00,4436.89990,4442.39990,4434.50000,4440.89990,634.0000
2026-09-10T10:05:00+00:00,4440.89990,4442.79980,4434.20020,4435.70020,771.0000
2026-09-10T10:10:00+00:00,4435.29980,4440.00000,4432.20020,4437.89990,532.0000
2026-09-10T10:15:00+00:00,4437.50000,4442.79980,4436.79980,4441.10010,359.0000
2026-09-10T10:20:00+00:00,4441.20020,4441.79980,4438.70020,4438.79980,167.0000
2026-09-10T10:25:00+00:00,4438.39990,4440.00000,4436.20020,4436.70020,188.0000
2026-09-10T10:30:00+00:00,4437.00000,4437.50000,4426.10010,4427.60010,1251.0000
2026-09-10T10:35:00+00:00,4427.20020,4428.29980,4420.20020,4428.00000,1429.0000
2026-09-10T10:40:00+00:00,4427.89990,4429.10010,4425.70020,4426.39990,431.0000
2026-09-10T10:45:00+00:00,4426.10010,4428.29980,4422.60010,4425.20020,432.0000
2026-09-10T10:50:00+00:00,4425.29980,4426.00000,4417.00000,4419.50000,1146.0000
2026-09-10T10:55:00+00:00,4419.50000,4430.29980,4419.10010,4421.39990,1547.0000
2026-09-10T11:00:00+00:00,4421.10010,4426.89990,4421.00000,4426.20020,610.0000
2026-09-10T11:05:00+00:00,4426.00000,4426.70020,4421.20020,4421.89990,324.0000
2026-09-10T11:10:00+00:00,4421.60010,4426.00000,4417.39990,4425.60010,934.0000
2026-09-10T11:15:00+00:00,4425.70020,4428.10010,4423.10010,4425.10010,516.0000
2026-09-10T11:20:00+00:00,4425.39990,4425.89990,4421.89990,4424.89990,288.0000
2026-09-10T11:25:00+00:00,4425.20020,4431.20020,4425.20020,4428.00000,471.0000
2026-09-10T11:30:00+00:00,4427.89990,4430.89990,4426.79980,4429.00000,418.0000
2026-09-10T11:35:00+00:00,4428.79980,4431.89990,4428.70020,4431.79980,348.0000
2026-09-10T11:40:00+00:00,4431.70020,4433.10010,4426.60010,4426.89990,383.0000
2026-09-10T11:45:00+00:00,4427.00000,4427.60010,4422.50000,4423.79980,355.0000
2026-09-10T11:50:00+00:00,4424.20020,4425.00000,4418.00000,4422.89990,475.0000
2026-09-10T11:55:00+00:00,4422.70020,4422.70020,4415.10010,4416.70020,784.0000
2026-09-10T12:00:00+00:00,4416.79980,4419.20020,4412.60010,4415.00000,1117.0000
2026-09-10T12:05:00+00:00,4414.50000,4418.70020,4411.70020,4414.29980,1537.0000
2026-09-10T12:10:00+00:00,4414.10010,4419.89990,4413.70020,4417.39990,911.0000
2026-09-10T12:15:00+00:00,4417.10010,4419.20020,4408.60010,4414.10010,1476.0000
2026-09-10T12:20:00+00:00,4414.00000,4415.60010,4407.00000,4409.50000,1269.0000
2026-09-10T12:25:00+00:00,4409.00000,4410.00000,4403.60010,4406.29980,1286.0000
2026-09-10T12:30:00+00:00,4406.89990,4415.39990,4380.39990,4384.00000,5802.0000
2026-09-10T12:35:00+00:00,4384.00000,4385.00000,4365.39990,4368.39990,5753.0000
2026-09-10T12:40:00+00:00,4368.60010,4385.00000,4365.50000,4382.50000,4853.0000
2026-09-10T12:45:00+00:00,4382.29980,4391.39990,4379.79980,4391.29980,3367.0000
2026-09-10T12:50:00+00:00,4391.00000,4396.79980,4384.20020,4385.10010,2442.0000
2026-09-10T12:55:00+00:00,4384.70020,4385.89990,4378.00000,4381.79980,2042.0000
2026-09-10T13:00:00+00:00,4382.10010,4397.39990,4380.39990,4392.89990,2495.0000
2026-09-10T13:05:00+00:00,4393.10010,4395.29980,4388.39990,4389.20020,1932.0000
2026-09-10T13:10:00+00:00,4389.39990,4393.20020,4385.50000,4385.70020,1320.0000
2026-09-10T13:15:00+00:00,4385.50000,4391.10010,4383.00000,4391.00000,1220.0000
2026-09-10T13:20:00+00:00,4391.70020,4398.00000,4391.10010,4392.00000,1394.0000
2026-09-10T13:25:00+00:00,4391.60010,4399.79980,4386.70020,4399.60010,1059.0000
2026-09-10T13:30:00+00:00,4399.70020,4410.10010,4394.10010,4405.29980,2124.0000
2026-09-10T13:35:00+00:00,4405.00000,4413.79980,4401.39990,4411.70020,3267.0000
2026-09-10T13:40:00+00:00,4411.39990,4416.00000,4405.60010,4407.00000,1748.0000
2026-09-10T13:45:00+00:00,4407.10010,4418.10010,4405.79980,4413.70020,3150.0000
2026-09-10T13:50:00+00:00,4413.89990,4416.79980,4404.39990,4409.20020,3219.0000
2026-09-10T13:55:00+00:00,4409.29980,4412.89990,4406.79980,4408.50000,1053.0000
2026-09-10T14:00:00+00:00,4408.29980,4417.79980,4408.29980,4412.60010,1627.0000
2026-09-10T14:05:00+00:00,4412.60010,4414.50000,4403.70020,4407.00000,1644.0000
2026-09-10T14:10:00+00:00,4406.39990,4409.89990,4401.70020,4401.79980,1021.0000
2026-09-10T14:15:00+00:00,4401.70020,4405.79980,4396.50000,4405.00000,2033.0000
2026-09-10T14:20:00+00:00,4404.79980,4416.79980,4401.79980,4413.89990,2640.0000
2026-09-10T14:25:00+00:00,4413.70020,4419.10010,4405.20020,4405.89990,2091.0000
2026-09-10T14:30:00+00:00,4406.00000,4408.20020,4402.89990,4407.10010,968.0000
2026-09-10T14:35:00+00:00,4407.00000,4412.79980,4405.20020,4405.39990,1283.0000
2026-09-10T14:40:00+00:00,4405.79980,4412.50000,4398.60010,4398.79980,1589.0000
2026-09-10T14:45:00+00:00,4398.60010,4401.60010,4396.39990,4400.10010,1324.0000
2026-09-10T14:50:00+00:00,4400.10010,4404.10010,4397.29980,4397.60010,674.0000
2026-09-10T14:55:00+00:00,4397.50000,4402.10010,4396.39990,4400.10010,620.0000
2026-09-10T15:00:00+00:00,4400.39990,4400.70020,4394.60010,4395.70020,1073.0000
2026-09-10T15:05:00+00:00,4395.50000,4400.89990,4395.29980,4397.70020,575.0000
2026-09-10T15:10:00+00:00,4397.60010,4403.60010,4397.60010,4402.29980,838.0000
2026-09-10T15:15:00+00:00,4401.50000,4407.00000,4400.50000,4405.10010,933.0000
2026-09-10T15:20:00+00:00,4405.60010,4409.20020,4403.20020,4408.10010,650.0000
2026-09-10T15:25:00+00:00,4408.10010,4409.70020,4405.00000,4407.29980,583.0000
2026-09-10T15:30:00+00:00,4407.39990,4411.60010,4404.29980,4411.29980,726.0000
2026-09-10T15:35:00+00:00,4411.60010,4414.10010,4408.70020,4410.39990,875.0000
2026-09-10T15:40:00+00:00,4410.29980,4410.70020,4405.89990,4407.79980,592.0000
2026-09-10T15:45:00+00:00,4408.10010,4409.00000,4402.70020,4409.00000,633.0000
2026-09-10T15:50:00+00:00,4409.10010,4412.29980,4407.50000,4407.79980,584.0000
2026-09-10T15:55:00+00:00,4407.79980,4409.60010,4405.89990,4407.79980,309.0000
2026-09-10T16:00:00+00:00,4408.10010,4412.00000,4407.00000,4409.60010,704.0000
2026-09-10T16:05:00+00:00,4409.00000,4410.79980,4401.50000,4401.89990,801.0000
2026-09-10T16:10:00+00:00,4401.89990,4403.00000,4395.50000,4400.79980,1129.0000
2026-09-10T16:15:00+00:00,4400.60010,4403.10010,4397.10010,4401.10010,491.0000
2026-09-10T16:20:00+00:00,4401.70020,4404.79980,4400.79980,4403.39990,531.0000
2026-09-10T16:25:00+00:00,4403.29980,4405.70020,4401.79980,4405.10010,326.0000
2026-09-10T16:30:00+00:00,4404.50000,4407.50000,4399.29980,4399.60010,1641.0000
2026-09-10T16:35:00+00:00,4399.50000,4403.39990,4397.89990,4402.29980,662.0000
2026-09-10T16:40:00+00:00,4402.39990,4403.79980,4398.29980,4398.39990,561.0000
2026-09-10T16:45:00+00:00,4398.60010,4405.29980,4398.50000,4402.20020,774.0000
2026-09-10T16:50:00+00:00,4402.39990,4406.00000,4402.39990,4403.89990,537.0000
2026-09-10T16:55:00+00:00,4403.60010,4406.39990,4401.60010,4406.39990,428.0000
2026-09-10T17:00:00+00:00,4406.20020,4410.50000,4401.60010,4405.60010,1237.0000
2026-09-10T17:05:00+00:00,4405.79980,4406.79980,4402.50000,4403.60010,565.0000
2026-09-10T17:10:00+00:00,4404.29980,4408.39990,4403.39990,4404.60010,549.0000
2026-09-10T17:15:00+00:00,4404.50000,4406.79980,4403.20020,4406.10010,413.0000
2026-09-10T17:20:00+00:00,4406.20020,4407.60010,4404.60010,4404.70020,461.0000
2026-09-10T17:25:00+00:00,4404.79980,4409.00000,4404.70020,4408.00000,1480.0000
2026-09-10T17:30:00+00:00,4407.89990,4408.39990,4404.20020,4404.39990,522.0000
2026-09-10T17:35:00+00:00,4404.39990,4405.89990,4399.89990,4400.50000,710.0000
2026-09-10T17:40:00+00:00,4400.20020,4401.29980,4397.10010,4401.20020,694.0000
2026-09-10T17:45:00+00:00,4401.10010,4401.89990,4398.39990,4399.39990,264.0000
2026-09-10T17:50:00+00:00,4399.50000,4401.89990,4398.89990,4401.20020,399.0000
2026-09-10T17:55:00+00:00,4401.39990,4401.39990,4392.70020,4394.20020,812.0000
2026-09-10T18:00:00+00:00,4394.39990,4397.79980,4390.29980,4392.50000,1288.0000
2026-09-10T18:05:00+00:00,4392.39990,4392.60010,4383.39990,4384.79980,1473.0000
2026-09-10T18:10:00+00:00,4384.60010,4385.50000,4382.00000,4382.39990,813.0000
2026-09-10T18:15:00+00:00,4382.29980,4386.50000,4379.50000,4383.89990,1026.0000
2026-09-10T18:20:00+00:00,4383.89990,4387.89990,4383.50000,4385.29980,692.0000
2026-09-10T18:25:00+00:00,4385.39990,4386.70020,4378.79980,4380.70020,875.0000
2026-09-10T18:30:00+00:00,4380.60010,4380.60010,4373.60010,4376.89990,1014.0000
2026-09-10T18:35:00+00:00,4376.89990,4377.60010,4374.20020,4375.79980,674.0000
2026-09-10T18:40:00+00:00,4375.39990,4377.10010,4373.29980,4375.39990,693.0000
2026-09-10T18:45:00+00:00,4375.20020,4375.89990,4371.60010,4373.50000,958.0000
2026-09-10T18:50:00+00:00,4373.00000,4380.10010,4371.29980,4372.89990,1520.0000
2026-09-10T18:55:00+00:00,4372.89990,4378.39990,4372.00000,4374.39990,910.0000
2026-09-10T19:00:00+00:00,4374.00000,4374.00000,4354.70020,4357.89990,3862.0000
2026-09-10T19:05:00+00:00,4357.70020,4366.00000,4357.60010,4365.50000,1352.0000
2026-09-10T19:10:00+00:00,4365.39990,4365.89990,4360.79980,4363.70020,672.0000
2026-09-10T19:15:00+00:00,4363.89990,4364.89990,4360.50000,4362.10010,331.0000
2026-09-10T19:20:00+00:00,4362.20020,4371.00000,4362.10010,4370.50000,961.0000
2026-09-10T19:25:00+00:00,4370.39990,4372.10010,4367.79980,4368.79980,770.0000
2026-09-10T19:30:00+00:00,4368.70020,4371.00000,4366.20020,4368.50000,664.0000
2026-09-10T19:35:00+00:00,4368.29980,4369.29980,4365.39990,4368.00000,410.0000
2026-09-10T19:40:00+00:00,4368.10010,4369.00000,4364.50000,4365.29980,398.0000
2026-09-10T19:45:00+00:00,4365.60010,4367.10010,4362.10010,4364.20020,441.0000
2026-09-10T19:50:00+00:00,4364.10010,4366.00000,4361.29980,4365.10010,468.0000
2026-09-10T19:55:00+00:00,4364.89990,4365.89990,4363.60010,4365.70020,500.0000
2026-09-10T20:00:00+00:00,4365.50000,4365.70020,4361.10010,4362.50000,418.0000
2026-09-10T20:05:00+00:00,4362.50000,4365.10010,4361.79980,4364.39990,168.0000
2026-09-10T20:10:00+00:00,4364.50000,4365.50000,4363.39990,4364.29980,147.0000
2026-09-10T20:15:00+00:00,4364.10010,4364.20020,4363.00000,4363.00000,98.0000
2026-09-10T20:20:00+00:00,4362.79980,4362.79980,4357.60010,4358.00000,502.0000
2026-09-10T20:25:00+00:00,4358.29980,4360.60010,4358.10010,4359.79980,198.0000
2026-09-10T20:30:00+00:00,4359.70020,4359.79980,4357.79980,4358.00000,269.0000
2026-09-10T20:35:00+00:00,4358.10010,4359.39990,4357.10010,4358.20020,190.0000
2026-09-10T20:40:00+00:00,4358.20020,4359.39990,4357.29980,4359.20020,125.0000
2026-09-10T20:45:00+00:00,4359.50000,4360.20020,4356.60010,4356.70020,177.0000
2026-09-10T20:50:00+00:00,4356.89990,4359.29980,4355.89990,4358.39990,176.0000
2026-09-10T20:55:00+00:00,4358.79980,4360.60010,4357.79980,4358.50000,183.0000
2026-09-10T22:00:00+00:00,4359.39990,4365.79980,4357.89990,4363.20020,0.0000
2026-09-10T22:05:00+00:00,4363.00000,4363.89990,4361.29980,4363.20020,160.0000
2026-09-10T22:10:00+00:00,4363.20020,4363.60010,4361.39990,4361.70020,87.0000
2026-09-10T22:15:00+00:00,4362.00000,4362.50000,4360.10010,4360.20020,62.0000
2026-09-10T22:20:00+00:00,4360.20020,4361.89990,4359.39990,4360.29980,119.0000
2026-09-10T22:25:00+00:00,4359.79980,4360.79980,4359.29980,4360.20020,127.0000
2026-09-10T22:30:00+00:00,4360.39990,4360.79980,4355.89990,4359.00000,343.0000
2026-09-10T22:35:00+00:00,4358.50000,4358.89990,4356.60010,4356.60010,103.0000
2026-09-10T22:40:00+00:00,4356.20020,4358.29980,4354.00000,4356.60010,321.0000
2026-09-10T22:45:00+00:00,4356.50000,4358.89990,4355.70020,4358.39990,141.0000
2026-09-10T22:50:00+00:00,4358.70020,4359.70020,4357.79980,4358.50000,136.0000
2026-09-10T22:55:00+00:00,4358.20020,4359.20020,4357.89990,4358.79980,100.0000
2026-09-10T23:00:00+00:00,4358.70020,4360.39990,4357.50000,4359.60010,187.0000
2026-09-10T23:05:00+00:00,4359.29980,4360.10010,4358.60010,4358.70020,123.0000
2026-09-10T23:10:00+00:00,4359.00000,4360.60010,4356.89990,4360.10010,149.0000
2026-09-10T23:15:00+00:00,4359.79980,4360.50000,4359.70020,4360.00000,91.0000
2026-09-10T23:20:00+00:00,4360.29980,4361.00000,4358.10010,4358.70020,114.0000
2026-09-10T23:25:00+00:00,4358.70020,4359.29980,4358.00000,4358.70020,27.0000
2026-09-10T23:30:00+00:00,4358.50000,4360.89990,4357.89990,4359.10010,107.0000
2026-09-10T23:35:00+00:00,4358.70020,4358.79980,4354.89990,4356.20020,153.0000
2026-09-10T23:40:00+00:00,4356.10010,4358.60010,4355.10010,4356.39990,197.0000
2026-09-10T23:45:00+00:00,4356.60010,4358.39990,4354.39990,4355.50000,160.0000
2026-09-10T23:50:00+00:00,4355.70020,4356.70020,4352.20020,4352.79980,245.0000
2026-09-10T23:55:00+00:00,4353.00000,4356.79980,4351.29980,4354.50000,197.0000
2026-09-11T00:00:00+00:00,4355.50000,4361.79980,4353.20020,4360.00000,386.0000
2026-09-11T00:05:00+00:00,4360.20020,4364.39990,4358.10010,4359.10010,326.0000
2026-09-11T00:10:00+00:00,4358.89990,4359.89990,4355.29980,4359.60010,138.0000
2026-09-11T00:15:00+00:00,4360.00000,4361.79980,4357.29980,4360.29980,191.0000
2026-09-11T00:20:00+00:00,4360.79980,4362.50000,4358.89990,4359.60010,113.0000
2026-09-11T00:25:00+00:00,4359.29980,4364.79980,4357.79980,4364.20020,258.0000
2026-09-11T00:30:00+00:00,4364.20020,4365.60010,4359.70020,4361.79980,378.0000
2026-09-11T00:35:00+00:00,4361.70020,4366.29980,4361.00000,4365.89990,210.0000
2026-09-11T00:40:00+00:00,4365.39990,4367.89990,4361.29980,4367.60010,447.0000
2026-09-11T00:45:00+00:00,4367.50000,4374.10010,4367.00000,4373.20020,470.0000
2026-09-11T00:50:00+00:00,4372.79980,4373.89990,4371.50000,4372.29980,262.0000
2026-09-11T00:55:00+00:00,4372.20020,4373.89990,4370.10010,4372.20020,255.0000
2026-09-11T01:00:00+00:00,4372.29980,4380.70020,4368.20020,4379.89990,1074.0000
2026-09-11T01:05:00+00:00,4380.20020,4380.29980,4373.39990,4377.79980,543.0000
2026-09-11T01:10:00+00:00,4378.50000,4379.39990,4373.00000,4373.39990,480.0000
2026-09-11T01:15:00+00:00,4373.10010,4377.29980,4371.29980,4372.10010,583.0000
2026-09-11T01:20:00+00:00,4372.10010,4372.39990,4361.00000,4361.70020,763.0000
2026-09-11T01:25:00+00:00,4361.79980,4370.79980,4361.39990,4368.79980,674.0000
2026-09-11T01:30:00+00:00,4368.29980,4373.39990,4368.29980,4372.60010,472.0000
2026-09-11T01:35:00+00:00,4373.00000,4375.10010,4369.50000,4369.50000,507.0000
2026-09-11T01:40:00+00:00,4369.79980,4369.89990,4362.60010,4366.89990,629.0000
2026-09-11T01:45:00+00:00,4367.10010,4369.20020,4364.00000,4369.10010,410.0000
2026-09-11T01:50:00+00:00,4368.79980,4370.10010,4364.20020,4365.20020,342.0000
2026-09-11T01:55:00+00:00,4365.20020,4369.50000,4363.89990,4369.10010,239.0000
2026-09-11T02:00:00+00:00,4369.50000,4372.79980,4369.39990,4372.29980,499.0000
2026-09-11T02:05:00+00:00,4372.60010,4373.60010,4367.79980,4369.79980,444.0000
2026-09-11T02:10:00+00:00,4369.29980,4372.00000,4368.89990,4370.70020,175.0000
2026-09-11T02:15:00+00:00,4371.00000,4374.50000,4369.79980,4373.60010,328.0000
2026-09-11T02:20:00+00:00,4373.60010,4373.89990,4367.39990,4367.89990,130.0000
2026-09-11T02:25:00+00:00,4367.79980,4367.79980,4363.70020,4365.29980,243.0000
2026-09-11T02:30:00+00:00,4365.00000,4366.39990,4357.20020,4359.70020,763.0000
2026-09-11T02:35:00+00:00,4359.00000,4362.89990,4356.79980,4361.79980,376.0000
2026-09-11T02:40:00+00:00,4362.20020,4365.39990,4358.79980,4359.20020,526.0000
2026-09-11T02:45:00+00:00,4359.00000,4365.29980,4356.20020,4364.00000,728.0000
2026-09-11T02:50:00+00:00,4363.89990,4367.20020,4362.70020,4363.29980,375.0000
2026-09-11T02:55:00+00:00,4362.70020,4364.20020,4361.29980,4363.20020,262.0000
2026-09-11T03:00:00+00:00,4362.70020,4366.79980,4362.39990,4362.50000,140.0000
2026-09-11T03:05:00+00:00,4362.10010,4363.60010,4355.20020,4358.29980,574.0000
2026-09-11T03:10:00+00:00,4358.20020,4360.29980,4354.50000,4360.10010,562.0000
2026-09-11T03:15:00+00:00,4359.70020,4362.00000,4354.70020,4355.00000,330.0000
2026-09-11T03:20:00+00:00,4355.10010,4356.29980,4344.39990,4347.60010,1179.0000
2026-09-11T03:25:00+00:00,4347.39990,4351.20020,4345.20020,4350.10010,432.0000
2026-09-11T03:30:00+00:00,4350.10010,4351.79980,4346.70020,4349.10010,292.0000
2026-09-11T03:35:00+00:00,4349.29980,4351.29980,4347.10010,4349.50000,357.0000
2026-09-11T03:40:00+00:00,4349.29980,4353.20020,4347.50000,4348.79980,425.0000
2026-09-11T03:45:00+00:00,4348.79980,4349.00000,4342.70020,4343.50000,392.0000
2026-09-11T03:50:00+00:00,4343.79980,4344.89990,4341.39990,4344.50000,584.0000
2026-09-11T03:55:00+00:00,4344.70020,4347.70020,4344.00000,4345.00000,558.0000
2026-09-11T04:00:00+00:00,4344.20020,4349.70020,4342.39990,4349.29980,571.0000
2026-09-11T04:05:00+00:00,4349.50000,4359.00000,4349.20020,4358.70020,569.0000
2026-09-11T04:10:00+00:00,4358.70020,4365.60010,4358.60010,4362.00000,1086.0000
2026-09-11T04:15:00+00:00,4362.10010,4362.50000,4360.00000,4361.39990,336.0000
2026-09-11T04:20:00+00:00,4361.39990,4367.70020,4361.29980,4367.60010,370.0000
2026-09-11T04:25:00+00:00,4367.79980,4369.79980,4366.29980,4369.10010,223.0000
2026-09-11T04:30:00+00:00,4369.20020,4370.89990,4367.00000,4367.20020,337.0000
2026-09-11T04:35:00+00:00,4366.89990,4369.00000,4366.00000,4368.50000,281.0000
2026-09-11T04:40:00+00:00,4368.29980,4373.10010,4367.70020,4370.60010,781.0000
2026-09-11T04:45:00+00:00,4370.79980,4373.00000,4369.39990,4370.89990,273.0000
2026-09-11T04:50:00+00:00,4371.00000,4375.60010,4370.89990,4375.20020,462.0000
2026-09-11T04:55:00+00:00,4375.20020,4375.60010,4371.89990,4372.10010,231.0000
2026-09-11T05:00:00+00:00,4372.39990,4372.50000,4368.89990,4370.10010,356.0000
2026-09-11T05:05:00+00:00,4369.79980,4375.89990,4369.50000,4375.39990,430.0000
2026-09-11T05:10:00+00:00,4375.39990,4378.70020,4373.00000,4378.70020,327.0000
2026-09-11T05:15:00+00:00,4378.60010,4379.89990,4375.50000,4378.79980,313.0000
2026-09-11T05:20:00+00:00,4378.79980,4379.89990,4375.89990,4377.39990,137.0000
2026-09-11T05:25:00+00:00,4376.89990,4377.00000,4373.89990,4375.50000,189.0000
2026-09-11T05:30:00+00:00,4375.70020,4381.50000,4374.10010,4378.79980,853.0000
2026-09-11T05:35:00+00:00,4378.60010,4380.60010,4376.70020,4379.29980,367.0000
2026-09-11T05:40:00+00:00,4378.89990,4383.50000,4374.70020,4383.20020,539.0000
2026-09-11T05:45:00+00:00,4383.00000,4387.39990,4380.10010,4385.50000,576.0000
2026-09-11T05:50:00+00:00,4385.00000,4388.29980,4383.39990,4388.10010,353.0000
2026-09-11T05:55:00+00:00,4388.29980,4392.50000,4386.10010,4386.60010,657.0000
2026-09-11T06:00:00+00:00,4386.79980,4397.00000,4386.29980,4394.39990,1061.0000
2026-09-11T06:05:00+00:00,4394.50000,4400.00000,4392.50000,4396.39990,687.0000
2026-09-11T06:10:00+00:00,4396.70020,4402.00000,4395.10010,4399.89990,567.0000
2026-09-11T06:15:00+00:00,4399.70020,4401.20020,4397.20020,4399.60010,377.0000
2026-09-11T06:20:00+00:00,4399.79980,4399.79980,4393.50000,4393.50000,528.0000
2026-09-11T06:25:00+00:00,4393.70020,4394.70020,4392.00000,4392.89990,416.0000
2026-09-11T06:30:00+00:00,4392.29980,4393.50000,4387.89990,4388.00000,697.0000
2026-09-11T06:35:00+00:00,4388.00000,4393.79980,4388.00000,4393.00000,315.0000
2026-09-11T06:40:00+00:00,4393.29980,4394.89990,4390.20020,4391.70020,510.0000
2026-09-11T06:45:00+00:00,4391.79980,4396.10010,4390.60010,4393.00000,376.0000
2026-09-11T06:50:00+00:00,4392.00000,4393.89990,4390.50000,4393.89990,207.0000
2026-09-11T06:55:00+00:00,4394.39990,4394.89990,4391.89990,4394.79980,193.0000
2026-09-11T07:00:00+00:00,4394.20020,4397.29980,4393.10010,4396.00000,409.0000
2026-09-11T07:05:00+00:00,4396.10010,4397.20020,4390.89990,4391.70020,301.0000
2026-09-11T07:10:00+00:00,4392.00000,4396.50000,4391.60010,4392.79980,189.0000
2026-09-11T07:15:00+00:00,4393.29980,4393.50000,4391.29980,4391.89990,304.0000
2026-09-11T07:20:00+00:00,4392.00000,4393.29980,4388.79980,4390.89990,269.0000
2026-09-11T07:25:00+00:00,4391.10010,4391.10010,4387.29980,4387.29980,237.0000
2026-09-11T07:30:00+00:00,4387.50000,4388.70020,4385.50000,4386.29980,252.0000
2026-09-11T07:35:00+00:00,4386.70020,4387.50000,4384.39990,4385.00000,265.0000
2026-09-11T07:40:00+00:00,4385.10010,4387.70020,4384.50000,4386.39990,321.0000
2026-09-11T07:45:00+00:00,4386.10010,4386.29980,4383.29980,4383.70020,272.0000
2026-09-11T07:50:00+00:00,4383.39990,4384.60010,4381.70020,4383.70020,254.0000
2026-09-11T07:55:00+00:00,4384.20020,4386.29980,4384.10010,4386.10010,147.0000
2026-09-11T08:00:00+00:00,4386.29980,4388.39990,4383.89990,4385.89990,398.0000
2026-09-11T08:05:00+00:00,4385.89990,4390.29980,4385.00000,4386.39990,523.0000
2026-09-11T08:10:00+00:00,4386.70020,4390.70020,4383.00000,4388.39990,582.0000
2026-09-11T08:15:00+00:00,4388.50000,4391.79980,4387.39990,4388.29980,292.0000
2026-09-11T08:20:00+00:00,4388.29980,4399.29980,4384.70020,4393.50000,1303.0000
2026-09-11T08:25:00+00:00,4393.29980,4396.00000,4390.50000,4393.20020,366.0000
2026-09-11T08:30:00+00:00,4393.00000,4397.29980,4392.29980,4393.79980,325.0000
2026-09-11T08:35:00+00:00,4394.20020,4397.50000,4392.60010,4395.39990,343.0000
2026-09-11T08:40:00+00:00,4395.79980,4398.20020,4393.60010,4394.39990,294.0000
2026-09-11T08:45:00+00:00,4394.29980,4397.70020,4393.60010,4394.60010,425.0000
2026-09-11T08:50:00+00:00,4394.29980,4394.70020,4391.00000,4393.10010,471.0000
2026-09-11T08:55:00+00:00,4392.00000,4392.00000,4387.39990,4388.70020,413.0000
2026-09-11T09:00:00+00:00,4388.89990,4395.39990,4388.89990,4390.39990,243.0000
2026-09-11T09:05:00+00:00,4390.00000,4390.50000,4386.20020,4386.60010,196.0000
2026-09-11T09:10:00+00:00,4386.70020,4387.60010,4384.10010,4384.60010,250.0000
2026-09-11T09:15:00+00:00,4384.29980,4387.00000,4383.20020,4387.00000,326.0000
2026-09-11T09:20:00+00:00,4386.79980,4388.00000,4385.29980,4386.10010,238.0000
2026-09-11T09:25:00+00:00,4386.20020,4387.60010,4385.10010,4385.60010,335.0000
2026-09-11T09:30:00+00:00,4386.00000,4386.70020,4383.10010,4384.10010,671.0000
2026-09-11T09:35:00+00:00,4384.20020,4386.20020,4383.79980,4383.89990,161.0000
2026-09-11T09:40:00+00:00,4384.20020,4385.50000,4382.50000,4385.29980,137.0000
2026-09-11T09:45:00+00:00,4385.20020,4385.79980,4384.39990,4385.39990,151.0000
2026-09-11T09:50:00+00:00,4385.29980,4386.60010,4384.70020,4385.89990,227.0000
2026-09-11T09:55:00+00:00,4385.89990,4389.79980,4385.20020,4388.20020,387.0000
2026-09-11T10:00:00+00:00,4388.29980,4391.20020,4382.70020,4391.20020,1069.0000
2026-09-11T10:05:00+00:00,4391.10010,4391.89990,4386.89990,4387.39990,387.0000
2026-09-11T10:10:00+00:00,4387.79980,4389.89990,4385.29980,4388.10010,515.0000
2026-09-11T10:15:00+00:00,4388.29980,4392.00000,4387.89990,4391.50000,253.0000
2026-09-11T10:20:00+00:00,4391.29980,4391.79980,4387.79980,4390.39990,325.0000
2026-09-11T10:25:00+00:00,4390.39990,4391.89990,4389.20020,4391.50000,254.0000
2026-09-11T10:30:00+00:00,4391.50000,4391.89990,4389.29980,4391.10010,119.0000
2026-09-11T10:35:00+00:00,4390.89990,4391.29980,4386.29980,4388.70020,231.0000
2026-09-11T10:40:00+00:00,4388.60010,4388.79980,4385.79980,4386.89990,409.0000
2026-09-11T10:45:00+00:00,4387.39990,4387.39990,4383.50000,4383.50000,240.0000
2026-09-11T10:50:00+00:00,4383.79980,4384.39990,4381.70020,4382.70020,253.0000
2026-09-11T10:55:00+00:00,4382.50000,4383.00000,4378.50000,4379.39990,576.0000
2026-09-11T11:00:00+00:00,4379.29980,4384.60010,4379.20020,4381.39990,557.0000
2026-09-11T11:05:00+00:00,4382.10010,4382.10010,4378.79980,4379.20020,288.0000
2026-09-11T11:10:00+00:00,4379.00000,4380.39990,4376.50000,4380.00000,476.0000
2026-09-11T11:15:00+00:00,4379.79980,4381.10010,4378.00000,4380.29980,286.0000
2026-09-11T11:20:00+00:00,4380.50000,4381.79980,4379.00000,4380.29980,188.0000
2026-09-11T11:25:00+00:00,4380.89990,4383.89990,4378.10010,4378.20020,541.0000
2026-09-11T11:30:00+00:00,4378.60010,4379.29980,4373.60010,4373.60010,510.0000
2026-09-11T11:35:00+00:00,4373.89990,4376.10010,4372.20020,4374.60010,366.0000
2026-09-11T11:40:00+00:00,4374.70020,4376.60010,4372.10010,4376.50000,394.0000
2026-09-11T11:45:00+00:00,4376.60010,4378.29980,4374.89990,4377.60010,544.0000
2026-09-11T11:50:00+00:00,4376.70020,4377.50000,4373.50000,4373.50000,300.0000
2026-09-11T11:55:00+00:00,4372.89990,4375.60010,4372.70020,4375.00000,362.0000
2026-09-11T12:00:00+00:00,4375.29980,4376.60010,4370.50000,4371.29980,680.0000
2026-09-11T12:05:00+00:00,4371.10010,4372.00000,4368.10010,4369.10010,447.0000
2026-09-11T12:10:00+00:00,4369.60010,4374.29980,4366.10010,4369.70020,1316.0000
2026-09-11T12:15:00+00:00,4369.60010,4375.89990,4368.89990,4373.10010,537.0000
2026-09-11T12:20:00+00:00,4373.00000,4375.70020,4371.10010,4371.10010,704.0000
2026-09-11T12:25:00+00:00,4371.70020,4385.50000,4370.20020,4382.10010,1213.0000
2026-09-11T12:30:00+00:00,4383.39990,4399.60010,4333.00000,4370.50000,9789.0000
2026-09-11T12:35:00+00:00,4370.60010,4393.20020,4367.20020,4391.50000,4648.0000
2026-09-11T12:40:00+00:00,4391.20020,4404.29980,4390.50000,4395.39990,6385.0000
2026-09-11T12:45:00+00:00,4395.60010,4409.50000,4394.10010,4403.50000,3933.0000
2026-09-11T12:50:00+00:00,4403.00000,4424.70020,4401.60010,4419.79980,4457.0000
2026-09-11T12:55:00+00:00,4419.89990,4432.60010,4418.70020,4430.29980,3004.0000
2026-09-11T13:00:00+00:00,4430.50000,4436.00000,4426.70020,4432.10010,4379.0000
2026-09-11T13:05:00+00:00,4432.29980,4436.39990,4423.50000,4424.79980,2707.0000
2026-09-11T13:10:00+00:00,4424.50000,4433.50000,4422.60010,4431.20020,2185.0000
2026-09-11T13:15:00+00:00,4431.29980,4432.20020,4422.79980,4428.00000,1808.0000
2026-09-11T13:20:00+00:00,4428.70020,4431.29980,4421.89990,4424.70020,1359.0000
2026-09-11T13:25:00+00:00,4424.50000,4440.39990,4424.00000,4431.60010,2909.0000
2026-09-11T13:30:00+00:00,4432.29980,4437.50000,4423.29980,4437.10010,2658.0000
2026-09-11T13:35:00+00:00,4437.60010,4442.39990,4425.79980,4432.29980,2195.0000
2026-09-11T13:40:00+00:00,4432.20020,4442.00000,4429.10010,4436.50000,1765.0000
2026-09-11T13:45:00+00:00,4436.89990,4442.79980,4431.89990,4434.60010,1595.0000
2026-09-11T13:50:00+00:00,4434.79980,4436.10010,4429.10010,4431.29980,963.0000
2026-09-11T13:55:00+00:00,4431.70020,4444.89990,4429.20020,4443.89990,1423.0000
2026-09-11T14:00:00+00:00,4443.70020,4444.89990,4423.79980,4432.39990,2542.0000
2026-09-11T14:05:00+00:00,4432.39990,4434.29980,4427.79980,4429.60010,1747.0000
2026-09-11T14:10:00+00:00,4429.70020,4430.39990,4424.20020,4425.20020,936.0000
2026-09-11T14:15:00+00:00,4425.00000,4427.29980,4418.00000,4424.79980,1588.0000
2026-09-11T14:20:00+00:00,4425.00000,4427.70020,4419.89990,4421.10010,1221.0000
2026-09-11T14:25:00+00:00,4421.39990,4421.39990,4416.20020,4417.00000,1533.0000
2026-09-11T14:30:00+00:00,4417.20020,4417.50000,4412.70020,4413.39990,1150.0000
2026-09-11T14:35:00+00:00,4413.29980,4414.89990,4406.29980,4409.60010,1723.0000
2026-09-11T14:40:00+00:00,4410.00000,4413.79980,4409.60010,4413.10010,1267.0000
2026-09-11T14:45:00+00:00,4412.89990,4426.10010,4412.89990,4421.29980,2645.0000
2026-09-11T14:50:00+00:00,4421.10010,4426.00000,4419.00000,4419.39990,1027.0000
2026-09-11T14:55:00+00:00,4419.79980,4420.29980,4412.29980,4412.50000,804.0000
2026-09-11T15:00:00+00:00,4412.50000,4414.79980,4408.29980,4412.60010,1156.0000
2026-09-11T15:05:00+00:00,4412.29980,4412.70020,4403.39990,4405.00000,1189.0000
2026-09-11T15:10:00+00:00,4404.60010,4405.79980,4401.00000,4404.29980,1222.0000
2026-09-11T15:15:00+00:00,4404.10010,4408.10010,4403.39990,4404.20020,1330.0000
2026-09-11T15:20:00+00:00,4404.50000,4409.79980,4404.10010,4407.10010,860.0000
2026-09-11T15:25:00+00:00,4407.39990,4414.00000,4406.89990,4412.00000,1127.0000
2026-09-11T15:30:00+00:00,4411.79980,4417.20020,4410.60010,4414.39990,777.0000
2026-09-11T15:35:00+00:00,4414.60010,4418.70020,4411.89990,4415.20020,920.0000
2026-09-11T15:40:00+00:00,4415.29980,4416.60010,4411.70020,4414.50000,479.0000
2026-09-11T15:45:00+00:00,4414.29980,4415.00000,4409.89990,4414.70020,444.0000
2026-09-11T15:50:00+00:00,4414.70020,4415.29980,4408.10010,4410.50000,662.0000
2026-09-11T15:55:00+00:00,4410.60010,4411.10010,4406.79980,4408.60010,586.0000
2026-09-11T16:00:00+00:00,4408.60010,4414.29980,4408.39990,4413.60010,505.0000
2026-09-11T16:05:00+00:00,4413.39990,4414.39990,4408.10010,4408.60010,475.0000
2026-09-11T16:10:00+00:00,4409.10010,4410.70020,4402.70020,4403.00000,657.0000
2026-09-11T16:15:00+00:00,4402.79980,4405.79980,4400.20020,4401.00000,768.0000
2026-09-11T16:20:00+00:00,4400.79980,4402.50000,4393.29980,4394.39990,1875.0000
2026-09-11T16:25:00+00:00,4394.39990,4404.29980,4393.89990,4396.20020,2311.0000
2026-09-11T16:30:00+00:00,4396.50000,4407.39990,4394.70020,4405.79980,1413.0000
2026-09-11T16:35:00+00:00,4405.70020,4406.00000,4400.79980,4401.20020,670.0000
2026-09-11T16:40:00+00:00,4401.20020,4406.39990,4400.70020,4405.39990,636.0000
2026-09-11T16:45:00+00:00,4405.50000,4406.89990,4402.29980,4402.29980,408.0000
2026-09-11T16:50:00+00:00,4402.50000,4403.50000,4402.10010,4403.00000,147.0000
2026-09-11T16:55:00+00:00,4403.00000,4405.20020,4403.00000,4403.79980,278.0000
2026-09-11T17:00:00+00:00,4403.70020,4406.00000,4402.89990,4405.20020,467.0000
2026-09-11T17:05:00+00:00,4405.20020,4411.39990,4403.10010,4405.89990,989.0000
2026-09-11T17:10:00+00:00,4406.00000,4409.00000,4404.29980,4407.60010,577.0000
2026-09-11T17:15:00+00:00,4407.70020,4411.00000,4405.50000,4409.79980,532.0000
2026-09-11T17:20:00+00:00,4409.89990,4411.60010,4408.00000,4411.10010,703.0000
2026-09-11T17:25:00+00:00,4411.39990,4412.29980,4408.10010,4409.10010,1396.0000
2026-09-11T17:30:00+00:00,4409.10010,4412.70020,4407.39990,4411.50000,654.0000
2026-09-11T17:35:00+00:00,4411.39990,4411.79980,4404.39990,4404.70020,721.0000
2026-09-11T17:40:00+00:00,4404.70020,4405.79980,4402.10010,4404.39990,587.0000
2026-09-11T17:45:00+00:00,4404.10010,4404.60010,4401.39990,4404.00000,326.0000
2026-09-11T17:50:00+00:00,4403.89990,4406.29980,4403.20020,4405.10010,444.0000
2026-09-11T17:55:00+00:00,4405.20020,4405.50000,4400.00000,4400.60010,360.0000
2026-09-11T18:00:00+00:00,4400.50000,4402.39990,4399.50000,4402.39990,511.0000
2026-09-11T18:05:00+00:00,4402.20020,4402.39990,4396.00000,4396.20020,528.0000
2026-09-11T18:10:00+00:00,4396.10010,4398.50000,4387.10010,4389.00000,1505.0000
2026-09-11T18:15:00+00:00,4389.00000,4394.20020,4386.79980,4391.79980,1230.0000
2026-09-11T18:20:00+00:00,4391.79980,4392.50000,4385.79980,4391.39990,1081.0000
2026-09-11T18:25:00+00:00,4391.10010,4395.29980,4391.00000,4392.89990,322.0000
2026-09-11T18:30:00+00:00,4392.89990,4393.89990,4388.00000,4390.29980,299.0000
2026-09-11T18:35:00+00:00,4390.50000,4392.29980,4389.00000,4389.29980,276.0000
2026-09-11T18:40:00+00:00,4389.10010,4391.39990,4389.00000,4389.20020,146.0000
2026-09-11T18:45:00+00:00,4389.10010,4389.39990,4386.29980,4387.20020,248.0000
2026-09-11T18:50:00+00:00,4387.00000,4388.60010,4386.60010,4387.29980,306.0000
2026-09-11T18:55:00+00:00,4387.10010,4389.39990,4386.70020,4389.10010,276.0000
2026-09-11T19:00:00+00:00,4389.29980,4390.39990,4387.39990,4389.60010,341.0000
2026-09-11T19:05:00+00:00,4389.89990,4391.39990,4386.29980,4389.20020,405.0000
2026-09-11T19:10:00+00:00,4389.50000,4394.10010,4388.89990,4394.10010,616.0000
2026-09-11T19:15:00+00:00,4393.79980,4395.79980,4391.20020,4391.39990,368.0000
2026-09-11T19:20:00+00:00,4391.60010,4393.79980,4391.00000,4393.79980,289.0000
2026-09-11T19:25:00+00:00,4393.79980,4395.29980,4389.60010,4389.60010,335.0000
2026-09-11T19:30:00+00:00,4389.89990,4390.60010,4387.50000,4389.50000,283.0000
2026-09-11T19:35:00+00:00,4389.50000,4390.39990,4388.20020,4389.10010,205.0000
2026-09-11T19:40:00+00:00,4389.10010,4390.50000,4388.20020,4388.89990,359.0000
2026-09-11T19:45:00+00:00,4388.50000,4388.89990,4385.39990,4385.50000,280.0000
2026-09-11T19:50:00+00:00,4385.29980,4388.29980,4384.89990,4387.60010,516.0000
2026-09-11T19:55:00+00:00,4387.39990,4391.79980,4387.39990,4391.00000,707.0000
2026-09-11T20:00:00+00:00,4391.00000,4393.79980,4390.29980,4391.39990,264.0000
2026-09-11T20:05:00+00:00,4390.89990,4392.89990,4390.89990,4392.70020,85.0000
2026-09-11T20:10:00+00:00,4392.60010,4392.89990,4390.70020,4391.10010,74.0000
2026-09-11T20:15:00+00:00,4390.79980,4391.60010,4388.60010,4391.50000,166.0000
2026-09-11T20:20:00+00:00,4391.60010,4392.70020,4391.29980,4391.70020,61.0000
2026-09-11T20:25:00+00:00,4391.60010,4392.29980,4390.60010,4390.79980,67.0000
2026-09-11T20:30:00+00:00,4390.79980,4391.20020,4389.10010,4390.00000,95.0000
2026-09-11T20:35:00+00:00,4389.79980,4390.89990,4389.39990,4390.60010,58.0000
2026-09-11T20:40:00+00:00,4390.70020,4390.70020,4388.00000,4388.70020,100.0000
2026-09-11T20:45:00+00:00,4388.79980,4391.29980,4388.39990,4389.70020,116.0000
2026-09-11T20:50:00+00:00,4389.79980,4390.60010,4387.29980,4390.60010,278.0000
2026-09-11T20:55:00+00:00,4390.10010,4408.89990,4389.70020,4408.89990,135.0000
2026-09-13T22:10:00+00:00,4371.89990,4374.70020,4370.70020,4372.00000,491.0000
2026-09-13T22:15:00+00:00,4371.50000,4374.29980,4369.89990,4374.10010,311.0000
2026-09-13T22:20:00+00:00,4374.29980,4375.29980,4368.60010,4369.39990,346.0000
2026-09-13T22:25:00+00:00,4369.50000,4377.00000,4369.50000,4376.89990,291.0000
2026-09-13T22:30:00+00:00,4376.89990,4378.70020,4375.20020,4377.20020,175.0000
2026-09-13T22:35:00+00:00,4376.89990,4377.70020,4375.50000,4376.39990,190.0000
2026-09-13T22:40:00+00:00,4376.60010,4378.00000,4374.50000,4377.70020,145.0000
2026-09-13T22:45:00+00:00,4378.00000,4378.39990,4376.50000,4377.20020,189.0000
2026-09-13T22:50:00+00:00,4377.10010,4380.89990,4375.79980,4380.10010,628.0000
2026-09-13T22:55:00+00:00,4380.00000,4380.00000,4378.29980,4378.39990,163.0000
2026-09-13T23:00:00+00:00,4378.60010,4383.00000,4378.60010,4381.89990,266.0000
2026-09-13T23:05:00+00:00,4381.70020,4382.50000,4381.20020,4382.10010,58.0000
2026-09-13T23:10:00+00:00,4382.00000,4382.89990,4380.10010,4380.10010,221.0000
2026-09-13T23:15:00+00:00,4380.29980,4381.29980,4378.20020,4378.70020,116.0000
2026-09-13T23:20:00+00:00,4378.39990,4379.00000,4376.29980,4378.89990,112.0000
2026-09-13T23:25:00+00:00,4378.60010,4380.79980,4377.79980,4379.89990,127.0000
2026-09-13T23:30:00+00:00,4379.79980,4382.89990,4379.79980,4381.89990,83.0000
2026-09-13T23:35:00+00:00,4382.39990,4382.39990,4379.39990,4381.29980,151.0000
2026-09-13T23:40:00+00:00,4381.20020,4382.29980,4378.39990,4379.39990,60.0000
2026-09-13T23:45:00+00:00,4378.39990,4379.00000,4372.89990,4373.29980,242.0000
2026-09-13T23:50:00+00:00,4372.60010,4375.70020,4372.60010,4375.00000,78.0000
2026-09-13T23:55:00+00:00,4374.39990,4376.10010,4372.70020,4373.29980,89.0000
2026-09-14T00:00:00+00:00,4373.29980,4376.60010,4370.89990,4374.79980,350.0000
2026-09-14T00:05:00+00:00,4375.50000,4387.60010,4375.50000,4386.79980,562.0000
2026-09-14T00:10:00+00:00,4386.89990,4388.79980,4382.79980,4384.00000,403.0000
2026-09-14T00:15:00+00:00,4385.39990,4386.29980,4381.10010,4382.70020,253.0000
2026-09-14T00:20:00+00:00,4382.29980,4382.29980,4378.20020,4379.50000,147.0000
2026-09-14T00:25:00+00:00,4380.39990,4381.60010,4374.29980,4378.89990,263.0000
2026-09-14T00:30:00+00:00,4379.29980,4381.79980,4377.60010,4380.39990,197.0000
2026-09-14T00:35:00+00:00,4380.39990,4381.79980,4374.10010,4374.10010,207.0000
2026-09-14T00:40:00+00:00,4374.00000,4379.70020,4373.39990,4379.10010,300.0000
2026-09-14T00:45:00+00:00,4379.29980,4383.70020,4378.50000,4380.79980,277.0000
2026-09-14T00:50:00+00:00,4381.00000,4383.79980,4380.79980,4383.79980,272.0000
2026-09-14T00:55:00+00:00,4384.00000,4384.39990,4379.29980,4379.60010,219.0000
2026-09-14T01:00:00+00:00,4379.70020,4385.89990,4371.89990,4372.39990,1286.0000
2026-09-14T01:05:00+00:00,4371.89990,4378.20020,4370.70020,4377.50000,628.0000
2026-09-14T01:10:00+00:00,4378.00000,4378.00000,4370.60010,4373.00000,300.0000
2026-09-14T01:15:00+00:00,4372.39990,4374.89990,4367.50000,4368.10010,400.0000
2026-09-14T01:20:00+00:00,4368.39990,4378.79980,4367.10010,4375.79980,566.0000
2026-09-14T01:25:00+00:00,4376.20020,4379.10010,4371.89990,4376.70020,343.0000
2026-09-14T01:30:00+00:00,4376.29980,4377.00000,4369.29980,4372.79980,262.0000
2026-09-14T01:35:00+00:00,4372.70020,4386.29980,4372.70020,4385.39990,767.0000
2026-09-14T01:40:00+00:00,4385.29980,4387.60010,4378.29980,4383.20020,443.0000
2026-09-14T01:45:00+00:00,4384.70020,4390.10010,4383.79980,4387.00000,473.0000
2026-09-14T01:50:00+00:00,4387.29980,4391.50000,4383.89990,4389.29980,343.0000
2026-09-14T01:55:00+00:00,4389.60010,4396.50000,4387.70020,4394.50000,550.0000
2026-09-14T02:00:00+00:00,4394.39990,4395.70020,4389.79980,4390.10010,518.0000
2026-09-14T02:05:00+00:00,4390.70020,4396.20020,4390.29980,4393.79980,405.0000
2026-09-14T02:10:00+00:00,4394.20020,4395.10010,4389.70020,4390.50000,240.0000
2026-09-14T02:15:00+00:00,4390.50000,4391.10010,4389.29980,4391.00000,96.0000
2026-09-14T02:20:00+00:00,4390.20020,4394.79980,4390.10010,4394.60010,122.0000
2026-09-14T02:25:00+00:00,4394.60010,4395.29980,4393.10010,4393.20020,131.0000
2026-09-14T02:30:00+00:00,4393.70020,4396.79980,4391.79980,4396.50000,357.0000
2026-09-14T02:35:00+00:00,4395.79980,4395.89990,4388.89990,4389.10010,293.0000
2026-09-14T02:40:00+00:00,4389.00000,4389.39990,4384.50000,4386.60010,475.0000
2026-09-14T02:45:00+00:00,4386.89990,4389.39990,4385.89990,4385.89990,237.0000
2026-09-14T02:50:00+00:00,4386.10010,4386.29980,4378.79980,4379.39990,443.0000
2026-09-14T02:55:00+00:00,4379.39990,4379.50000,4371.10010,4371.79980,626.0000
2026-09-14T03:00:00+00:00,4371.50000,4374.00000,4368.29980,4373.20020,676.0000
2026-09-14T03:05:00+00:00,4373.20020,4376.89990,4372.70020,4376.60010,339.0000
2026-09-14T03:10:00+00:00,4376.60010,4376.70020,4373.29980,4374.20020,283.0000
2026-09-14T03:15:00+00:00,4374.20020,4376.70020,4372.50000,4376.10010,201.0000
2026-09-14T03:20:00+00:00,4376.70020,4377.10010,4374.70020,4375.39990,94.0000
2026-09-14T03:25:00+00:00,4375.60010,4376.20020,4374.00000,4375.10010,98.0000
2026-09-14T03:30:00+00:00,4375.50000,4375.70020,4370.50000,4370.79980,183.0000
2026-09-14T03:35:00+00:00,4370.20020,4373.39990,4368.89990,4372.39990,315.0000
2026-09-14T03:40:00+00:00,4372.10010,4372.10010,4367.20020,4369.39990,357.0000
2026-09-14T03:45:00+00:00,4369.39990,4373.60010,4368.79980,4373.10010,230.0000
2026-09-14T03:50:00+00:00,4372.89990,4373.79980,4370.50000,4372.29980,283.0000
2026-09-14T03:55:00+00:00,4372.60010,4373.39990,4369.89990,4370.60010,121.0000
2026-09-14T04:00:00+00:00,4370.60010,4371.89990,4370.00000,4371.20020,132.0000
2026-09-14T04:05:00+00:00,4371.39990,4371.60010,4369.39990,4370.79980,84.0000
2026-09-14T04:10:00+00:00,4370.60010,4371.10010,4369.29980,4369.39990,72.0000
2026-09-14T04:15:00+00:00,4369.39990,4370.29980,4369.00000,4369.50000,73.0000
2026-09-14T04:20:00+00:00,4369.50000,4370.60010,4369.29980,4370.10010,53.0000
2026-09-14T04:25:00+00:00,4370.50000,4371.89990,4369.60010,4371.79980,143.0000
2026-09-14T04:30:00+00:00,4371.79980,4371.79980,4367.89990,4368.00000,224.0000
2026-09-14T04:35:00+00:00,4367.79980,4370.00000,4364.79980,4366.79980,675.0000
2026-09-14T04:40:00+00:00,4366.50000,4366.50000,4363.39990,4363.50000,213.0000
2026-09-14T04:45:00+00:00,4363.79980,4366.00000,4362.10010,4365.29980,285.0000
2026-09-14T04:50:00+00:00,4365.29980,4368.39990,4363.29980,4368.10010,392.0000
2026-09-14T04:55:00+00:00,4368.39990,4371.79980,4368.39990,4369.60010,341.0000
2026-09-14T05:00:00+00:00,4369.79980,4372.70020,4367.00000,4372.29980,334.0000
2026-09-14T05:05:00+00:00,4372.00000,4372.50000,4369.10010,4369.10010,258.0000
2026-09-14T05:10:00+00:00,4369.00000,4371.00000,4366.70020,4371.00000,208.0000
2026-09-14T05:15:00+00:00,4370.70020,4372.39990,4369.79980,4370.20020,114.0000
2026-09-14T05:20:00+00:00,4370.00000,4370.39990,4366.50000,4367.60010,131.0000
2026-09-14T05:25:00+00:00,4367.39990,4369.20020,4366.50000,4366.50000,147.0000
2026-09-14T05:30:00+00:00,4366.89990,4377.20020,4365.39990,4373.00000,829.0000
2026-09-14T05:35:00+00:00,4373.00000,4377.39990,4372.60010,4375.60010,322.0000
2026-09-14T05:40:00+00:00,4375.79980,4375.79980,4366.50000,4371.39990,580.0000
2026-09-14T05:45:00+00:00,4371.29980,4374.20020,4365.50000,4366.39990,486.0000
2026-09-14T05:50:00+00:00,4366.60010,4375.10010,4363.50000,4374.79980,510.0000
2026-09-14T05:55:00+00:00,4374.79980,4378.10010,4373.20020,4378.10010,484.0000
2026-09-14T06:00:00+00:00,4377.89990,4379.29980,4374.89990,4375.00000,542.0000
2026-09-14T06:05:00+00:00,4374.79980,4376.70020,4371.50000,4371.50000,331.0000
2026-09-14T06:10:00+00:00,4371.29980,4374.10010,4367.39990,4370.50000,251.0000
2026-09-14T06:15:00+00:00,4370.20020,4371.20020,4368.29980,4370.70020,189.0000
2026-09-14T06:20:00+00:00,4370.60010,4372.00000,4367.39990,4369.89990,235.0000
2026-09-14T06:25:00+00:00,4369.79980,4373.00000,4369.50000,4370.89990,152.0000
2026-09-14T06:30:00+00:00,4370.39990,4372.50000,4369.60010,4370.10010,137.0000
2026-09-14T06:35:00+00:00,4370.79980,4372.89990,4368.20020,4368.20020,281.0000
2026-09-14T06:40:00+00:00,4368.20020,4368.60010,4365.70020,4367.79980,368.0000
2026-09-14T06:45:00+00:00,4368.00000,4370.50000,4364.39990,4364.50000,433.0000
2026-09-14T06:50:00+00:00,4364.50000,4365.70020,4362.60010,4363.60010,288.0000
2026-09-14T06:55:00+00:00,4363.50000,4363.70020,4360.89990,4362.50000,299.0000
2026-09-14T07:00:00+00:00,4362.39990,4362.70020,4357.89990,4361.79980,491.0000
2026-09-14T07:05:00+00:00,4361.70020,4363.70020,4359.00000,4359.00000,418.0000
2026-09-14T07:10:00+00:00,4358.89990,4364.50000,4358.89990,4364.50000,266.0000
2026-09-14T07:15:00+00:00,4364.39990,4364.39990,4361.60010,4364.29980,193.0000
2026-09-14T07:20:00+00:00,4363.39990,4363.79980,4359.50000,4359.70020,299.0000
2026-09-14T07:25:00+00:00,4360.60010,4362.00000,4356.70020,4357.29980,494.0000
2026-09-14T07:30:00+00:00,4357.20020,4359.60010,4356.29980,4356.79980,447.0000
2026-09-14T07:35:00+00:00,4357.50000,4358.10010,4355.70020,4357.10010,320.0000
2026-09-14T07:40:00+00:00,4357.20020,4359.79980,4356.79980,4359.29980,298.0000
2026-09-14T07:45:00+00:00,4359.29980,4362.20020,4355.70020,4358.10010,505.0000
2026-09-14T07:50:00+00:00,4358.10010,4359.39990,4350.50000,4351.50000,828.0000
2026-09-14T07:55:00+00:00,4351.39990,4352.50000,4348.00000,4350.70020,596.0000
2026-09-14T08:00:00+00:00,4350.89990,4357.00000,4350.79980,4354.89990,531.0000
2026-09-14T08:05:00+00:00,4354.79980,4358.39990,4353.50000,4356.00000,385.0000
2026-09-14T08:10:00+00:00,4356.39990,4356.39990,4352.50000,4353.29980,173.0000
2026-09-14T08:15:00+00:00,4353.00000,4353.20020,4350.20020,4351.00000,209.0000
2026-09-14T08:20:00+00:00,4351.10010,4354.60010,4351.00000,4353.50000,384.0000
2026-09-14T08:25:00+00:00,4353.29980,4353.79980,4350.50000,4350.70020,229.0000
2026-09-14T08:30:00+00:00,4350.00000,4354.20020,4349.50000,4352.50000,310.0000
2026-09-14T08:35:00+00:00,4352.70020,4356.10010,4351.89990,4353.39990,328.0000
2026-09-14T08:40:00+00:00,4353.29980,4354.00000,4349.50000,4351.89990,340.0000
2026-09-14T08:45:00+00:00,4352.00000,4353.50000,4346.79980,4349.29980,262.0000
2026-09-14T08:50:00+00:00,4349.20020,4349.20020,4345.60010,4346.29980,323.0000
2026-09-14T08:55:00+00:00,4346.50000,4347.20020,4343.20020,4346.60010,758.0000
2026-09-14T09:00:00+00:00,4346.29980,4351.70020,4344.79980,4349.29980,827.0000
2026-09-14T09:05:00+00:00,4349.00000,4351.79980,4348.20020,4350.20020,321.0000
2026-09-14T09:10:00+00:00,4349.60010,4350.50000,4344.89990,4345.60010,260.0000
2026-09-14T09:15:00+00:00,4345.50000,4345.89990,4326.39990,4332.60010,2967.0000
2026-09-14T09:20:00+00:00,4332.39990,4333.20020,4325.50000,4327.50000,1682.0000
2026-09-14T09:25:00+00:00,4327.39990,4328.29980,4320.10010,4327.89990,1850.0000
2026-09-14T09:30:00+00:00,4327.39990,4329.20020,4323.20020,4327.29980,1330.0000
2026-09-14T09:35:00+00:00,4327.50000,4328.39990,4318.60010,4322.00000,1117.0000
2026-09-14T09:40:00+00:00,4322.00000,4328.00000,4320.29980,4321.00000,1311.0000
2026-09-14T09:45:00+00:00,4321.29980,4324.00000,4318.60010,4321.29980,767.0000
2026-09-14T09:50:00+00:00,4321.60010,4327.60010,4317.29980,4327.39990,890.0000
2026-09-14T09:55:00+00:00,4327.39990,4328.00000,4324.00000,4325.20020,683.0000
2026-09-14T10:00:00+00:00,4325.10010,4325.70020,4317.79980,4321.10010,846.0000
2026-09-14T10:05:00+00:00,4321.39990,4325.79980,4321.39990,4325.60010,460.0000
2026-09-14T10:10:00+00:00,4325.60010,4329.39990,4325.20020,4328.20020,523.0000
2026-09-14T10:15:00+00:00,4327.79980,4330.89990,4325.70020,4329.70020,621.0000
2026-09-14T10:20:00+00:00,4329.70020,4329.89990,4325.79980,4328.79980,317.0000
2026-09-14T10:25:00+00:00,4328.79980,4332.39990,4328.79980,4330.89990,433.0000
2026-09-14T10:30:00+00:00,4331.00000,4332.70020,4328.89990,4331.00000,406.0000
2026-09-14T10:35:00+00:00,4331.00000,4333.70020,4330.70020,4333.29980,354.0000
2026-09-14T10:40:00+00:00,4333.20020,4334.79980,4332.89990,4333.50000,242.0000
2026-09-14T10:45:00+00:00,4333.89990,4334.70020,4331.70020,4332.70020,343.0000
2026-09-14T10:50:00+00:00,4332.70020,4333.20020,4330.89990,4331.79980,328.0000
2026-09-14T10:55:00+00:00,4331.39990,4336.50000,4329.70020,4334.39990,670.0000
2026-09-14T11:00:00+00:00,4334.39990,4336.79980,4333.20020,4336.79980,362.0000
2026-09-14T11:05:00+00:00,4336.60010,4336.79980,4333.00000,4335.00000,453.0000
2026-09-14T11:10:00+00:00,4334.70020,4334.89990,4331.20020,4332.29980,510.0000
2026-09-14T11:15:00+00:00,4332.10010,4335.60010,4331.10010,4335.39990,342.0000
2026-09-14T11:20:00+00:00,4335.79980,4337.10010,4334.20020,4336.89990,182.0000
2026-09-14T11:25:00+00:00,4336.70020,4336.79980,4335.60010,4336.29980,180.0000
2026-09-14T11:30:00+00:00,4336.10010,4337.10010,4334.20020,4334.89990,321.0000
2026-09-14T11:35:00+00:00,4334.89990,4335.10010,4332.20020,4333.00000,357.0000
2026-09-14T11:40:00+00:00,4333.29980,4334.89990,4332.00000,4332.50000,189.0000
2026-09-14T11:45:00+00:00,4332.70020,4333.60010,4331.39990,4333.39990,221.0000
2026-09-14T11:50:00+00:00,4333.20020,4333.29980,4326.39990,4327.50000,777.0000
2026-09-14T11:55:00+00:00,4327.60010,4328.29980,4324.10010,4326.89990,621.0000
2026-09-14T12:00:00+00:00,4327.10010,4330.50000,4325.10010,4327.10010,562.0000
2026-09-14T12:05:00+00:00,4327.00000,4334.20020,4326.00000,4333.70020,483.0000
2026-09-14T12:10:00+00:00,4333.39990,4336.79980,4332.00000,4334.60010,539.0000
2026-09-14T12:15:00+00:00,4334.89990,4337.70020,4329.50000,4330.10010,1939.0000
2026-09-14T12:20:00+00:00,4330.10010,4330.60010,4324.50000,4325.89990,967.0000
2026-09-14T12:25:00+00:00,4325.89990,4328.10010,4322.89990,4326.29980,640.0000
2026-09-14T12:30:00+00:00,4326.29980,4329.29980,4323.50000,4328.20020,639.0000
2026-09-14T12:35:00+00:00,4328.39990,4329.89990,4313.00000,4318.10010,2721.0000
2026-09-14T12:40:00+00:00,4317.79980,4326.79980,4315.89990,4323.79980,1517.0000
2026-09-14T12:45:00+00:00,4323.60010,4323.60010,4316.29980,4318.39990,630.0000
2026-09-14T12:50:00+00:00,4318.39990,4319.10010,4307.79980,4309.79980,1359.0000
2026-09-14T12:55:00+00:00,4309.89990,4312.10010,4305.70020,4310.79980,1247.0000
2026-09-14T13:00:00+00:00,4311.20020,4312.89990,4305.50000,4307.50000,1953.0000
2026-09-14T13:05:00+00:00,4307.39990,4310.39990,4293.00000,4300.00000,3515.0000
2026-09-14T13:10:00+00:00,4300.20020,4308.50000,4299.50000,4306.10010,1796.0000
2026-09-14T13:15:00+00:00,4306.00000,4313.00000,4303.79980,4312.39990,1252.0000
2026-09-14T13:20:00+00:00,4312.89990,4317.50000,4311.89990,4316.00000,981.0000
2026-09-14T13:25:00+00:00,4315.89990,4317.50000,4311.00000,4313.70020,984.0000
2026-09-14T13:30:00+00:00,4313.70020,4318.39990,4311.70020,4312.00000,1737.0000
2026-09-14T13:35:00+00:00,4312.20020,4315.00000,4308.39990,4308.50000,843.0000
2026-09-14T13:40:00+00:00,4308.50000,4315.00000,4306.50000,4314.79980,807.0000
2026-09-14T13:45:00+00:00,4314.70020,4321.20020,4311.60010,4316.50000,1326.0000
2026-09-14T13:50:00+00:00,4316.39990,4321.89990,4310.50000,4312.89990,1409.0000
2026-09-14T13:55:00+00:00,4313.00000,4315.70020,4309.50000,4312.20020,837.0000
2026-09-14T14:00:00+00:00,4312.10010,4315.60010,4306.00000,4307.70020,1631.0000
2026-09-14T14:05:00+00:00,4307.50000,4311.50000,4304.70020,4311.29980,932.0000
2026-09-14T14:10:00+00:00,4311.29980,4322.50000,4311.29980,4322.10010,1607.0000
2026-09-14T14:15:00+00:00,4322.20020,4323.39990,4313.20020,4316.39990,1041.0000
2026-09-14T14:20:00+00:00,4316.00000,4316.29980,4303.70020,4305.10010,1314.0000
2026-09-14T14:25:00+00:00,4305.00000,4310.39990,4304.29980,4310.39990,1024.0000
2026-09-14T14:30:00+00:00,4310.39990,4311.60010,4306.00000,4311.29980,922.0000
2026-09-14T14:35:00+00:00,4311.60010,4312.50000,4308.20020,4311.89990,526.0000
2026-09-14T14:40:00+00:00,4311.50000,4317.39990,4309.10010,4317.00000,686.0000
2026-09-14T14:45:00+00:00,4317.50000,4319.60010,4316.50000,4318.60010,832.0000
2026-09-14T14:50:00+00:00,4318.79980,4319.60010,4314.39990,4317.00000,1003.0000
2026-09-14T14:55:00+00:00,4316.79980,4320.10010,4315.10010,4320.10010,585.0000
2026-09-14T15:00:00+00:00,4320.20020,4320.60010,4313.10010,4313.20020,875.0000
2026-09-14T15:05:00+00:00,4313.50000,4327.79980,4313.39990,4320.89990,3662.0000
2026-09-14T15:10:00+00:00,4321.29980,4323.70020,4317.60010,4317.60010,581.0000
2026-09-14T15:15:00+00:00,4317.50000,4319.50000,4313.20020,4316.89990,1077.0000
2026-09-14T15:20:00+00:00,4316.50000,4320.50000,4315.00000,4320.10010,624.0000
2026-09-14T15:25:00+00:00,4319.89990,4325.60010,4318.89990,4324.29980,776.0000
2026-09-14T15:30:00+00:00,4324.29980,4335.20020,4323.60010,4334.60010,2680.0000
2026-09-14T15:35:00+00:00,4334.50000,4338.60010,4330.50000,4338.39990,1793.0000
2026-09-14T15:40:00+00:00,4338.50000,4339.39990,4333.50000,4334.89990,1663.0000
2026-09-14T15:45:00+00:00,4335.39990,4336.20020,4328.79980,4328.89990,1192.0000
2026-09-14T15:50:00+00:00,4329.39990,4331.39990,4327.20020,4330.10010,923.0000
2026-09-14T15:55:00+00:00,4330.50000,4332.29980,4328.89990,4329.10010,643.0000
2026-09-14T16:00:00+00:00,4329.29980,4331.20020,4327.29980,4327.50000,444.0000
2026-09-14T16:05:00+00:00,4327.39990,4335.60010,4327.39990,4335.60010,874.0000
2026-09-14T16:10:00+00:00,4335.79980,4338.89990,4334.89990,4334.89990,682.0000
2026-09-14T16:15:00+00:00,4335.10010,4340.00000,4334.89990,4339.50000,809.0000
2026-09-14T16:20:00+00:00,4339.60010,4346.29980,4338.00000,4345.29980,1143.0000
2026-09-14T16:25:00+00:00,4345.39990,4346.39990,4340.70020,4340.89990,881.0000
2026-09-14T16:30:00+00:00,4340.79980,4346.70020,4340.20020,4341.70020,759.0000
2026-09-14T16:35:00+00:00,4341.70020,4344.00000,4340.70020,4343.60010,262.0000
2026-09-14T16:40:00+00:00,4343.60010,4348.89990,4343.20020,4346.89990,668.0000
2026-09-14T16:45:00+00:00,4347.00000,4356.79980,4345.60010,4354.50000,2717.0000
2026-09-14T16:50:00+00:00,4354.79980,4358.50000,4353.10010,4357.70020,1401.0000
2026-09-14T16:55:00+00:00,4357.89990,4358.89990,4355.39990,4356.50000,847.0000
2026-09-14T17:00:00+00:00,4356.50000,4357.39990,4353.00000,4355.60010,699.0000
2026-09-14T17:05:00+00:00,4355.29980,4355.29980,4352.60010,4354.70020,605.0000
2026-09-14T17:10:00+00:00,4354.10010,4356.29980,4351.60010,4351.89990,682.0000
2026-09-14T17:15:00+00:00,4351.50000,4353.60010,4349.70020,4350.39990,603.0000
2026-09-14T17:20:00+00:00,4350.50000,4352.60010,4350.29980,4351.60010,403.0000
2026-09-14T17:25:00+00:00,4351.79980,4354.70020,4350.29980,4352.29980,2295.0000
2026-09-14T17:30:00+00:00,4352.29980,4354.10010,4349.50000,4349.70020,730.0000
2026-09-14T17:35:00+00:00,4349.50000,4352.20020,4348.20020,4351.60010,378.0000
2026-09-14T17:40:00+00:00,4351.79980,4352.70020,4349.79980,4350.39990,303.0000
2026-09-14T17:45:00+00:00,4350.20020,4351.89990,4349.10010,4349.50000,382.0000
2026-09-14T17:50:00+00:00,4349.50000,4354.00000,4348.89990,4352.60010,394.0000
2026-09-14T17:55:00+00:00,4352.60010,4354.29980,4351.10010,4351.60010,521.0000
2026-09-14T18:00:00+00:00,4351.70020,4356.70020,4350.20020,4350.50000,1114.0000
2026-09-14T18:05:00+00:00,4350.60010,4351.79980,4348.70020,4350.79980,686.0000
2026-09-14T18:10:00+00:00,4350.79980,4353.20020,4350.60010,4353.20020,180.0000
2026-09-14T18:15:00+00:00,4352.70020,4353.00000,4351.50000,4352.00000,213.0000
2026-09-14T18:20:00+00:00,4351.79980,4352.39990,4348.29980,4348.50000,243.0000
2026-09-14T18:25:00+00:00,4348.39990,4350.20020,4346.60010,4350.20020,565.0000
2026-09-14T18:30:00+00:00,4349.89990,4353.60010,4348.70020,4351.70020,439.0000
2026-09-14T18:35:00+00:00,4352.29980,4353.39990,4351.20020,4351.20020,187.0000
2026-09-14T18:40:00+00:00,4351.20020,4351.50000,4349.50000,4349.89990,217.0000
2026-09-14T18:45:00+00:00,4349.50000,4350.10010,4347.29980,4347.70020,355.0000
2026-09-14T18:50:00+00:00,4347.60010,4347.79980,4345.00000,4347.00000,572.0000
2026-09-14T18:55:00+00:00,4346.70020,4348.20020,4345.70020,4347.79980,206.0000
2026-09-14T19:00:00+00:00,4347.89990,4348.29980,4344.50000,4346.70020,594.0000
2026-09-14T19:05:00+00:00,4346.79980,4346.79980,4343.10010,4344.10010,291.0000
2026-09-14T19:10:00+00:00,4344.29980,4347.20020,4343.89990,4346.39990,238.0000
2026-09-14T19:15:00+00:00,4346.29980,4346.29980,4340.70020,4342.29980,450.0000
2026-09-14T19:20:00+00:00,4342.29980,4342.79980,4336.50000,4338.00000,447.0000
2026-09-14T19:25:00+00:00,4337.89990,4339.39990,4337.00000,4337.10010,667.0000
2026-09-14T19:30:00+00:00,4337.10010,4338.00000,4333.39990,4333.79980,564.0000
2026-09-14T19:35:00+00:00,4333.89990,4335.70020,4332.60010,4332.70020,508.0000
2026-09-14T19:40:00+00:00,4332.70020,4333.00000,4331.20020,4332.39990,371.0000
2026-09-14T19:45:00+00:00,4332.39990,4332.39990,4328.50000,4328.50000,447.0000
2026-09-14T19:50:00+00:00,4328.29980,4328.79980,4324.89990,4327.00000,754.0000
2026-09-14T19:55:00+00:00,4326.70020,4326.89990,4323.20020,4324.10010,970.0000
2026-09-14T20:00:00+00:00,4324.10010,4325.39990,4322.79980,4325.29980,416.0000
2026-09-14T20:05:00+00:00,4325.29980,4327.39990,4325.29980,4326.50000,414.0000
2026-09-14T20:10:00+00:00,4326.29980,4329.20020,4326.29980,4328.39990,301.0000
2026-09-14T20:15:00+00:00,4328.50000,4334.29980,4328.39990,4334.00000,422.0000
2026-09-14T20:20:00+00:00,4334.10010,4336.89990,4334.10010,4336.50000,398.0000
2026-09-14T20:25:00+00:00,4336.70020,4339.20020,4336.70020,4337.50000,337.0000
2026-09-14T20:30:00+00:00,4337.60010,4340.39990,4337.60010,4340.00000,178.0000
2026-09-14T20:35:00+00:00,4339.89990,4339.89990,4335.50000,4336.89990,176.0000
2026-09-14T20:40:00+00:00,4336.89990,4337.50000,4335.29980,4335.70020,56.0000
2026-09-14T20:45:00+00:00,4335.60010,4338.00000,4335.60010,4337.60010,132.0000
2026-09-14T20:50:00+00:00,4337.39990,4338.50000,4337.29980,4338.50000,77.0000
2026-09-14T20:55:00+00:00,4338.29980,4340.39990,4338.29980,4340.00000,177.0000
2026-09-14T22:00:00+00:00,4340.29980,4343.60010,4339.00000,4340.00000,0.0000
2026-09-14T22:05:00+00:00,4340.20020,4340.20020,4337.20020,4337.79980,159.0000
2026-09-14T22:10:00+00:00,4337.39990,4338.20020,4336.89990,4337.20020,97.0000
2026-09-14T22:15:00+00:00,4337.60010,4338.00000,4336.39990,4336.60010,190.0000
2026-09-14T22:20:00+00:00,4336.89990,4338.39990,4336.00000,4336.50000,440.0000
2026-09-14T22:25:00+00:00,4336.70020,4336.79980,4332.60010,4336.20020,350.0000
2026-09-14T22:30:00+00:00,4336.10010,4338.29980,4335.79980,4337.39990,119.0000
2026-09-14T22:35:00+00:00,4337.50000,4339.20020,4334.10010,4336.39990,439.0000
2026-09-14T22:40:00+00:00,4336.39990,4338.70020,4334.00000,4336.20020,904.0000
2026-09-14T22:45:00+00:00,4336.29980,4336.79980,4335.10010,4335.79980,98.0000
2026-09-14T22:50:00+00:00,4335.89990,4338.89990,4334.50000,4336.79980,480.0000
2026-09-14T22:55:00+00:00,4336.79980,4337.89990,4333.79980,4335.89990,739.0000
2026-09-14T23:00:00+00:00,4335.79980,4338.10010,4333.60010,4334.79980,446.0000
2026-09-14T23:05:00+00:00,4334.20020,4335.70020,4332.79980,4333.79980,427.0000
2026-09-14T23:10:00+00:00,4333.89990,4334.79980,4330.79980,4332.50000,638.0000
2026-09-14T23:15:00+00:00,4332.89990,4332.89990,4329.29980,4330.00000,353.0000
2026-09-14T23:20:00+00:00,4330.10010,4331.20020,4327.50000,4330.70020,372.0000
2026-09-14T23:25:00+00:00,4330.89990,4331.20020,4327.50000,4330.50000,517.0000
2026-09-14T23:30:00+00:00,4330.29980,4332.29980,4328.20020,4331.29980,340.0000
2026-09-14T23:35:00+00:00,4331.10010,4331.79980,4328.60010,4330.00000,235.0000
2026-09-14T23:40:00+00:00,4329.79980,4332.39990,4329.00000,4329.89990,320.0000
2026-09-14T23:45:00+00:00,4330.00000,4330.00000,4327.79980,4328.79980,167.0000
2026-09-14T23:50:00+00:00,4329.50000,4329.70020,4327.70020,4328.39990,147.0000
2026-09-14T23:55:00+00:00,4328.39990,4329.60010,4328.10010,4329.00000,47.0000
2026-09-15T00:00:00+00:00,4328.89990,4329.70020,4327.00000,4327.00000,234.0000
2026-09-15T00:05:00+00:00,4326.79980,4329.00000,4324.20020,4327.20020,218.0000
2026-09-15T00:10:00+00:00,4327.10010,4327.50000,4324.50000,4327.50000,133.0000
2026-09-15T00:15:00+00:00,4327.29980,4330.79980,4325.10010,4325.29980,359.0000
2026-09-15T00:20:00+00:00,4325.50000,4328.20020,4324.20020,4328.00000,288.0000
2026-09-15T00:25:00+00:00,4328.00000,4330.29980,4326.39990,4328.89990,378.0000
2026-09-15T00:30:00+00:00,4328.60010,4329.79980,4323.79980,4325.20020,266.0000
2026-09-15T00:35:00+00:00,4324.89990,4331.39990,4324.60010,4330.89990,373.0000
2026-09-15T00:40:00+00:00,4330.79980,4333.79980,4330.20020,4333.29980,335.0000
2026-09-15T00:45:00+00:00,4333.60010,4335.29980,4332.50000,4334.70020,178.0000
2026-09-15T00:50:00+00:00,4334.79980,4337.29980,4334.29980,4334.89990,270.0000
2026-09-15T00:55:00+00:00,4334.79980,4334.89990,4333.29980,4333.60010,237.0000
2026-09-15T01:00:00+00:00,4333.79980,4338.79980,4328.39990,4336.39990,1032.0000
2026-09-15T01:05:00+00:00,4336.29980,4338.89990,4333.20020,4334.00000,412.0000
2026-09-15T01:10:00+00:00,4334.20020,4340.10010,4333.89990,4339.79980,323.0000
2026-09-15T01:15:00+00:00,4339.70020,4346.00000,4339.29980,4344.20020,762.0000
2026-09-15T01:20:00+00:00,4344.20020,4344.70020,4341.70020,4342.20020,348.0000
2026-09-15T01:25:00+00:00,4342.10010,4343.10010,4340.10010,4341.79980,281.0000
2026-09-15T01:30:00+00:00,4342.10010,4347.00000,4341.60010,4342.39990,515.0000
2026-09-15T01:35:00+00:00,4342.29980,4342.60010,4335.50000,4337.50000,549.0000
2026-09-15T01:40:00+00:00,4337.70020,4339.70020,4335.20020,4339.10010,376.0000
2026-09-15T01:45:00+00:00,4338.60010,4341.79980,4336.39990,4340.20020,503.0000
2026-09-15T01:50:00+00:00,4339.39990,4339.79980,4333.89990,4339.20020,389.0000
2026-09-15T01:55:00+00:00,4339.39990,4344.89990,4339.00000,4344.10010,278.0000
2026-09-15T02:00:00+00:00,4344.50000,4352.10010,4344.39990,4347.20020,1003.0000
2026-09-15T02:05:00+00:00,4346.79980,4349.10010,4346.29980,4347.20020,904.0000
2026-09-15T02:10:00+00:00,4347.89990,4348.29980,4345.20020,4347.50000,279.0000
2026-09-15T02:15:00+00:00,4347.50000,4347.89990,4345.60010,4347.00000,255.0000
2026-09-15T02:20:00+00:00,4347.20020,4349.00000,4346.20020,4348.50000,179.0000
2026-09-15T02:25:00+00:00,4348.39990,4350.50000,4348.00000,4350.39990,254.0000
2026-09-15T02:30:00+00:00,4350.89990,4352.89990,4347.60010,4352.20020,499.0000
2026-09-15T02:35:00+00:00,4352.20020,4355.79980,4349.60010,4355.50000,477.0000
2026-09-15T02:40:00+00:00,4355.60010,4358.20020,4351.60010,4352.10010,583.0000
2026-09-15T02:45:00+00:00,4351.89990,4357.89990,4351.79980,4357.39990,455.0000
2026-09-15T02:50:00+00:00,4357.29980,4357.70020,4352.00000,4352.79980,357.0000
2026-09-15T02:55:00+00:00,4352.70020,4355.10010,4352.39990,4354.89990,207.0000
2026-09-15T03:00:00+00:00,4354.79980,4355.20020,4350.50000,4352.79980,518.0000
2026-09-15T03:05:00+00:00,4352.79980,4354.70020,4352.00000,4354.20020,190.0000
2026-09-15T03:10:00+00:00,4354.29980,4354.60010,4351.00000,4351.10010,126.0000
2026-09-15T03:15:00+00:00,4351.29980,4353.89990,4350.39990,4352.39990,277.0000
2026-09-15T03:20:00+00:00,4352.39990,4354.89990,4351.00000,4351.29980,696.0000
2026-09-15T03:25:00+00:00,4351.29980,4352.60010,4350.50000,4351.50000,269.0000
2026-09-15T03:30:00+00:00,4351.50000,4353.60010,4351.39990,4353.39990,315.0000
2026-09-15T03:35:00+00:00,4353.60010,4354.10010,4349.79980,4350.00000,448.0000
2026-09-15T03:40:00+00:00,4349.70020,4351.00000,4348.70020,4349.29980,576.0000
2026-09-15T03:45:00+00:00,4348.89990,4350.70020,4346.20020,4346.29980,301.0000
2026-09-15T03:50:00+00:00,4346.20020,4346.70020,4344.29980,4344.89990,344.0000
2026-09-15T03:55:00+00:00,4345.00000,4345.70020,4343.89990,4345.10010,329.0000
2026-09-15T04:00:00+00:00,4344.00000,4344.89990,4343.10010,4343.60010,167.0000
2026-09-15T04:05:00+00:00,4343.79980,4347.00000,4343.29980,4346.29980,455.0000
2026-09-15T04:10:00+00:00,4346.29980,4350.39990,4345.00000,4348.00000,760.0000
2026-09-15T04:15:00+00:00,4348.20020,4349.39990,4344.00000,4344.79980,285.0000
2026-09-15T04:20:00+00:00,4344.79980,4345.60010,4343.39990,4343.70020,141.0000
2026-09-15T04:25:00+00:00,4343.50000,4344.70020,4343.20020,4344.00000,135.0000
2026-09-15T04:30:00+00:00,4344.20020,4345.00000,4343.10010,4343.39990,192.0000
2026-09-15T04:35:00+00:00,4343.29980,4345.39990,4341.29980,4345.10010,912.0000
2026-09-15T04:40:00+00:00,4345.10010,4346.50000,4343.79980,4345.39990,223.0000
2026-09-15T04:45:00+00:00,4345.20020,4347.29980,4344.29980,4345.79980,205.0000
2026-09-15T04:50:00+00:00,4345.50000,4346.39990,4344.60010,4345.89990,234.0000
2026-09-15T04:55:00+00:00,4346.00000,4348.10010,4344.70020,4344.79980,200.0000
2026-09-15T05:00:00+00:00,4344.89990,4347.89990,4342.70020,4342.89990,221.0000
2026-09-15T05:05:00+00:00,4343.00000,4343.89990,4341.50000,4342.20020,181.0000
2026-09-15T05:10:00+00:00,4342.00000,4342.50000,4340.39990,4341.60010,187.0000
2026-09-15T05:15:00+00:00,4341.70020,4341.89990,4338.70020,4340.29980,293.0000
2026-09-15T05:20:00+00:00,4340.29980,4341.39990,4337.00000,4337.70020,274.0000
2026-09-15T05:25:00+00:00,4337.79980,4338.39990,4336.50000,4337.20020,218.0000
2026-09-15T05:30:00+00:00,4337.00000,4340.00000,4329.10010,4333.39990,1099.0000
2026-09-15T05:35:00+00:00,4333.50000,4334.89990,4331.79980,4334.39990,418.0000
2026-09-15T05:40:00+00:00,4334.00000,4337.39990,4333.89990,4336.39990,323.0000
2026-09-15T05:45:00+00:00,4336.39990,4340.10010,4334.60010,4334.89990,297.0000
2026-09-15T05:50:00+00:00,4335.10010,4338.89990,4334.29980,4335.39990,278.0000
2026-09-15T05:55:00+00:00,4335.00000,4335.00000,4331.00000,4331.20020,310.0000
2026-09-15T06:00:00+00:00,4331.10010,4334.70020,4330.79980,4331.89990,483.0000
2026-09-15T06:05:00+00:00,4331.70020,4331.70020,4326.00000,4328.79980,878.0000
2026-09-15T06:10:00+00:00,4329.10010,4330.79980,4326.20020,4330.10010,449.0000
2026-09-15T06:15:00+00:00,4330.20020,4332.60010,4329.29980,4330.00000,278.0000
2026-09-15T06:20:00+00:00,4330.39990,4331.79980,4328.50000,4329.89990,265.0000
2026-09-15T06:25:00+00:00,4329.70020,4330.29980,4327.29980,4329.50000,266.0000
2026-09-15T06:30:00+00:00,4329.50000,4329.70020,4325.89990,4327.00000,271.0000
2026-09-15T06:35:00+00:00,4327.20020,4331.39990,4327.20020,4330.89990,222.0000
2026-09-15T06:40:00+00:00,4331.00000,4331.00000,4328.50000,4330.70020,398.0000
2026-09-15T06:45:00+00:00,4330.79980,4335.29980,4330.70020,4332.60010,987.0000
2026-09-15T06:50:00+00:00,4332.60010,4334.20020,4332.20020,4333.00000,347.0000
2026-09-15T06:55:00+00:00,4332.60010,4335.10010,4332.10010,4333.60010,422.0000
2026-09-15T07:00:00+00:00,4333.50000,4335.70020,4329.50000,4331.70020,997.0000
2026-09-15T07:05:00+00:00,4331.50000,4332.39990,4328.89990,4331.00000,301.0000
2026-09-15T07:10:00+00:00,4331.50000,4332.00000,4326.89990,4328.29980,332.0000
2026-09-15T07:15:00+00:00,4328.50000,4332.29980,4328.29980,4331.70020,211.0000
2026-09-15T07:20:00+00:00,4331.79980,4331.79980,4327.89990,4329.00000,316.0000
2026-09-15T07:25:00+00:00,4329.39990,4332.60010,4328.00000,4332.10010,448.0000
2026-09-15T07:30:00+00:00,4332.39990,4333.29980,4330.39990,4330.70020,180.0000
2026-09-15T07:35:00+00:00,4330.39990,4330.50000,4325.10010,4326.00000,334.0000
2026-09-15T07:40:00+00:00,4326.20020,4327.10010,4320.60010,4324.10010,1008.0000
2026-09-15T07:45:00+00:00,4324.20020,4330.79980,4323.79980,4325.50000,1034.0000
2026-09-15T07:50:00+00:00,4325.29980,4325.39990,4316.79980,4318.29980,659.0000
2026-09-15T07:55:00+00:00,4318.10010,4320.89990,4316.60010,4320.70020,495.0000
2026-09-15T08:00:00+00:00,4320.79980,4320.89990,4305.70020,4307.10010,1551.0000
2026-09-15T08:05:00+00:00,4307.39990,4309.10010,4304.50000,4305.50000,1048.0000
2026-09-15T08:10:00+00:00,4305.50000,4308.70020,4304.00000,4308.29980,934.0000
2026-09-15T08:15:00+00:00,4308.00000,4314.70020,4307.29980,4314.70020,679.0000
2026-09-15T08:20:00+00:00,4314.20020,4315.50000,4312.10010,4312.10010,434.0000
2026-09-15T08:25:00+00:00,4312.29980,4316.00000,4311.50000,4313.79980,518.0000
2026-09-15T08:30:00+00:00,4313.79980,4315.20020,4312.10010,4313.60010,378.0000
2026-09-15T08:35:00+00:00,4314.29980,4315.29980,4310.39990,4311.10010,360.0000
2026-09-15T08:40:00+00:00,4311.29980,4311.29980,4307.79980,4307.89990,312.0000
2026-09-15T08:45:00+00:00,4308.39990,4310.50000,4306.50000,4307.00000,245.0000
2026-09-15T08:50:00+00:00,4307.20020,4309.00000,4306.79980,4307.89990,375.0000
2026-09-15T08:55:00+00:00,4308.00000,4309.10010,4301.70020,4302.79980,838.0000
2026-09-15T09:00:00+00:00,4303.10010,4307.10010,4302.29980,4306.70020,510.0000
2026-09-15T09:05:00+00:00,4306.39990,4307.79980,4305.00000,4306.10010,494.0000
2026-09-15T09:10:00+00:00,4306.10010,4307.60010,4304.00000,4306.00000,635.0000
2026-09-15T09:15:00+00:00,4305.89990,4308.10010,4301.60010,4302.50000,644.0000
2026-09-15T09:20:00+00:00,4302.70020,4307.00000,4302.10010,4304.89990,794.0000
2026-09-15T09:25:00+00:00,4304.70020,4309.50000,4302.79980,4307.10010,731.0000
2026-09-15T09:30:00+00:00,4306.79980,4307.89990,4304.89990,4306.89990,623.0000
2026-09-15T09:35:00+00:00,4306.39990,4309.39990,4305.20020,4309.00000,658.0000
2026-09-15T09:40:00+00:00,4308.79980,4312.39990,4308.20020,4309.50000,716.0000
2026-09-15T09:45:00+00:00,4309.70020,4312.10010,4308.39990,4310.50000,517.0000
2026-09-15T09:50:00+00:00,4310.70020,4311.50000,4308.79980,4311.00000,312.0000
2026-09-15T09:55:00+00:00,4310.79980,4310.89990,4307.89990,4308.70020,207.0000
2026-09-15T10:00:00+00:00,4308.79980,4313.70020,4308.79980,4312.29980,401.0000
2026-09-15T10:05:00+00:00,4311.89990,4316.29980,4311.89990,4314.70020,498.0000
2026-09-15T10:10:00+00:00,4314.39990,4318.39990,4312.20020,4313.39990,805.0000
2026-09-15T10:15:00+00:00,4313.60010,4313.60010,4310.29980,4312.00000,311.0000
2026-09-15T10:20:00+00:00,4311.70020,4315.10010,4310.50000,4314.70020,358.0000
2026-09-15T10:25:00+00:00,4314.60010,4314.60010,4313.10010,4314.39990,170.0000
2026-09-15T10:30:00+00:00,4314.60010,4315.60010,4313.79980,4315.10010,241.0000
2026-09-15T10:35:00+00:00,4314.89990,4316.29980,4313.60010,4314.10010,304.0000
2026-09-15T10:40:00+00:00,4314.20020,4317.29980,4313.50000,4314.79980,354.0000
2026-09-15T10:45:00+00:00,4315.00000,4317.39990,4314.39990,4317.10010,364.0000
2026-09-15T10:50:00+00:00,4317.10010,4322.70020,4317.10010,4322.20020,862.0000
2026-09-15T10:55:00+00:00,4322.00000,4324.00000,4321.10010,4321.79980,549.0000
2026-09-15T11:00:00+00:00,4321.20020,4322.20020,4319.89990,4320.20020,258.0000
2026-09-15T11:05:00+00:00,4320.50000,4322.39990,4318.79980,4322.29980,395.0000
2026-09-15T11:10:00+00:00,4322.39990,4324.00000,4321.70020,4323.79980,414.0000
2026-09-15T11:15:00+00:00,4323.89990,4325.70020,4323.20020,4323.60010,589.0000
2026-09-15T11:20:00+00:00,4323.39990,4325.39990,4322.79980,4323.79980,427.0000
2026-09-15T11:25:00+00:00,4324.00000,4324.50000,4322.39990,4323.29980,169.0000
2026-09-15T11:30:00+00:00,4323.20020,4324.29980,4321.39990,4324.29980,206.0000
2026-09-15T11:35:00+00:00,4324.70020,4325.29980,4320.50000,4320.89990,336.0000
2026-09-15T11:40:00+00:00,4321.00000,4323.79980,4320.10010,4322.50000,298.0000
2026-09-15T11:45:00+00:00,4322.50000,4325.29980,4322.50000,4323.50000,401.0000
2026-09-15T11:50:00+00:00,4323.39990,4325.10010,4322.29980,4322.79980,300.0000
2026-09-15T11:55:00+00:00,4322.70020,4326.70020,4322.10010,4324.39990,524.0000
2026-09-15T12:00:00+00:00,4324.39990,4324.79980,4321.20020,4324.29980,468.0000
2026-09-15T12:05:00+00:00,4324.20020,4324.50000,4317.00000,4317.60010,580.0000
2026-09-15T12:10:00+00:00,4317.39990,4318.89990,4315.60010,4318.50000,448.0000
2026-09-15T12:15:00+00:00,4318.29980,4319.00000,4313.29980,4314.00000,534.0000
2026-09-15T12:20:00+00:00,4313.79980,4314.50000,4311.00000,4313.10010,878.0000
2026-09-15T12:25:00+00:00,4312.79980,4318.29980,4312.29980,4317.60010,623.0000
2026-09-15T12:30:00+00:00,4317.39990,4322.70020,4314.29980,4322.50000,625.0000
2026-09-15T12:35:00+00:00,4322.79980,4325.70020,4318.60010,4318.89990,1415.0000
2026-09-15T12:40:00+00:00,4318.89990,4321.20020,4317.79980,4321.20020,462.0000
2026-09-15T12:45:00+00:00,4321.00000,4331.10010,4320.79980,4330.39990,1572.0000
2026-09-15T12:50:00+00:00,4330.29980,4334.29980,4327.10010,4333.29980,1012.0000
2026-09-15T12:55:00+00:00,4333.70020,4336.29980,4325.50000,4330.60010,1930.0000
2026-09-15T13:00:00+00:00,4330.20020,4334.60010,4329.29980,4332.79980,1187.0000
2026-09-15T13:05:00+00:00,4333.00000,4333.00000,4323.60010,4325.29980,921.0000
2026-09-15T13:10:00+00:00,4325.29980,4329.50000,4325.10010,4326.79980,598.0000
2026-09-15T13:15:00+00:00,4326.89990,4329.89990,4325.50000,4327.29980,528.0000
2026-09-15T13:20:00+00:00,4327.39990,4332.39990,4323.29980,4332.20020,1086.0000
2026-09-15T13:25:00+00:00,4332.39990,4333.39990,4326.89990,4327.39990,870.0000
2026-09-15T13:30:00+00:00,4327.60010,4331.60010,4324.00000,4326.50000,1234.0000
2026-09-15T13:35:00+00:00,4326.79980,4334.00000,4326.10010,4326.39990,1340.0000
2026-09-15T13:40:00+00:00,4326.20020,4330.29980,4325.00000,4329.60010,523.0000
2026-09-15T13:45:00+00:00,4329.00000,4335.60010,4328.00000,4334.79980,1012.0000
2026-09-15T13:50:00+00:00,4334.79980,4337.89990,4331.89990,4335.29980,1386.0000
2026-09-15T13:55:00+00:00,4335.29980,4338.50000,4334.10010,4334.60010,763.0000
2026-09-15T14:00:00+00:00,4334.60010,4339.00000,4333.89990,4334.70020,1259.0000
2026-09-15T14:05:00+00:00,4334.79980,4340.70020,4333.60010,4337.79980,1189.0000
2026-09-15T14:10:00+00:00,4337.70020,4338.29980,4333.39990,4334.50000,763.0000
2026-09-15T14:15:00+00:00,4334.70020,4335.79980,4329.79980,4334.00000,805.0000
2026-09-15T14:20:00+00:00,4334.10010,4335.10010,4325.60010,4328.79980,1082.0000
2026-09-15T14:25:00+00:00,4328.79980,4329.70020,4322.29980,4324.39990,923.0000
2026-09-15T14:30:00+00:00,4324.29980,4325.20020,4319.39990,4323.89990,1128.0000
2026-09-15T14:35:00+00:00,4323.79980,4326.20020,4315.70020,4317.60010,1378.0000
2026-09-15T14:40:00+00:00,4317.79980,4319.10010,4316.10010,4318.10010,1029.0000
2026-09-15T14:45:00+00:00,4317.89990,4322.79980,4316.70020,4318.10010,799.0000
2026-09-15T14:50:00+00:00,4318.10010,4320.89990,4313.00000,4320.10010,1725.0000
2026-09-15T14:55:00+00:00,4320.10010,4320.10010,4314.50000,4316.79980,825.0000
2026-09-15T15:00:00+00:00,4316.89990,4322.89990,4316.60010,4322.79980,772.0000
2026-09-15T15:05:00+00:00,4323.00000,4324.39990,4320.79980,4322.50000,777.0000
2026-09-15T15:10:00+00:00,4322.20020,4326.29980,4321.50000,4325.39990,557.0000
2026-09-15T15:15:00+00:00,4325.20020,4327.89990,4323.50000,4326.60010,738.0000
2026-09-15T15:20:00+00:00,4326.50000,4327.39990,4322.50000,4325.50000,562.0000
2026-09-15T15:25:00+00:00,4325.39990,4326.50000,4323.60010,4324.10010,357.0000
2026-09-15T15:30:00+00:00,4324.20020,4325.89990,4321.70020,4325.20020,690.0000
2026-09-15T15:35:00+00:00,4325.39990,4328.39990,4324.39990,4327.89990,637.0000
2026-09-15T15:40:00+00:00,4327.79980,4330.79980,4327.20020,4328.10010,457.0000
2026-09-15T15:45:00+00:00,4328.10010,4329.10010,4325.29980,4326.60010,552.0000
2026-09-15T15:50:00+00:00,4326.70020,4332.10010,4326.70020,4330.29980,1359.0000
2026-09-15T15:55:00+00:00,4330.20020,4335.20020,4328.29980,4329.89990,1340.0000
2026-09-15T16:00:00+00:00,4329.60010,4331.50000,4328.29980,4331.39990,554.0000
2026-09-15T16:05:00+00:00,4331.29980,4331.79980,4329.10010,4330.70020,294.0000
2026-09-15T16:10:00+00:00,4330.89990,4331.10010,4326.20020,4326.20020,570.0000
2026-09-15T16:15:00+00:00,4326.29980,4328.70020,4325.39990,4328.70020,316.0000
2026-09-15T16:20:00+00:00,4328.50000,4337.00000,4327.89990,4336.20020,1069.0000
2026-09-15T16:25:00+00:00,4336.60010,4337.29980,4334.60010,4335.89990,828.0000
2026-09-15T16:30:00+00:00,4335.70020,4338.20020,4333.00000,4333.20020,753.0000
2026-09-15T16:35:00+00:00,4333.20020,4336.20020,4331.60010,4335.60010,1147.0000
2026-09-15T16:40:00+00:00,4335.00000,4337.10010,4333.20020,4336.79980,351.0000
2026-09-15T16:45:00+00:00,4336.89990,4337.79980,4335.29980,4335.60010,374.0000
2026-09-15T16:50:00+00:00,4335.50000,4338.39990,4335.29980,4337.70020,528.0000
2026-09-15T16:55:00+00:00,4337.89990,4337.89990,4335.20020,4335.60010,609.0000
2026-09-15T17:00:00+00:00,4335.79980,4336.89990,4331.29980,4331.70020,1174.0000
2026-09-15T17:05:00+00:00,4331.60010,4334.20020,4330.50000,4332.89990,519.0000
2026-09-15T17:10:00+00:00,4333.20020,4339.70020,4332.89990,4335.39990,1049.0000
2026-09-15T17:15:00+00:00,4335.60010,4337.10010,4334.10010,4336.39990,717.0000
2026-09-15T17:20:00+00:00,4336.39990,4336.89990,4332.60010,4333.39990,698.0000
2026-09-15T17:25:00+00:00,4333.50000,4335.79980,4331.89990,4333.70020,1812.0000
2026-09-15T17:30:00+00:00,4333.60010,4338.60010,4333.39990,4337.79980,726.0000
2026-09-15T17:35:00+00:00,4337.89990,4339.79980,4336.00000,4336.29980,1099.0000
2026-09-15T17:40:00+00:00,4336.29980,4336.50000,4332.70020,4333.79980,364.0000
2026-09-15T17:45:00+00:00,4334.00000,4336.50000,4333.70020,4335.60010,274.0000
2026-09-15T17:50:00+00:00,4335.50000,4336.89990,4334.50000,4335.70020,380.0000
2026-09-15T17:55:00+00:00,4335.79980,4336.29980,4334.70020,4335.29980,313.0000
2026-09-15T18:00:00+00:00,4335.50000,4336.29980,4332.89990,4335.29980,572.0000
2026-09-15T18:05:00+00:00,4335.10010,4339.00000,4334.89990,4336.79980,521.0000
2026-09-15T18:10:00+00:00,4336.89990,4344.70020,4336.39990,4342.39990,1393.0000
2026-09-15T18:15:00+00:00,4342.79980,4347.20020,4342.39990,4345.39990,1201.0000
2026-09-15T18:20:00+00:00,4345.70020,4345.70020,4343.60010,4345.00000,484.0000
2026-09-15T18:25:00+00:00,4344.79980,4346.60010,4343.79980,4345.00000,340.0000
2026-09-15T18:30:00+00:00,4344.89990,4345.10010,4342.00000,4343.20020,383.0000
2026-09-15T18:35:00+00:00,4343.39990,4343.89990,4341.79980,4343.79980,167.0000
2026-09-15T18:40:00+00:00,4343.50000,4348.79980,4343.29980,4344.89990,857.0000
2026-09-15T18:45:00+00:00,4345.10010,4348.39990,4344.29980,4347.00000,215.0000
2026-09-15T18:50:00+00:00,4347.29980,4350.60010,4347.20020,4348.79980,485.0000
2026-09-15T18:55:00+00:00,4348.70020,4348.79980,4346.50000,4348.70020,254.0000
2026-09-15T19:00:00+00:00,4348.70020,4350.79980,4344.70020,4344.70020,670.0000
2026-09-15T19:05:00+00:00,4344.79980,4345.20020,4342.00000,4343.79980,338.0000
2026-09-15T19:10:00+00:00,4344.00000,4344.39990,4339.89990,4339.89990,357.0000
2026-09-15T19:15:00+00:00,4339.89990,4342.00000,4339.10010,4339.70020,318.0000
2026-09-15T19:20:00+00:00,4339.89990,4341.39990,4337.79980,4341.00000,321.0000
2026-09-15T19:25:00+00:00,4340.70020,4341.60010,4339.79980,4340.89990,139.0000
2026-09-15T19:30:00+00:00,4340.60010,4342.10010,4338.29980,4339.39990,198.0000
2026-09-15T19:35:00+00:00,4339.20020,4339.50000,4337.89990,4338.50000,165.0000
2026-09-15T19:40:00+00:00,4338.10010,4338.50000,4336.29980,4336.39990,355.0000
2026-09-15T19:45:00+00:00,4336.10010,4339.60010,4335.89990,4338.50000,347.0000
2026-09-15T19:50:00+00:00,4338.39990,4339.29980,4335.29980,4336.20020,343.0000
2026-09-15T19:55:00+00:00,4336.10010,4337.70020,4333.70020,4337.29980,947.0000
2026-09-15T20:00:00+00:00,4337.29980,4338.79980,4335.89990,4336.00000,228.0000
2026-09-15T20:05:00+00:00,4336.10010,4337.89990,4335.50000,4337.39990,442.0000
2026-09-15T20:10:00+00:00,4337.70020,4338.39990,4335.20020,4336.10010,195.0000
2026-09-15T20:15:00+00:00,4336.10010,4336.39990,4335.10010,4335.89990,109.0000
2026-09-15T20:20:00+00:00,4335.60010,4336.70020,4334.29980,4334.89990,212.0000
2026-09-15T20:25:00+00:00,4334.70020,4335.00000,4333.70020,4334.10010,249.0000
2026-09-15T20:30:00+00:00,4334.29980,4335.89990,4332.00000,4332.10010,262.0000
2026-09-15T20:35:00+00:00,4332.70020,4332.89990,4331.60010,4332.60010,116.0000
2026-09-15T20:40:00+00:00,4332.39990,4333.29980,4331.89990,4332.79980,84.0000
2026-09-15T20:45:00+00:00,4332.89990,4333.10010,4332.20020,4332.50000,54.0000
2026-09-15T20:50:00+00:00,4332.39990,4334.20020,4331.79980,4332.70020,204.0000
2026-09-15T20:55:00+00:00,4332.50000,4334.29980,4332.50000,4333.39990,105.0000
2026-09-15T22:00:00+00:00,4333.50000,4335.89990,4333.29980,4335.00000,0.0000
2026-09-15T22:05:00+00:00,4334.79980,4335.29980,4334.20020,4335.20020,160.0000
2026-09-15T22:10:00+00:00,4334.79980,4335.39990,4331.89990,4332.60010,273.0000
2026-09-15T22:15:00+00:00,4332.70020,4333.70020,4331.39990,4331.39990,275.0000
2026-09-15T22:20:00+00:00,4331.29980,4334.60010,4330.89990,4334.00000,661.0000
2026-09-15T22:25:00+00:00,4334.00000,4339.10010,4333.79980,4339.00000,1098.0000
2026-09-15T22:30:00+00:00,4339.10010,4339.50000,4335.60010,4337.70020,454.0000
2026-09-15T22:35:00+00:00,4337.70020,4338.60010,4337.50000,4338.00000,129.0000
2026-09-15T22:40:00+00:00,4338.00000,4338.00000,4334.89990,4335.39990,130.0000
2026-09-15T22:45:00+00:00,4335.29980,4335.89990,4334.29980,4334.39990,163.0000
2026-09-15T22:50:00+00:00,4334.60010,4335.10010,4333.39990,4333.39990,161.0000
2026-09-15T22:55:00+00:00,4333.50000,4333.70020,4329.20020,4329.20020,1008.0000
2026-09-15T23:00:00+00:00,4329.10010,4329.70020,4324.79980,4325.10010,587.0000
2026-09-15T23:05:00+00:00,4325.39990,4327.50000,4325.39990,4325.89990,186.0000
2026-09-15T23:10:00+00:00,4326.10010,4328.79980,4325.39990,4326.39990,394.0000
2026-09-15T23:15:00+00:00,4326.10010,4327.29980,4325.50000,4326.89990,174.0000
2026-09-15T23:20:00+00:00,4327.10010,4327.29980,4324.29980,4324.89990,187.0000
2026-09-15T23:25:00+00:00,4325.10010,4326.00000,4322.00000,4324.39990,557.0000
2026-09-15T23:30:00+00:00,4324.00000,4328.10010,4322.89990,4327.00000,797.0000
2026-09-15T23:35:00+00:00,4327.10010,4328.00000,4323.20020,4325.60010,805.0000
2026-09-15T23:40:00+00:00,4325.50000,4326.50000,4324.29980,4325.60010,249.0000
2026-09-15T23:45:00+00:00,4325.10010,4327.00000,4324.00000,4324.00000,162.0000
2026-09-15T23:50:00+00:00,4324.10010,4325.29980,4323.79980,4324.29980,442.0000
2026-09-15T23:55:00+00:00,4324.00000,4324.00000,4321.20020,4323.29980,792.0000
2026-09-16T00:00:00+00:00,4323.89990,4324.10010,4320.70020,4320.70020,223.0000
2026-09-16T00:05:00+00:00,4321.10010,4325.10010,4321.10010,4322.00000,298.0000
2026-09-16T00:10:00+00:00,4321.79980,4323.29980,4320.89990,4322.79980,142.0000
2026-09-16T00:15:00+00:00,4323.10010,4326.00000,4322.10010,4325.70020,187.0000
2026-09-16T00:20:00+00:00,4325.79980,4326.50000,4323.60010,4325.70020,177.0000
2026-09-16T00:25:00+00:00,4325.39990,4325.60010,4323.60010,4324.39990,77.0000
2026-09-16T00:30:00+00:00,4324.79980,4324.89990,4319.70020,4321.50000,215.0000
2026-09-16T00:35:00+00:00,4321.79980,4321.89990,4319.70020,4321.39990,100.0000
2026-09-16T00:40:00+00:00,4321.60010,4325.89990,4320.79980,4323.70020,577.0000
2026-09-16T00:45:00+00:00,4323.60010,4325.20020,4322.39990,4323.00000,348.0000
2026-09-16T00:50:00+00:00,4322.89990,4322.89990,4317.60010,4317.89990,617.0000
2026-09-16T00:55:00+00:00,4318.10010,4318.50000,4315.20020,4317.10010,748.0000
2026-09-16T01:00:00+00:00,4317.10010,4324.70020,4316.29980,4319.89990,1197.0000
2026-09-16T01:05:00+00:00,4319.50000,4322.29980,4318.00000,4321.39990,603.0000
2026-09-16T01:10:00+00:00,4320.70020,4327.60010,4318.89990,4327.00000,423.0000
2026-09-16T01:15:00+00:00,4327.10010,4329.79980,4324.10010,4327.00000,941.0000
2026-09-16T01:20:00+00:00,4327.10010,4330.70020,4327.00000,4330.39990,542.0000
2026-09-16T01:25:00+00:00,4330.50000,4333.29980,4328.60010,4330.10010,490.0000
2026-09-16T01:30:00+00:00,4330.10010,4331.20020,4327.50000,4328.79980,198.0000
2026-09-16T01:35:00+00:00,4329.10010,4329.60010,4325.70020,4325.70020,295.0000
2026-09-16T01:40:00+00:00,4325.60010,4330.29980,4325.20020,4328.10010,355.0000
2026-09-16T01:45:00+00:00,4327.89990,4328.60010,4324.60010,4327.39990,353.0000
2026-09-16T01:50:00+00:00,4327.29980,4328.50000,4323.29980,4324.79980,484.0000
2026-09-16T01:55:00+00:00,4324.60010,4326.39990,4319.39990,4321.79980,439.0000
2026-09-16T02:00:00+00:00,4322.00000,4327.00000,4321.39990,4327.00000,208.0000
2026-09-16T02:05:00+00:00,4327.20020,4328.89990,4323.89990,4328.60010,319.0000
2026-09-16T02:10:00+00:00,4328.79980,4334.60010,4328.79980,4332.00000,989.0000
2026-09-16T02:15:00+00:00,4331.79980,4334.70020,4329.70020,4331.20020,1095.0000
2026-09-16T02:20:00+00:00,4331.20020,4335.29980,4330.39990,4335.29980,365.0000
2026-09-16T02:25:00+00:00,4335.50000,4340.50000,4334.89990,4338.79980,586.0000
2026-09-16T02:30:00+00:00,4338.89990,4351.89990,4338.29980,4350.50000,2033.0000
2026-09-16T02:35:00+00:00,4350.60010,4356.70020,4349.70020,4351.79980,1538.0000
2026-09-16T02:40:00+00:00,4351.89990,4354.39990,4351.10010,4351.29980,821.0000
2026-09-16T02:45:00+00:00,4351.60010,4356.20020,4351.20020,4355.60010,558.0000
2026-09-16T02:50:00+00:00,4355.89990,4357.39990,4354.00000,4356.89990,1023.0000
2026-09-16T02:55:00+00:00,4357.10010,4363.89990,4356.20020,4362.10010,1623.0000
2026-09-16T03:00:00+00:00,4362.29980,4369.79980,4361.89990,4369.00000,1432.0000
2026-09-16T03:05:00+00:00,4368.89990,4371.39990,4366.10010,4367.39990,1273.0000
2026-09-16T03:10:00+00:00,4367.89990,4379.70020,4367.00000,4378.00000,1774.0000
2026-09-16T03:15:00+00:00,4378.10010,4380.70020,4376.50000,4376.50000,855.0000
2026-09-16T03:20:00+00:00,4376.79980,4381.89990,4375.79980,4377.20020,814.0000
2026-09-16T03:25:00+00:00,4377.50000,4379.00000,4372.60010,4372.60010,859.0000
2026-09-16T03:30:00+00:00,4372.50000,4373.39990,4369.39990,4370.10010,647.0000
2026-09-16T03:35:00+00:00,4370.29980,4370.29980,4366.89990,4368.00000,411.0000
2026-09-16T03:40:00+00:00,4368.29980,4370.20020,4366.70020,4367.89990,301.0000
2026-09-16T03:45:00+00:00,4368.00000,4368.89990,4363.89990,4364.20020,558.0000
2026-09-16T03:50:00+00:00,4364.20020,4367.50000,4363.29980,4367.50000,268.0000
2026-09-16T03:55:00+00:00,4366.79980,4368.20020,4366.00000,4367.20020,136.0000
2026-09-16T04:00:00+00:00,4368.00000,4369.20020,4367.20020,4368.39990,200.0000
2026-09-16T04:05:00+00:00,4368.20020,4368.20020,4366.39990,4367.10010,176.0000
2026-09-16T04:10:00+00:00,4367.20020,4368.70020,4366.29980,4367.60010,177.0000
2026-09-16T04:15:00+00:00,4367.89990,4368.20020,4364.00000,4364.60010,186.0000
2026-09-16T04:20:00+00:00,4364.70020,4369.20020,4364.50000,4367.39990,211.0000
2026-09-16T04:25:00+00:00,4367.29980,4367.89990,4365.79980,4366.60010,114.0000
2026-09-16T04:30:00+00:00,4366.39990,4369.10010,4365.60010,4365.89990,157.0000
2026-09-16T04:35:00+00:00,4366.10010,4366.60010,4365.50000,4366.60010,71.0000
2026-09-16T04:40:00+00:00,4366.79980,4367.00000,4363.50000,4363.79980,117.0000
2026-09-16T04:45:00+00:00,4363.70020,4364.39990,4361.70020,4361.89990,245.0000
2026-09-16T04:50:00+00:00,4361.89990,4362.89990,4361.50000,4362.20020,100.0000
2026-09-16T04:55:00+00:00,4362.10010,4363.20020,4361.70020,4362.60010,121.0000
2026-09-16T05:00:00+00:00,4362.79980,4363.60010,4361.70020,4363.50000,145.0000
2026-09-16T05:05:00+00:00,4363.79980,4365.29980,4363.10010,4364.10010,349.0000
2026-09-16T05:10:00+00:00,4364.50000,4365.39990,4361.89990,4362.50000,341.0000
2026-09-16T05:15:00+00:00,4362.50000,4366.79980,4362.39990,4366.50000,202.0000
2026-09-16T05:20:00+00:00,4366.39990,4367.10010,4364.10010,4364.29980,201.0000
2026-09-16T05:25:00+00:00,4364.39990,4367.70020,4364.00000,4365.70020,232.0000
2026-09-16T05:30:00+00:00,4365.89990,4369.89990,4365.00000,4369.00000,548.0000
2026-09-16T05:35:00+00:00,4369.20020,4371.39990,4367.50000,4369.20020,354.0000
2026-09-16T05:40:00+00:00,4369.60010,4373.39990,4368.60010,4373.39990,327.0000
2026-09-16T05:45:00+00:00,4373.39990,4374.29980,4368.29980,4369.50000,381.0000
2026-09-16T05:50:00+00:00,4369.50000,4372.39990,4369.39990,4370.20020,245.0000
2026-09-16T05:55:00+00:00,4369.79980,4371.29980,4366.89990,4366.89990,219.0000
2026-09-16T06:00:00+00:00,4366.89990,4372.39990,4362.29980,4362.70020,898.0000
2026-09-16T06:05:00+00:00,4362.70020,4365.39990,4361.70020,4364.39990,253.0000
2026-09-16T06:10:00+00:00,4364.39990,4367.60010,4364.29980,4366.10010,273.0000
2026-09-16T06:15:00+00:00,4366.10010,4367.10010,4365.00000,4367.00000,229.0000
2026-09-16T06:20:00+00:00,4367.20020,4370.39990,4366.70020,4367.89990,454.0000
2026-09-16T06:25:00+00:00,4368.00000,4368.10010,4365.70020,4367.00000,193.0000
2026-09-16T06:30:00+00:00,4366.79980,4367.50000,4364.79980,4365.29980,283.0000
2026-09-16T06:35:00+00:00,4364.89990,4366.89990,4364.00000,4365.70020,282.0000
2026-09-16T06:40:00+00:00,4365.20020,4368.39990,4364.50000,4368.20020,193.0000
2026-09-16T06:45:00+00:00,4368.00000,4368.50000,4365.20020,4367.89990,282.0000
2026-09-16T06:50:00+00:00,4368.00000,4370.70020,4366.79980,4368.50000,377.0000
2026-09-16T06:55:00+00:00,4368.39990,4373.39990,4368.39990,4373.20020,372.0000
2026-09-16T07:00:00+00:00,4372.70020,4376.20020,4372.00000,4374.79980,564.0000
2026-09-16T07:05:00+00:00,4374.79980,4374.79980,4370.00000,4373.50000,451.0000
2026-09-16T07:10:00+00:00,4373.50000,4375.70020,4371.60010,4375.50000,393.0000
2026-09-16T07:15:00+00:00,4376.00000,4378.00000,4373.10010,4373.20020,441.0000
2026-09-16T07:20:00+00:00,4373.29980,4376.29980,4372.29980,4374.79980,194.0000
2026-09-16T07:25:00+00:00,4374.29980,4376.20020,4372.60010,4375.79980,174.0000
2026-09-16T07:30:00+00:00,4375.89990,4377.39990,4374.00000,4375.89990,261.0000
2026-09-16T07:35:00+00:00,4376.00000,4378.79980,4375.89990,4377.89990,322.0000
2026-09-16T07:40:00+00:00,4378.29980,4379.10010,4374.50000,4375.79980,468.0000
2026-09-16T07:45:00+00:00,4376.10010,4377.70020,4373.50000,4373.60010,462.0000
2026-09-16T07:50:00+00:00,4373.70020,4373.89990,4368.79980,4369.10010,565.0000
2026-09-16T07:55:00+00:00,4368.79980,4370.29980,4368.20020,4369.00000,482.0000
2026-09-16T08:00:00+00:00,4369.00000,4369.29980,4364.39990,4365.60010,937.0000
2026-09-16T08:05:00+00:00,4365.79980,4366.10010,4363.60010,4365.00000,337.0000
2026-09-16T08:10:00+00:00,4364.60010,4367.70020,4362.60010,4367.39990,613.0000
2026-09-16T08:15:00+00:00,4367.10010,4375.50000,4366.39990,4372.20020,1649.0000
2026-09-16T08:20:00+00:00,4372.10010,4377.70020,4371.00000,4374.79980,1098.0000
2026-09-16T08:25:00+00:00,4374.70020,4375.10010,4373.10010,4374.29980,361.0000
2026-09-16T08:30:00+00:00,4374.39990,4374.60010,4366.29980,4368.79980,675.0000
2026-09-16T08:35:00+00:00,4368.89990,4369.79980,4364.70020,4365.10010,476.0000
2026-09-16T08:40:00+00:00,4365.29980,4369.20020,4363.89990,4368.79980,254.0000
2026-09-16T08:45:00+00:00,4368.89990,4369.60010,4367.60010,4367.70020,316.0000
2026-09-16T08:50:00+00:00,4367.29980,4370.79980,4365.20020,4369.79980,480.0000
2026-09-16T08:55:00+00:00,4369.79980,4372.20020,4369.50000,4371.10010,376.0000
2026-09-16T09:00:00+00:00,4371.20020,4373.10010,4370.50000,4371.50000,369.0000
2026-09-16T09:05:00+00:00,4372.10010,4373.29980,4370.60010,4372.10010,178.0000
2026-09-16T09:10:00+00:00,4372.29980,4373.50000,4371.50000,4372.79980,485.0000
2026-09-16T09:15:00+00:00,4373.00000,4375.00000,4369.89990,4370.89990,623.0000
2026-09-16T09:20:00+00:00,4370.70020,4371.70020,4368.29980,4368.39990,377.0000
2026-09-16T09:25:00+00:00,4368.29980,4374.50000,4368.29980,4370.60010,1101.0000
2026-09-16T09:30:00+00:00,4370.29980,4376.29980,4370.29980,4374.79980,826.0000
2026-09-16T09:35:00+00:00,4374.89990,4377.00000,4373.79980,4376.00000,475.0000
2026-09-16T09:40:00+00:00,4375.60010,4378.39990,4374.89990,4376.10010,586.0000
2026-09-16T09:45:00+00:00,4376.10010,4376.50000,4372.20020,4375.39990,368.0000
2026-09-16T09:50:00+00:00,4376.10010,4376.89990,4375.10010,4376.39990,354.0000
2026-09-16T09:55:00+00:00,4376.39990,4380.29980,4375.79980,4379.10010,581.0000
2026-09-16T10:00:00+00:00,4379.10010,4383.00000,4379.00000,4380.00000,979.0000
2026-09-16T10:05:00+00:00,4380.20020,4386.89990,4378.60010,4386.39990,1223.0000
2026-09-16T10:10:00+00:00,4386.50000,4390.20020,4382.89990,4383.79980,2365.0000
2026-09-16T10:15:00+00:00,4384.00000,4385.50000,4382.70020,4384.20020,547.0000
2026-09-16T10:20:00+00:00,4383.89990,4387.29980,4382.79980,4383.39990,454.0000
2026-09-16T10:25:00+00:00,4383.20020,4390.00000,4382.00000,4389.29980,1135.0000
2026-09-16T10:30:00+00:00,4389.39990,4389.79980,4386.89990,4389.20020,441.0000
2026-09-16T10:35:00+00:00,4388.89990,4390.60010,4387.79980,4388.89990,350.0000
2026-09-16T10:40:00+00:00,4389.00000,4390.50000,4388.60010,4390.20020,445.0000
2026-09-16T10:45:00+00:00,4390.10010,4390.60010,4389.00000,4389.89990,315.0000
2026-09-16T10:50:00+00:00,4389.79980,4389.79980,4386.60010,4387.10010,446.0000
2026-09-16T10:55:00+00:00,4387.29980,4393.00000,4387.00000,4391.89990,598.0000
2026-09-16T11:00:00+00:00,4392.00000,4394.50000,4389.60010,4391.20020,1555.0000
2026-09-16T11:05:00+00:00,4391.20020,4392.39990,4389.60010,4390.89990,664.0000
2026-09-16T11:10:00+00:00,4390.50000,4392.10010,4387.89990,4388.10010,658.0000
2026-09-16T11:15:00+00:00,4388.00000,4389.29980,4387.39990,4388.79980,291.0000
2026-09-16T11:20:00+00:00,4388.60010,4390.10010,4387.39990,4389.60010,491.0000
2026-09-16T11:25:00+00:00,4389.60010,4394.79980,4388.89990,4391.79980,965.0000
2026-09-16T11:30:00+00:00,4391.70020,4392.60010,4389.79980,4392.00000,364.0000
2026-09-16T11:35:00+00:00,4391.79980,4394.20020,4389.70020,4391.70020,510.0000
2026-09-16T11:40:00+00:00,4391.79980,4392.10010,4388.20020,4390.89990,720.0000
2026-09-16T11:45:00+00:00,4391.29980,4391.79980,4388.00000,4388.20020,359.0000
2026-09-16T11:50:00+00:00,4388.20020,4389.10010,4386.50000,4388.39990,451.0000
2026-09-16T11:55:00+00:00,4388.50000,4389.29980,4382.70020,4382.79980,630.0000
2026-09-16T12:00:00+00:00,4382.79980,4384.89990,4381.60010,4384.10010,669.0000
2026-09-16T12:05:00+00:00,4384.00000,4389.29980,4383.29980,4389.00000,1071.0000
2026-09-16T12:10:00+00:00,4388.79980,4388.89990,4384.10010,4384.50000,734.0000
2026-09-16T12:15:00+00:00,4384.29980,4386.60010,4381.50000,4383.29980,900.0000
2026-09-16T12:20:00+00:00,4383.20020,4383.20020,4378.60010,4379.50000,1077.0000
2026-09-16T12:25:00+00:00,4379.70020,4382.20020,4379.29980,4381.00000,521.0000
2026-09-16T12:30:00+00:00,4380.70020,4383.29980,4375.00000,4382.10010,1157.0000
2026-09-16T12:35:00+00:00,4382.50000,4385.39990,4379.60010,4384.70020,658.0000
2026-09-16T12:40:00+00:00,4384.50000,4386.20020,4382.60010,4384.60010,619.0000
2026-09-16T12:45:00+00:00,4384.60010,4388.10010,4383.70020,4387.20020,657.0000
2026-09-16T12:50:00+00:00,4387.20020,4389.00000,4383.60010,4386.20020,860.0000
2026-09-16T12:55:00+00:00,4386.10010,4390.10010,4385.39990,4388.39990,902.0000
2026-09-16T13:00:00+00:00,4388.50000,4391.29980,4386.89990,4387.79980,1110.0000
2026-09-16T13:05:00+00:00,4387.70020,4391.50000,4385.00000,4389.50000,1402.0000
2026-09-16T13:10:00+00:00,4389.70020,4398.60010,4389.10010,4397.70020,1560.0000
2026-09-16T13:15:00+00:00,4398.00000,4402.89990,4394.39990,4394.60010,1701.0000
2026-09-16T13:20:00+00:00,4394.60010,4397.20020,4390.60010,4395.00000,1147.0000
2026-09-16T13:25:00+00:00,4395.20020,4396.60010,4392.79980,4393.20020,464.0000
2026-09-16T13:30:00+00:00,4393.10010,4395.50000,4389.29980,4389.79980,1278.0000
2026-09-16T13:35:00+00:00,4389.89990,4391.50000,4386.39990,4387.00000,1110.0000
2026-09-16T13:40:00+00:00,4386.89990,4388.39990,4381.60010,4381.60010,1092.0000
2026-09-16T13:45:00+00:00,4381.70020,4387.10010,4381.60010,4384.10010,976.0000
2026-09-16T13:50:00+00:00,4384.10010,4386.39990,4378.89990,4379.70020,737.0000
2026-09-16T13:55:00+00:00,4379.70020,4380.60010,4376.29980,4379.89990,1184.0000
2026-09-16T14:00:00+00:00,4379.89990,4380.70020,4370.00000,4370.20020,2310.0000
2026-09-16T14:05:00+00:00,4370.20020,4372.20020,4364.50000,4371.20020,2825.0000
2026-09-16T14:10:00+00:00,4371.20020,4381.89990,4371.00000,4381.70020,2643.0000
2026-09-16T14:15:00+00:00,4381.70020,4382.89990,4373.70020,4374.20020,1480.0000
2026-09-16T14:20:00+00:00,4374.10010,4377.50000,4372.39990,4374.39990,835.0000
2026-09-16T14:25:00+00:00,4374.60010,4379.89990,4373.60010,4379.70020,754.0000
2026-09-16T14:30:00+00:00,4379.60010,4380.20020,4376.00000,4378.50000,695.0000
2026-09-16T14:35:00+00:00,4378.39990,4384.29980,4378.39990,4382.70020,718.0000
2026-09-16T14:40:00+00:00,4382.70020,4387.89990,4381.79980,4387.39990,846.0000
2026-09-16T14:45:00+00:00,4387.50000,4392.70020,4386.89990,4392.29980,1431.0000
2026-09-16T14:50:00+00:00,4392.39990,4396.50000,4390.00000,4390.20020,1514.0000
2026-09-16T14:55:00+00:00,4390.39990,4398.10010,4389.39990,4397.29980,1076.0000
2026-09-16T15:00:00+00:00,4397.20020,4399.89990,4392.60010,4392.79980,1249.0000
2026-09-16T15:05:00+00:00,4392.89990,4400.20020,4391.89990,4399.20020,1570.0000
2026-09-16T15:10:00+00:00,4399.29980,4400.10010,4395.00000,4395.20020,1008.0000
2026-09-16T15:15:00+00:00,4395.39990,4397.29980,4393.29980,4395.79980,841.0000
2026-09-16T15:20:00+00:00,4395.29980,4395.89990,4391.60010,4391.89990,641.0000
2026-09-16T15:25:00+00:00,4392.10010,4392.10010,4385.89990,4386.10010,1086.0000
2026-09-16T15:30:00+00:00,4386.20020,4390.60010,4384.50000,4389.79980,1043.0000
2026-09-16T15:35:00+00:00,4390.00000,4394.60010,4389.10010,4392.10010,635.0000
2026-09-16T15:40:00+00:00,4392.29980,4393.10010,4391.39990,4392.50000,424.0000
2026-09-16T15:45:00+00:00,4392.60010,4405.20020,4392.00000,4395.00000,3159.0000
2026-09-16T15:50:00+00:00,4395.50000,4397.39990,4392.20020,4393.70020,759.0000
2026-09-16T15:55:00+00:00,4393.70020,4395.70020,4392.00000,4394.70020,447.0000
2026-09-16T16:00:00+00:00,4394.89990,4395.00000,4389.89990,4389.89990,598.0000
2026-09-16T16:05:00+00:00,4390.10010,4391.60010,4388.50000,4391.50000,337.0000
2026-09-16T16:10:00+00:00,4391.79980,4393.20020,4390.20020,4392.00000,445.0000
2026-09-16T16:15:00+00:00,4392.00000,4394.10010,4390.89990,4391.50000,364.0000
2026-09-16T16:20:00+00:00,4391.39990,4392.00000,4388.60010,4389.50000,343.0000
2026-09-16T16:25:00+00:00,4389.50000,4390.20020,4386.10010,4387.79980,741.0000
2026-09-16T16:30:00+00:00,4387.70020,4390.29980,4386.79980,4389.89990,592.0000
2026-09-16T16:35:00+00:00,4389.60010,4390.29980,4387.20020,4388.89990,535.0000
2026-09-16T16:40:00+00:00,4388.89990,4390.20020,4388.70020,4389.39990,266.0000
2026-09-16T16:45:00+00:00,4389.29980,4390.60010,4388.10010,4388.10010,229.0000
2026-09-16T16:50:00+00:00,4387.70020,4387.79980,4385.29980,4387.60010,964.0000
2026-09-16T16:55:00+00:00,4387.50000,4389.29980,4387.29980,4388.50000,306.0000
2026-09-16T17:00:00+00:00,4388.29980,4388.50000,4384.79980,4386.70020,916.0000
2026-09-16T17:05:00+00:00,4386.60010,4387.50000,4384.70020,4385.10010,379.0000
2026-09-16T17:10:00+00:00,4385.10010,4385.50000,4383.39990,4385.10010,377.0000
2026-09-16T17:15:00+00:00,4385.10010,4386.70020,4384.60010,4386.20020,775.0000
2026-09-16T17:20:00+00:00,4386.29980,4386.60010,4383.89990,4385.89990,468.0000
2026-09-16T17:25:00+00:00,4386.00000,4389.00000,4385.70020,4388.20020,1056.0000
2026-09-16T17:30:00+00:00,4388.39990,4391.60010,4387.60010,4390.50000,680.0000
2026-09-16T17:35:00+00:00,4390.50000,4390.89990,4385.00000,4385.39990,767.0000
2026-09-16T17:40:00+00:00,4385.29980,4386.79980,4385.00000,4385.29980,388.0000
2026-09-16T17:45:00+00:00,4385.79980,4386.89990,4384.10010,4386.10010,554.0000
2026-09-16T17:50:00+00:00,4386.10010,4391.89990,4385.79980,4389.89990,1472.0000
2026-09-16T17:55:00+00:00,4389.79980,4413.10010,4389.39990,4399.00000,1403.0000
2026-09-16T18:00:00+00:00,4404.20020,4412.00000,4355.20020,4366.50000,10866.0000
2026-09-16T18:05:00+00:00,4366.39990,4387.50000,4366.39990,4372.89990,3819.0000
2026-09-16T18:10:00+00:00,4373.39990,4376.10010,4349.10010,4352.00000,4622.0000
2026-09-16T18:15:00+00:00,4351.79980,4363.70020,4347.89990,4360.29980,3591.0000
2026-09-16T18:20:00+00:00,4359.79980,4365.79980,4355.10010,4356.39990,1883.0000
2026-09-16T18:25:00+00:00,4356.60010,4364.50000,4353.50000,4363.89990,1376.0000
2026-09-16T18:30:00+00:00,4363.50000,4365.00000,4321.10010,4325.39990,7157.0000
2026-09-16T18:35:00+00:00,4325.10010,4332.70020,4298.89990,4331.89990,8268.0000
2026-09-16T18:40:00+00:00,4331.39990,4351.79980,4325.79980,4341.60010,4725.0000
2026-09-16T18:45:00+00:00,4341.60010,4347.79980,4331.50000,4334.20020,3013.0000
2026-09-16T18:50:00+00:00,4334.20020,4337.39990,4304.00000,4306.39990,4417.0000
2026-09-16T18:55:00+00:00,4306.39990,4313.29980,4296.20020,4301.29980,4191.0000
2026-09-16T19:00:00+00:00,4301.00000,4326.89990,4300.00000,4313.29980,4344.0000
2026-09-16T19:05:00+00:00,4313.00000,4313.29980,4288.00000,4289.79980,6211.0000
2026-09-16T19:10:00+00:00,4289.70020,4291.89990,4273.29980,4291.70020,6239.0000
2026-09-16T19:15:00+00:00,4291.79980,4296.10010,4279.29980,4286.89990,2504.0000
2026-09-16T19:20:00+00:00,4287.10010,4291.79980,4283.20020,4291.60010,1394.0000
2026-09-16T19:25:00+00:00,4291.60010,4296.79980,4278.70020,4292.60010,1687.0000
2026-09-16T19:30:00+00:00,4292.89990,4302.79980,4292.50000,4302.60010,1876.0000
2026-09-16T19:35:00+00:00,4302.70020,4305.10010,4295.70020,4302.79980,1194.0000
2026-09-16T19:40:00+00:00,4302.50000,4310.20020,4300.39990,4304.10010,1271.0000
2026-09-16T19:45:00+00:00,4303.50000,4310.89990,4303.50000,4308.50000,1104.0000
2026-09-16T19:50:00+00:00,4308.89990,4315.50000,4306.70020,4312.29980,1631.0000
2026-09-16T19:55:00+00:00,4312.39990,4313.20020,4307.70020,4311.39990,969.0000
2026-09-16T20:00:00+00:00,4311.20020,4312.89990,4306.70020,4309.79980,781.0000
2026-09-16T20:05:00+00:00,4309.50000,4311.29980,4305.10010,4306.70020,421.0000
2026-09-16T20:10:00+00:00,4306.89990,4307.10010,4302.89990,4304.29980,469.0000
2026-09-16T20:15:00+00:00,4304.50000,4307.60010,4303.00000,4305.79980,170.0000
2026-09-16T20:20:00+00:00,4305.79980,4305.79980,4300.10010,4300.29980,261.0000
2026-09-16T20:25:00+00:00,4300.29980,4300.79980,4296.89990,4299.79980,463.0000
2026-09-16T20:30:00+00:00,4299.70020,4301.60010,4297.60010,4301.00000,181.0000
2026-09-16T20:35:00+00:00,4300.79980,4304.10010,4298.79980,4304.10010,317.0000
2026-09-16T20:40:00+00:00,4303.79980,4304.70020,4300.89990,4301.60010,170.0000
2026-09-16T20:45:00+00:00,4301.79980,4305.50000,4301.70020,4304.70020,201.0000
2026-09-16T20:50:00+00:00,4304.70020,4304.89990,4299.89990,4301.60010,161.0000
2026-09-16T20:55:00+00:00,4301.50000,4303.39990,4301.29980,4302.50000,126.0000
2026-09-16T22:00:00+00:00,4301.39990,4302.70020,4296.60010,4297.50000,0.0000
2026-09-16T22:05:00+00:00,4297.70020,4299.79980,4296.29980,4298.29980,271.0000
2026-09-16T22:10:00+00:00,4298.10010,4299.00000,4296.00000,4296.10010,255.0000
2026-09-16T22:15:00+00:00,4296.29980,4296.79980,4294.50000,4296.70020,272.0000
2026-09-16T22:20:00+00:00,4296.39990,4299.20020,4296.39990,4298.29980,171.0000
2026-09-16T22:25:00+00:00,4298.10010,4300.60010,4298.10010,4299.10010,260.0000
2026-09-16T22:30:00+00:00,4299.29980,4307.39990,4299.00000,4306.89990,615.0000
2026-09-16T22:35:00+00:00,4306.89990,4314.00000,4306.20020,4312.60010,1152.0000
2026-09-16T22:40:00+00:00,4312.70020,4312.79980,4310.39990,4310.70020,101.0000
2026-09-16T22:45:00+00:00,4311.20020,4311.70020,4307.79980,4308.00000,149.0000
2026-09-16T22:50:00+00:00,4307.79980,4307.79980,4303.20020,4305.29980,454.0000
2026-09-16T22:55:00+00:00,4305.39990,4309.70020,4304.00000,4304.70020,498.0000
2026-09-16T23:00:00+00:00,4304.00000,4306.10010,4300.20020,4303.29980,832.0000
2026-09-16T23:05:00+00:00,4303.50000,4303.70020,4296.79980,4302.50000,766.0000
2026-09-16T23:10:00+00:00,4302.50000,4305.00000,4299.00000,4300.39990,507.0000
2026-09-16T23:15:00+00:00,4300.79980,4308.60010,4300.00000,4306.29980,402.0000
2026-09-16T23:20:00+00:00,4307.10010,4311.10010,4307.10010,4308.50000,316.0000
2026-09-16T23:25:00+00:00,4309.29980,4310.10010,4307.50000,4309.79980,206.0000
2026-09-16T23:30:00+00:00,4309.89990,4311.29980,4309.10010,4309.29980,183.0000
2026-09-16T23:35:00+00:00,4308.70020,4309.50000,4306.39990,4309.10010,168.0000
2026-09-16T23:40:00+00:00,4308.70020,4313.00000,4307.00000,4311.50000,704.0000
2026-09-16T23:45:00+00:00,4311.70020,4313.60010,4309.39990,4311.60010,419.0000
2026-09-16T23:50:00+00:00,4311.70020,4313.70020,4309.29980,4310.10010,343.0000
2026-09-16T23:55:00+00:00,4310.10010,4311.60010,4309.50000,4309.70020,176.0000
2026-09-17T00:00:00+00:00,4309.79980,4310.39990,4304.39990,4307.39990,499.0000
2026-09-17T00:05:00+00:00,4307.89990,4315.79980,4307.60010,4315.79980,557.0000
2026-09-17T00:10:00+00:00,4316.00000,4324.79980,4316.00000,4322.79980,1040.0000
2026-09-17T00:15:00+00:00,4322.60010,4324.50000,4319.50000,4322.79980,488.0000
2026-09-17T00:20:00+00:00,4322.50000,4327.70020,4322.39990,4324.29980,799.0000
2026-09-17T00:25:00+00:00,4324.50000,4325.00000,4321.50000,4322.79980,480.0000
2026-09-17T00:30:00+00:00,4322.50000,4327.10010,4320.39990,4322.89990,341.0000
2026-09-17T00:35:00+00:00,4323.29980,4327.20020,4321.89990,4325.89990,294.0000
2026-09-17T00:40:00+00:00,4326.10010,4330.39990,4325.60010,4327.00000,572.0000
2026-09-17T00:45:00+00:00,4327.00000,4327.39990,4322.50000,4322.79980,207.0000
2026-09-17T00:50:00+00:00,4323.00000,4323.89990,4317.00000,4318.00000,466.0000
2026-09-17T00:55:00+00:00,4318.50000,4320.50000,4315.20020,4318.50000,932.0000
2026-09-17T01:00:00+00:00,4318.39990,4336.79980,4318.39990,4335.39990,2666.0000
2026-09-17T01:05:00+00:00,4335.20020,4348.70020,4334.89990,4341.60010,1600.0000
2026-09-17T01:10:00+00:00,4341.29980,4341.39990,4332.89990,4337.10010,996.0000
2026-09-17T01:15:00+00:00,4336.70020,4345.00000,4336.29980,4340.79980,598.0000
2026-09-17T01:20:00+00:00,4340.50000,4348.70020,4339.60010,4348.00000,524.0000
2026-09-17T01:25:00+00:00,4348.29980,4350.89990,4346.10010,4348.10010,826.0000
2026-09-17T01:30:00+00:00,4347.39990,4353.50000,4346.60010,4352.00000,613.0000
2026-09-17T01:35:00+00:00,4352.00000,4356.20020,4348.79980,4349.89990,995.0000
2026-09-17T01:40:00+00:00,4350.00000,4350.89990,4346.89990,4347.10010,742.0000
2026-09-17T01:45:00+00:00,4347.00000,4349.79980,4344.50000,4349.00000,709.0000
2026-09-17T01:50:00+00:00,4348.50000,4349.20020,4342.89990,4343.29980,322.0000
2026-09-17T01:55:00+00:00,4343.20020,4343.79980,4335.79980,4337.89990,635.0000
2026-09-17T02:00:00+00:00,4338.20020,4338.89990,4335.50000,4336.60010,483.0000
2026-09-17T02:05:00+00:00,4336.20020,4337.10010,4323.00000,4325.00000,1397.0000
2026-09-17T02:10:00+00:00,4325.00000,4327.39990,4319.00000,4325.50000,840.0000
2026-09-17T02:15:00+00:00,4325.70020,4330.70020,4325.29980,4330.39990,547.0000
2026-09-17T02:20:00+00:00,4330.50000,4331.29980,4328.20020,4328.70020,326.0000
2026-09-17T02:25:00+00:00,4328.79980,4330.60010,4327.79980,4330.10010,237.0000
2026-09-17T02:30:00+00:00,4330.10010,4331.10010,4323.20020,4323.79980,584.0000
2026-09-17T02:35:00+00:00,4324.29980,4325.00000,4321.39990,4321.89990,476.0000
2026-09-17T02:40:00+00:00,4321.50000,4329.00000,4319.70020,4326.60010,520.0000
2026-09-17T02:45:00+00:00,4326.70020,4327.70020,4320.70020,4321.89990,396.0000
2026-09-17T02:50:00+00:00,4321.60010,4322.00000,4312.60010,4314.39990,717.0000
2026-09-17T02:55:00+00:00,4314.10010,4318.89990,4312.00000,4315.20020,535.0000
2026-09-17T03:00:00+00:00,4315.20020,4321.00000,4315.20020,4320.60010,480.0000
2026-09-17T03:05:00+00:00,4320.50000,4324.50000,4319.10010,4322.89990,267.0000
2026-09-17T03:10:00+00:00,4322.89990,4324.00000,4320.10010,4322.89990,263.0000
2026-09-17T03:15:00+00:00,4323.10010,4325.00000,4321.39990,4324.50000,178.0000
2026-09-17T03:20:00+00:00,4324.60010,4324.60010,4321.00000,4323.60010,115.0000
2026-09-17T03:25:00+00:00,4324.00000,4325.00000,4323.00000,4323.79980,129.0000
2026-09-17T03:30:00+00:00,4323.79980,4330.29980,4323.79980,4328.20020,475.0000
2026-09-17T03:35:00+00:00,4328.60010,4331.79980,4327.89990,4330.29980,300.0000
2026-09-17T03:40:00+00:00,4330.70020,4334.60010,4329.89990,4334.10010,447.0000
2026-09-17T03:45:00+00:00,4334.50000,4335.10010,4332.20020,4334.10010,405.0000
2026-09-17T03:50:00+00:00,4334.00000,4335.20020,4332.70020,4335.00000,203.0000
2026-09-17T03:55:00+00:00,4334.79980,4336.00000,4334.00000,4335.39990,212.0000
2026-09-17T04:00:00+00:00,4334.20020,4334.60010,4332.39990,4332.79980,183.0000
2026-09-17T04:05:00+00:00,4332.60010,4335.10010,4331.70020,4334.79980,261.0000
2026-09-17T04:10:00+00:00,4334.70020,4334.70020,4331.20020,4332.20020,163.0000
2026-09-17T04:15:00+00:00,4332.39990,4332.60010,4330.89990,4331.60010,125.0000
2026-09-17T04:20:00+00:00,4331.50000,4334.10010,4330.20020,4332.10010,182.0000
2026-09-17T04:25:00+00:00,4332.10010,4332.60010,4329.39990,4330.00000,206.0000
2026-09-17T04:30:00+00:00,4329.60010,4331.50000,4328.70020,4330.00000,161.0000
2026-09-17T04:35:00+00:00,4330.20020,4335.00000,4330.20020,4333.50000,233.0000
2026-09-17T04:40:00+00:00,4333.60010,4335.00000,4331.60010,4334.00000,252.0000
2026-09-17T04:45:00+00:00,4333.89990,4337.50000,4333.89990,4335.70020,324.0000
2026-09-17T04:50:00+00:00,4336.00000,4337.29980,4334.00000,4335.89990,413.0000
2026-09-17T04:55:00+00:00,4335.89990,4337.10010,4334.39990,4336.10010,153.0000
2026-09-17T05:00:00+00:00,4335.60010,4337.60010,4335.29980,4336.39990,162.0000
2026-09-17T05:05:00+00:00,4336.10010,4336.70020,4335.39990,4335.89990,94.0000
2026-09-17T05:10:00+00:00,4335.89990,4335.89990,4332.60010,4332.79980,143.0000
2026-09-17T05:15:00+00:00,4332.39990,4332.39990,4327.00000,4327.10010,376.0000
2026-09-17T05:20:00+00:00,4326.60010,4326.60010,4323.70020,4325.50000,323.0000
2026-09-17T05:25:00+00:00,4325.60010,4326.50000,4324.60010,4324.79980,168.0000
2026-09-17T05:30:00+00:00,4324.89990,4335.29980,4324.60010,4333.10010,537.0000
2026-09-17T05:35:00+00:00,4333.50000,4335.60010,4330.89990,4335.20020,284.0000
2026-09-17T05:40:00+00:00,4335.50000,4336.50000,4332.79980,4335.50000,182.0000
2026-09-17T05:45:00+00:00,4335.60010,4337.60010,4334.29980,4336.00000,246.0000
2026-09-17T05:50:00+00:00,4336.60010,4341.89990,4336.60010,4341.39990,373.0000
2026-09-17T05:55:00+00:00,4341.29980,4343.70020,4340.39990,4342.60010,371.0000
2026-09-17T06:00:00+00:00,4342.50000,4347.10010,4342.29980,4344.50000,810.0000
2026-09-17T06:05:00+00:00,4344.89990,4349.20020,4344.20020,4348.70020,548.0000
2026-09-17T06:10:00+00:00,4348.39990,4351.00000,4347.29980,4350.50000,460.0000
2026-09-17T06:15:00+00:00,4350.89990,4351.00000,4343.20020,4346.10010,479.0000
2026-09-17T06:20:00+00:00,4345.60010,4347.00000,4344.10010,4345.70020,263.0000
2026-09-17T06:25:00+00:00,4346.00000,4351.60010,4345.50000,4350.70020,288.0000
2026-09-17T06:30:00+00:00,4350.39990,4353.79980,4349.79980,4351.39990,482.0000
2026-09-17T06:35:00+00:00,4351.20020,4351.50000,4344.29980,4344.89990,396.0000
2026-09-17T06:40:00+00:00,4344.60010,4348.29980,4344.60010,4347.79980,306.0000
2026-09-17T06:45:00+00:00,4348.00000,4350.29980,4345.70020,4349.10010,458.0000
2026-09-17T06:50:00+00:00,4348.79980,4349.79980,4345.29980,4348.60010,385.0000
2026-09-17T06:55:00+00:00,4349.00000,4350.10010,4347.39990,4349.50000,237.0000
2026-09-17T07:00:00+00:00,4349.39990,4352.39990,4347.79980,4350.50000,465.0000
2026-09-17T07:05:00+00:00,4350.50000,4354.89990,4350.50000,4353.60010,440.0000
2026-09-17T07:10:00+00:00,4354.00000,4362.10010,4354.00000,4361.60010,1326.0000
2026-09-17T07:15:00+00:00,4361.79980,4368.29980,4361.60010,4362.70020,1165.0000
2026-09-17T07:20:00+00:00,4363.00000,4364.29980,4358.00000,4363.79980,726.0000
2026-09-17T07:25:00+00:00,4363.89990,4368.79980,4363.10010,4368.20020,757.0000
2026-09-17T07:30:00+00:00,4368.29980,4373.60010,4368.29980,4371.60010,792.0000
2026-09-17T07:35:00+00:00,4371.29980,4373.29980,4368.50000,4373.29980,613.0000
2026-09-17T07:40:00+00:00,4373.20020,4373.89990,4368.00000,4370.39990,602.0000
2026-09-17T07:45:00+00:00,4370.50000,4374.39990,4368.79980,4371.50000,976.0000
2026-09-17T07:50:00+00:00,4371.10010,4371.20020,4366.39990,4366.60010,759.0000
2026-09-17T07:55:00+00:00,4366.50000,4367.20020,4362.70020,4366.10010,527.0000
2026-09-17T08:00:00+00:00,4366.39990,4367.20020,4364.70020,4366.29980,284.0000
2026-09-17T08:05:00+00:00,4366.00000,4366.89990,4365.20020,4365.89990,271.0000
2026-09-17T08:10:00+00:00,4365.60010,4366.39990,4356.89990,4359.10010,1170.0000
2026-09-17T08:15:00+00:00,4359.10010,4361.10010,4355.10010,4355.89990,473.0000
2026-09-17T08:20:00+00:00,4356.10010,4357.00000,4353.70020,4355.39990,806.0000
2026-09-17T08:25:00+00:00,4355.50000,4356.60010,4354.10010,4355.10010,476.0000
2026-09-17T08:30:00+00:00,4355.20020,4356.70020,4351.29980,4356.70020,593.0000
2026-09-17T08:35:00+00:00,4356.89990,4359.00000,4355.50000,4358.10010,444.0000
2026-09-17T08:40:00+00:00,4358.00000,4358.50000,4352.50000,4353.00000,349.0000
2026-09-17T08:45:00+00:00,4352.79980,4352.79980,4349.20020,4351.00000,387.0000
2026-09-17T08:50:00+00:00,4350.89990,4353.20020,4349.50000,4352.20020,278.0000
2026-09-17T08:55:00+00:00,4352.00000,4352.60010,4349.70020,4350.70020,350.0000
2026-09-17T09:00:00+00:00,4351.29980,4354.79980,4351.20020,4353.60010,397.0000
2026-09-17T09:05:00+00:00,4353.89990,4356.29980,4353.39990,4355.89990,280.0000
2026-09-17T09:10:00+00:00,4355.89990,4358.50000,4354.39990,4355.10010,601.0000
2026-09-17T09:15:00+00:00,4354.89990,4355.60010,4350.60010,4350.89990,493.0000
2026-09-17T09:20:00+00:00,4350.50000,4352.50000,4349.60010,4350.70020,297.0000
2026-09-17T09:25:00+00:00,4350.29980,4351.39990,4344.79980,4345.39990,618.0000
2026-09-17T09:30:00+00:00,4345.29980,4347.89990,4343.89990,4346.70020,672.0000
2026-09-17T09:35:00+00:00,4346.00000,4349.00000,4345.70020,4348.10010,366.0000
2026-09-17T09:40:00+00:00,4348.00000,4350.20020,4347.70020,4348.50000,386.0000
2026-09-17T09:45:00+00:00,4348.10010,4348.70020,4345.70020,4348.70020,200.0000
2026-09-17T09:50:00+00:00,4348.70020,4350.39990,4348.00000,4350.00000,310.0000
2026-09-17T09:55:00+00:00,4350.00000,4350.10010,4344.60010,4345.10010,286.0000
2026-09-17T10:00:00+00:00,4345.29980,4347.60010,4343.79980,4346.79980,240.0000
2026-09-17T10:05:00+00:00,4346.79980,4350.70020,4346.50000,4348.00000,333.0000
2026-09-17T10:10:00+00:00,4348.39990,4352.79980,4348.39990,4349.20020,232.0000
2026-09-17T10:15:00+00:00,4349.20020,4349.79980,4345.89990,4345.89990,207.0000
2026-09-17T10:20:00+00:00,4346.29980,4352.39990,4346.29980,4352.29980,261.0000
2026-09-17T10:25:00+00:00,4352.50000,4355.10010,4352.20020,4352.79980,290.0000
2026-09-17T10:30:00+00:00,4353.00000,4354.70020,4351.60010,4354.10010,332.0000
2026-09-17T10:35:00+00:00,4354.20020,4358.10010,4354.20020,4356.00000,492.0000
2026-09-17T10:40:00+00:00,4356.10010,4357.00000,4354.20020,4356.00000,153.0000
2026-09-17T10:45:00+00:00,4355.70020,4358.29980,4355.60010,4357.70020,133.0000
2026-09-17T10:50:00+00:00,4358.29980,4363.10010,4358.10010,4361.39990,625.0000
2026-09-17T10:55:00+00:00,4361.60010,4364.70020,4360.79980,4363.70020,469.0000
2026-09-17T11:00:00+00:00,4363.89990,4370.29980,4363.20020,4370.00000,1083.0000
2026-09-17T11:05:00+00:00,4369.79980,4376.50000,4368.60010,4375.70020,1499.0000
2026-09-17T11:10:00+00:00,4375.70020,4379.70020,4370.20020,4371.89990,1252.0000
2026-09-17T11:15:00+00:00,4371.89990,4374.50000,4366.39990,4366.39990,785.0000
2026-09-17T11:20:00+00:00,4366.50000,4372.89990,4366.39990,4368.79980,664.0000
2026-09-17T11:25:00+00:00,4368.39990,4369.00000,4366.00000,4368.00000,355.0000
2026-09-17T11:30:00+00:00,4368.10010,4368.50000,4364.70020,4365.89990,503.0000
2026-09-17T11:35:00+00:00,4365.79980,4367.20020,4363.60010,4365.50000,434.0000
2026-09-17T11:40:00+00:00,4365.29980,4366.79980,4362.89990,4364.60010,460.0000
2026-09-17T11:45:00+00:00,4364.50000,4372.50000,4364.20020,4372.39990,671.0000
2026-09-17T11:50:00+00:00,4372.20020,4381.70020,4371.10010,4380.20020,984.0000
2026-09-17T11:55:00+00:00,4380.50000,4393.50000,4379.50000,4390.00000,3079.0000
2026-09-17T12:00:00+00:00,4390.00000,4393.89990,4383.79980,4385.89990,2929.0000
2026-09-17T12:05:00+00:00,4386.29980,4394.70020,4385.29980,4393.20020,1511.0000
2026-09-17T12:10:00+00:00,4393.39990,4395.60010,4391.50000,4394.89990,1181.0000
2026-09-17T12:15:00+00:00,4395.10010,4406.70020,4393.60010,4405.89990,2223.0000
2026-09-17T12:20:00+00:00,4406.10010,4415.20020,4403.50000,4409.10010,3265.0000
2026-09-17T12:25:00+00:00,4409.50000,4423.29980,4407.60010,4421.29980,2529.0000
2026-09-17T12:30:00+00:00,4421.00000,4421.00000,4408.39990,4410.79980,2437.0000
2026-09-17T12:35:00+00:00,4410.89990,4412.10010,4404.20020,4410.29980,1394.0000
2026-09-17T12:40:00+00:00,4410.20020,4410.89990,4400.70020,4400.89990,1309.0000
2026-09-17T12:45:00+00:00,4401.10010,4407.70020,4399.39990,4406.89990,1330.0000
2026-09-17T12:50:00+00:00,4407.00000,4415.29980,4407.00000,4414.50000,1248.0000
2026-09-17T12:55:00+00:00,4414.50000,4414.70020,4410.79980,4413.79980,1035.0000
2026-09-17T13:00:00+00:00,4413.79980,4415.00000,4405.60010,4406.50000,1981.0000
2026-09-17T13:05:00+00:00,4406.39990,4412.00000,4404.50000,4406.60010,911.0000
2026-09-17T13:10:00+00:00,4406.70020,4406.89990,4400.60010,4406.50000,847.0000
2026-09-17T13:15:00+00:00,4406.79980,4415.60010,4406.20020,4413.00000,1104.0000
2026-09-17T13:20:00+00:00,4413.20020,4415.79980,4406.50000,4407.50000,790.0000
2026-09-17T13:25:00+00:00,4407.50000,4409.00000,4405.50000,4407.39990,385.0000
2026-09-17T13:30:00+00:00,4407.60010,4412.60010,4403.60010,4412.50000,1749.0000
2026-09-17T13:35:00+00:00,4412.60010,4415.00000,4401.79980,4401.89990,1627.0000
2026-09-17T13:40:00+00:00,4401.89990,4403.89990,4396.79980,4398.89990,1783.0000
2026-09-17T13:45:00+00:00,4398.79980,4409.79980,4395.89990,4408.10010,1648.0000
2026-09-17T13:50:00+00:00,4408.00000,4412.50000,4406.70020,4407.10010,1423.0000
2026-09-17T13:55:00+00:00,4407.10010,4410.60010,4405.00000,4407.39990,890.0000
2026-09-17T14:00:00+00:00,4407.29980,4411.00000,4405.20020,4409.89990,1033.0000
2026-09-17T14:05:00+00:00,4409.89990,4420.89990,4407.20020,4417.89990,2039.0000
2026-09-17T14:10:00+00:00,4417.89990,4420.89990,4409.50000,4412.39990,1266.0000
2026-09-17T14:15:00+00:00,4412.70020,4413.00000,4406.60010,4409.79980,794.0000
2026-09-17T14:20:00+00:00,4410.00000,4411.20020,4406.10010,4410.50000,650.0000
2026-09-17T14:25:00+00:00,4410.50000,4413.60010,4407.10010,4407.50000,752.0000
2026-09-17T14:30:00+00:00,4407.89990,4408.50000,4402.39990,4406.89990,1159.0000
2026-09-17T14:35:00+00:00,4407.79980,4408.50000,4401.60010,4401.89990,822.0000
2026-09-17T14:40:00+00:00,4401.70020,4405.29980,4400.20020,4401.70020,948.0000
2026-09-17T14:45:00+00:00,4401.89990,4405.39990,4398.79980,4401.79980,1304.0000
2026-09-17T14:50:00+00:00,4402.20020,4402.79980,4396.29980,4397.70020,953.0000
2026-09-17T14:55:00+00:00,4397.70020,4398.00000,4392.20020,4394.50000,991.0000
2026-09-17T15:00:00+00:00,4394.60010,4397.79980,4391.79980,4396.10010,954.0000
2026-09-17T15:05:00+00:00,4396.29980,4399.60010,4395.89990,4396.89990,481.0000
2026-09-17T15:10:00+00:00,4396.60010,4402.70020,4393.89990,4402.39990,772.0000
2026-09-17T15:15:00+00:00,4402.29980,4405.20020,4400.60010,4403.70020,726.0000
2026-09-17T15:20:00+00:00,4403.79980,4403.89990,4399.39990,4400.29980,646.0000
2026-09-17T15:25:00+00:00,4400.10010,4403.39990,4397.00000,4398.29980,599.0000
2026-09-17T15:30:00+00:00,4399.10010,4400.10010,4396.00000,4399.50000,617.0000
2026-09-17T15:35:00+00:00,4399.29980,4404.10010,4398.29980,4402.79980,631.0000
2026-09-17T15:40:00+00:00,4402.89990,4407.39990,4402.60010,4405.89990,655.0000
2026-09-17T15:45:00+00:00,4405.89990,4407.89990,4403.60010,4405.70020,917.0000
2026-09-17T15:50:00+00:00,4405.50000,4407.70020,4404.10010,4406.89990,499.0000
2026-09-17T15:55:00+00:00,4406.29980,4410.20020,4405.29980,4409.79980,513.0000
2026-09-17T16:00:00+00:00,4410.10010,4412.70020,4408.70020,4409.70020,910.0000
2026-09-17T16:05:00+00:00,4409.79980,4411.39990,4407.29980,4409.50000,702.0000
2026-09-17T16:10:00+00:00,4410.00000,4410.20020,4406.79980,4407.60010,725.0000
2026-09-17T16:15:00+00:00,4407.79980,4408.60010,4405.50000,4406.89990,443.0000
2026-09-17T16:20:00+00:00,4406.89990,4408.10010,4405.60010,4407.50000,403.0000
2026-09-17T16:25:00+00:00,4407.39990,4408.00000,4403.29980,4407.29980,623.0000
2026-09-17T16:30:00+00:00,4407.20020,4407.39990,4397.10010,4398.29980,967.0000
2026-09-17T16:35:00+00:00,4398.50000,4400.70020,4397.50000,4399.70020,650.0000
2026-09-17T16:40:00+00:00,4399.79980,4400.20020,4397.20020,4399.70020,429.0000
2026-09-17T16:45:00+00:00,4399.60010,4401.29980,4397.50000,4398.00000,410.0000
2026-09-17T16:50:00+00:00,4397.50000,4400.70020,4395.70020,4399.79980,480.0000
2026-09-17T16:55:00+00:00,4399.89990,4402.10010,4395.29980,4401.89990,1413.0000
2026-09-17T17:00:00+00:00,4402.10010,4404.39990,4398.20020,4402.29980,852.0000
2026-09-17T17:05:00+00:00,4402.39990,4405.70020,4401.79980,4403.70020,466.0000
2026-09-17T17:10:00+00:00,4403.50000,4404.00000,4400.50000,4401.70020,301.0000
2026-09-17T17:15:00+00:00,4401.89990,4403.00000,4399.10010,4400.20020,449.0000
2026-09-17T17:20:00+00:00,4400.20020,4401.79980,4397.60010,4399.89990,523.0000
2026-09-17T17:25:00+00:00,4399.89990,4402.39990,4398.79980,4400.20020,1378.0000
2026-09-17T17:30:00+00:00,4400.29980,4402.20020,4400.10010,4402.00000,311.0000
2026-09-17T17:35:00+00:00,4401.89990,4403.70020,4397.29980,4397.70020,431.0000
2026-09-17T17:40:00+00:00,4397.70020,4400.70020,4397.70020,4400.20020,207.0000
2026-09-17T17:45:00+00:00,4400.20020,4400.70020,4398.60010,4399.10010,163.0000
2026-09-17T17:50:00+00:00,4399.20020,4401.29980,4399.20020,4399.89990,176.0000
2026-09-17T17:55:00+00:00,4400.00000,4401.39990,4399.89990,4400.29980,188.0000
2026-09-17T18:00:00+00:00,4401.20020,4403.00000,4400.10010,4403.00000,164.0000
2026-09-17T18:05:00+00:00,4402.89990,4404.39990,4400.60010,4402.10010,317.0000
2026-09-17T18:10:00+00:00,4401.89990,4405.50000,4401.20020,4404.70020,224.0000
2026-09-17T18:15:00+00:00,4404.79980,4405.60010,4400.39990,4400.79980,267.0000
2026-09-17T18:20:00+00:00,4400.79980,4401.29980,4396.89990,4397.70020,351.0000
2026-09-17T18:25:00+00:00,4397.70020,4399.00000,4395.79980,4396.00000,291.0000
2026-09-17T18:30:00+00:00,4396.29980,4396.50000,4389.29980,4389.29980,822.0000
2026-09-17T18:35:00+00:00,4389.39990,4391.70020,4388.10010,4391.20020,660.0000
2026-09-17T18:40:00+00:00,4390.89990,4392.70020,4390.29980,4391.50000,333.0000
2026-09-17T18:45:00+00:00,4391.60010,4392.20020,4389.70020,4391.50000,472.0000
2026-09-17T18:50:00+00:00,4391.39990,4391.60010,4388.70020,4390.00000,270.0000
2026-09-17T18:55:00+00:00,4390.29980,4391.39990,4389.50000,4390.89990,243.0000
2026-09-17T19:00:00+00:00,4391.20020,4395.10010,4390.70020,4393.70020,348.0000
2026-09-17T19:05:00+00:00,4393.79980,4395.39990,4393.00000,4394.10010,253.0000
2026-09-17T19:10:00+00:00,4394.10010,4395.20020,4392.79980,4394.10010,178.0000
2026-09-17T19:15:00+00:00,4394.00000,4394.20020,4388.29980,4391.20020,398.0000
2026-09-17T19:20:00+00:00,4391.39990,4391.39990,4386.60010,4386.79980,434.0000
2026-09-17T19:25:00+00:00,4386.89990,4389.10010,4382.39990,4382.39990,708.0000
2026-09-17T19:30:00+00:00,4382.50000,4386.00000,4381.60010,4383.10010,362.0000
2026-09-17T19:35:00+00:00,4382.89990,4384.00000,4382.10010,4383.60010,205.0000
2026-09-17T19:40:00+00:00,4383.50000,4385.00000,4383.50000,4384.60010,225.0000
2026-09-17T19:45:00+00:00,4384.50000,4386.79980,4383.20020,4384.20020,478.0000
2026-09-17T19:50:00+00:00,4384.70020,4388.79980,4384.20020,4387.39990,463.0000
2026-09-17T19:55:00+00:00,4387.20020,4388.29980,4385.10010,4385.20020,447.0000
2026-09-17T20:00:00+00:00,4385.60010,4386.20020,4383.39990,4383.60010,313.0000
2026-09-17T20:05:00+00:00,4383.60010,4385.20020,4382.50000,4384.29980,157.0000
2026-09-17T20:10:00+00:00,4384.20020,4384.20020,4381.70020,4382.29980,89.0000
2026-09-17T20:15:00+00:00,4382.60010,4384.29980,4381.39990,4382.20020,160.0000
2026-09-17T20:20:00+00:00,4382.70020,4384.10010,4382.00000,4383.39990,75.0000
2026-09-17T20:25:00+00:00,4383.20020,4384.70020,4381.50000,4381.70020,141.0000
2026-09-17T20:30:00+00:00,4381.79980,4382.29980,4380.50000,4381.00000,181.0000
2026-09-17T20:35:00+00:00,4381.00000,4382.10010,4380.29980,4381.79980,181.0000
2026-09-17T20:40:00+00:00,4381.70020,4383.39990,4380.70020,4380.89990,167.0000
2026-09-17T20:45:00+00:00,4380.70020,4382.10010,4380.39990,4381.79980,151.0000
2026-09-17T20:50:00+00:00,4381.60010,4382.00000,4380.29980,4381.10010,78.0000
2026-09-17T20:55:00+00:00,4381.20020,4381.89990,4380.29980,4380.60010,119.0000
2026-09-17T22:00:00+00:00,4381.60010,4384.10010,4380.89990,4382.20020,0.0000
2026-09-17T22:05:00+00:00,4382.10010,4382.29980,4380.70020,4381.70020,48.0000
2026-09-17T22:10:00+00:00,4381.79980,4383.89990,4380.79980,4383.39990,173.0000
2026-09-17T22:15:00+00:00,4383.50000,4384.00000,4381.00000,4381.00000,244.0000
2026-09-17T22:20:00+00:00,4380.79980,4382.60010,4380.50000,4381.60010,196.0000
2026-09-17T22:25:00+00:00,4381.39990,4383.79980,4380.60010,4383.70020,484.0000
2026-09-17T22:30:00+00:00,4383.79980,4387.10010,4383.39990,4385.79980,620.0000
2026-09-17T22:35:00+00:00,4385.79980,4388.50000,4385.70020,4387.89990,428.0000
2026-09-17T22:40:00+00:00,4387.50000,4387.89990,4383.20020,4383.20020,228.0000
2026-09-17T22:45:00+00:00,4383.29980,4384.20020,4380.50000,4381.29980,408.0000
2026-09-17T22:50:00+00:00,4381.10010,4383.60010,4380.10010,4383.50000,727.0000
2026-09-17T22:55:00+00:00,4383.29980,4385.00000,4380.60010,4383.00000,567.0000
2026-09-17T23:00:00+00:00,4383.20020,4383.50000,4380.60010,4382.29980,191.0000
2026-09-17T23:05:00+00:00,4382.70020,4383.70020,4378.29980,4383.29980,546.0000
2026-09-17T23:10:00+00:00,4382.60010,4385.20020,4382.60010,4383.89990,144.0000
2026-09-17T23:15:00+00:00,4383.79980,4384.50000,4380.39990,4383.39990,312.0000
2026-09-17T23:20:00+00:00,4383.70020,4386.70020,4383.39990,4385.39990,482.0000
2026-09-17T23:25:00+00:00,4385.29980,4386.50000,4381.00000,4383.20020,391.0000
2026-09-17T23:30:00+00:00,4383.00000,4383.79980,4382.79980,4383.39990,82.0000
2026-09-17T23:35:00+00:00,4383.29980,4383.79980,4382.50000,4382.89990,49.0000
2026-09-17T23:40:00+00:00,4382.79980,4383.50000,4382.00000,4383.10010,69.0000
2026-09-17T23:45:00+00:00,4383.00000,4384.70020,4382.10010,4383.60010,147.0000
2026-09-17T23:50:00+00:00,4383.60010,4386.70020,4383.39990,4386.29980,62.0000
2026-09-17T23:55:00+00:00,4386.10010,4387.10010,4384.29980,4385.00000,87.0000
2026-09-18T00:00:00+00:00,4384.39990,4385.29980,4380.70020,4383.50000,265.0000
2026-09-18T00:05:00+00:00,4383.79980,4385.79980,4382.50000,4385.79980,112.0000
2026-09-18T00:10:00+00:00,4385.89990,4393.60010,4385.29980,4393.29980,522.0000
2026-09-18T00:15:00+00:00,4393.00000,4394.00000,4391.39990,4391.60010,275.0000
2026-09-18T00:20:00+00:00,4391.70020,4396.29980,4389.60010,4395.00000,399.0000
2026-09-18T00:25:00+00:00,4394.39990,4394.50000,4389.89990,4392.50000,294.0000
2026-09-18T00:30:00+00:00,4392.00000,4399.50000,4391.89990,4397.10010,422.0000
2026-09-18T00:35:00+00:00,4396.89990,4398.89990,4396.39990,4397.39990,177.0000
2026-09-18T00:40:00+00:00,4396.70020,4398.39990,4396.39990,4397.70020,124.0000
2026-09-18T00:45:00+00:00,4397.79980,4398.39990,4391.39990,4392.70020,285.0000
2026-09-18T00:50:00+00:00,4392.29980,4394.29980,4391.29980,4392.39990,211.0000
2026-09-18T00:55:00+00:00,4392.29980,4396.60010,4391.50000,4394.89990,258.0000
2026-09-18T01:00:00+00:00,4395.50000,4402.79980,4395.50000,4401.20020,1045.0000
2026-09-18T01:05:00+00:00,4401.39990,4404.60010,4400.00000,4400.20020,457.0000
2026-09-18T01:10:00+00:00,4400.20020,4401.00000,4396.00000,4397.00000,323.0000
2026-09-18T01:15:00+00:00,4396.79980,4401.00000,4393.60010,4399.29980,538.0000
2026-09-18T01:20:00+00:00,4399.10010,4403.29980,4399.00000,4400.89990,524.0000
2026-09-18T01:25:00+00:00,4400.79980,4402.00000,4397.10010,4398.50000,180.0000
2026-09-18T01:30:00+00:00,4398.60010,4398.70020,4390.50000,4390.70020,387.0000
2026-09-18T01:35:00+00:00,4390.29980,4393.79980,4389.10010,4389.89990,460.0000
2026-09-18T01:40:00+00:00,4389.29980,4389.70020,4385.89990,4386.00000,363.0000
2026-09-18T01:45:00+00:00,4386.00000,4389.29980,4384.10010,4387.00000,416.0000
2026-09-18T01:50:00+00:00,4387.10010,4389.20020,4382.60010,4388.20020,378.0000
2026-09-18T01:55:00+00:00,4388.10010,4389.00000,4386.89990,4387.00000,198.0000
2026-09-18T02:00:00+00:00,4387.00000,4388.00000,4384.89990,4387.29980,267.0000
2026-09-18T02:05:00+00:00,4387.10010,4390.70020,4387.00000,4388.10010,279.0000
2026-09-18T02:10:00+00:00,4387.79980,4390.00000,4385.70020,4389.20020,303.0000
2026-09-18T02:15:00+00:00,4389.10010,4391.60010,4387.29980,4387.50000,316.0000
2026-09-18T02:20:00+00:00,4387.79980,4391.10010,4386.70020,4390.50000,170.0000
2026-09-18T02:25:00+00:00,4390.79980,4392.50000,4390.60010,4391.50000,185.0000
2026-09-18T02:30:00+00:00,4392.10010,4395.10010,4389.79980,4394.29980,404.0000
2026-09-18T02:35:00+00:00,4394.60010,4395.10010,4389.00000,4390.60010,247.0000
2026-09-18T02:40:00+00:00,4390.70020,4391.89990,4388.79980,4390.29980,243.0000
2026-09-18T02:45:00+00:00,4390.29980,4394.39990,4388.60010,4393.10010,186.0000
2026-09-18T02:50:00+00:00,4392.89990,4394.10010,4387.10010,4387.10010,393.0000
2026-09-18T02:55:00+00:00,4387.20020,4387.29980,4381.79980,4385.39990,513.0000
2026-09-18T03:00:00+00:00,4384.79980,4388.00000,4383.39990,4387.60010,470.0000
2026-09-18T03:05:00+00:00,4387.89990,4390.39990,4383.79980,4384.29980,475.0000
2026-09-18T03:10:00+00:00,4384.29980,4386.60010,4382.70020,4383.20020,241.0000
2026-09-18T03:15:00+00:00,4383.29980,4383.29980,4375.10010,4375.89990,1237.0000
2026-09-18T03:20:00+00:00,4375.60010,4379.29980,4372.60010,4374.20020,793.0000
2026-09-18T03:25:00+00:00,4374.00000,4379.39990,4372.20020,4379.29980,774.0000
2026-09-18T03:30:00+00:00,4379.00000,4389.20020,4378.79980,4388.50000,656.0000
2026-09-18T03:35:00+00:00,4388.70020,4391.89990,4387.89990,4391.10010,588.0000
2026-09-18T03:40:00+00:00,4391.29980,4397.10010,4390.29980,4395.70020,628.0000
2026-09-18T03:45:00+00:00,4395.60010,4399.10010,4395.60010,4397.10010,538.0000
2026-09-18T03:50:00+00:00,4397.29980,4398.00000,4395.29980,4397.50000,485.0000
2026-09-18T03:55:00+00:00,4397.29980,4399.50000,4396.20020,4396.60010,222.0000
2026-09-18T04:00:00+00:00,4397.60010,4400.60010,4396.50000,4399.79980,246.0000
2026-09-18T04:05:00+00:00,4399.89990,4400.20020,4398.29980,4398.29980,180.0000
2026-09-18T04:10:00+00:00,4398.39990,4399.39990,4395.50000,4395.50000,268.0000
2026-09-18T04:15:00+00:00,4396.00000,4396.20020,4392.39990,4392.89990,321.0000
2026-09-18T04:20:00+00:00,4392.29980,4395.50000,4391.79980,4394.70020,177.0000
2026-09-18T04:25:00+00:00,4394.60010,4397.50000,4394.10010,4397.50000,120.0000
2026-09-18T04:30:00+00:00,4397.20020,4400.29980,4396.10010,4397.60010,319.0000
2026-09-18T04:35:00+00:00,4397.39990,4399.50000,4397.39990,4398.70020,105.0000
2026-09-18T04:40:00+00:00,4399.10010,4405.00000,4398.50000,4403.79980,423.0000
2026-09-18T04:45:00+00:00,4404.10010,4405.89990,4403.29980,4404.89990,506.0000
2026-09-18T04:50:00+00:00,4404.79980,4406.70020,4400.50000,4401.00000,378.0000
2026-09-18T04:55:00+00:00,4401.39990,4406.89990,4400.50000,4406.39990,392.0000
2026-09-18T05:00:00+00:00,4406.70020,4407.39990,4403.79980,4406.00000,387.0000
2026-09-18T05:05:00+00:00,4405.60010,4409.20020,4403.60010,4407.70020,449.0000
2026-09-18T05:10:00+00:00,4407.79980,4408.00000,4405.10010,4405.39990,236.0000
2026-09-18T05:15:00+00:00,4405.29980,4409.29980,4404.89990,4408.39990,224.0000
2026-09-18T05:20:00+00:00,4408.39990,4408.89990,4405.79980,4406.50000,121.0000
2026-09-18T05:25:00+00:00,4406.50000,4406.70020,4403.60010,4404.20020,282.0000
2026-09-18T05:30:00+00:00,4404.39990,4406.00000,4399.79980,4402.39990,964.0000
2026-09-18T05:35:00+00:00,4402.60010,4413.00000,4402.60010,4412.29980,905.0000
2026-09-18T05:40:00+00:00,4412.00000,4418.10010,4410.00000,4416.70020,876.0000
2026-09-18T05:45:00+00:00,4416.60010,4417.70020,4410.60010,4410.60010,742.0000
2026-09-18T05:50:00+00:00,4410.29980,4414.60010,4410.10010,4413.20020,515.0000
2026-09-18T05:55:00+00:00,4413.20020,4417.60010,4410.50000,4416.89990,433.0000
2026-09-18T06:00:00+00:00,4417.00000,4427.00000,4416.70020,4421.79980,1971.0000
2026-09-18T06:05:00+00:00,4421.60010,4427.89990,4418.89990,4426.79980,829.0000
2026-09-18T06:10:00+00:00,4427.00000,4430.20020,4426.00000,4428.39990,554.0000
2026-09-18T06:15:00+00:00,4428.50000,4428.60010,4421.50000,4424.29980,530.0000
2026-09-18T06:20:00+00:00,4424.60010,4431.60010,4424.10010,4431.00000,437.0000
2026-09-18T06:25:00+00:00,4431.20020,4433.70020,4430.70020,4432.10010,574.0000
2026-09-18T06:30:00+00:00,4432.00000,4433.60010,4430.29980,4432.29980,382.0000
2026-09-18T06:35:00+00:00,4432.60010,4434.29980,4431.60010,4434.29980,319.0000
2026-09-18T06:40:00+00:00,4433.79980,4436.60010,4433.20020,4436.00000,483.0000
2026-09-18T06:45:00+00:00,4435.50000,4437.10010,4434.20020,4435.00000,459.0000
2026-09-18T06:50:00+00:00,4435.20020,4435.20020,4430.20020,4431.00000,701.0000
2026-09-18T06:55:00+00:00,4430.79980,4434.00000,4429.39990,4433.50000,366.0000
2026-09-18T07:00:00+00:00,4433.20020,4435.60010,4430.60010,4431.29980,466.0000
2026-09-18T07:05:00+00:00,4431.39990,4435.50000,4430.89990,4433.60010,417.0000
2026-09-18T07:10:00+00:00,4433.50000,4433.60010,4429.00000,4430.20020,340.0000
2026-09-18T07:15:00+00:00,4430.60010,4433.89990,4429.50000,4432.70020,445.0000
2026-09-18T07:20:00+00:00,4433.29980,4434.60010,4431.50000,4433.10010,407.0000
2026-09-18T07:25:00+00:00,4433.20020,4435.89990,4432.10010,4435.50000,291.0000
2026-09-18T07:30:00+00:00,4435.50000,4437.39990,4431.89990,4433.20020,495.0000
2026-09-18T07:35:00+00:00,4433.00000,4436.89990,4431.89990,4433.89990,459.0000
2026-09-18T07:40:00+00:00,4433.89990,4435.20020,4431.10010,4433.70020,519.0000
2026-09-18T07:45:00+00:00,4433.60010,4437.39990,4433.60010,4436.79980,448.0000
2026-09-18T07:50:00+00:00,4437.20020,4439.79980,4435.10010,4437.20020,1056.0000
2026-09-18T07:55:00+00:00,4437.00000,4437.70020,4432.50000,4433.29980,432.0000
2026-09-18T08:00:00+00:00,4433.20020,4438.20020,4432.79980,4437.60010,420.0000
2026-09-18T08:05:00+00:00,4437.89990,4438.29980,4434.00000,4434.70020,337.0000
2026-09-18T08:10:00+00:00,4434.60010,4435.00000,4430.20020,4430.50000,357.0000
2026-09-18T08:15:00+00:00,4430.50000,4432.50000,4429.50000,4431.39990,191.0000
2026-09-18T08:20:00+00:00,4431.39990,4434.00000,4429.39990,4430.00000,707.0000
2026-09-18T08:25:00+00:00,4430.10010,4430.39990,4427.39990,4427.70020,412.0000
2026-09-18T08:30:00+00:00,4428.20020,4429.00000,4426.10010,4427.70020,416.0000
2026-09-18T08:35:00+00:00,4427.89990,4429.50000,4425.89990,4426.50000,297.0000
2026-09-18T08:40:00+00:00,4426.79980,4427.10010,4424.89990,4426.50000,343.0000
2026-09-18T08:45:00+00:00,4426.50000,4428.89990,4425.89990,4426.79980,232.0000
2026-09-18T08:50:00+00:00,4426.70020,4433.00000,4426.70020,4432.10010,532.0000
2026-09-18T08:55:00+00:00,4432.00000,4434.20020,4431.70020,4432.10010,292.0000
2026-09-18T09:00:00+00:00,4432.29980,4435.39990,4431.50000,4435.00000,257.0000
2026-09-18T09:05:00+00:00,4435.00000,4437.20020,4434.29980,4436.10010,307.0000
2026-09-18T09:10:00+00:00,4436.29980,4438.29980,4434.20020,4434.60010,420.0000
2026-09-18T09:15:00+00:00,4434.70020,4435.29980,4432.60010,4433.00000,243.0000
2026-09-18T09:20:00+00:00,4433.10010,4435.00000,4431.00000,4431.20020,247.0000
2026-09-18T09:25:00+00:00,4431.00000,4431.20020,4425.89990,4428.00000,658.0000
2026-09-18T09:30:00+00:00,4427.70020,4429.00000,4425.70020,4426.00000,582.0000
2026-09-18T09:35:00+00:00,4425.89990,4426.60010,4421.10010,4421.60010,502.0000
2026-09-18T09:40:00+00:00,4421.60010,4422.10010,4416.60010,4416.60010,845.0000
2026-09-18T09:45:00+00:00,4416.50000,4417.00000,4413.10010,4414.60010,905.0000
2026-09-18T09:50:00+00:00,4414.70020,4418.20020,4414.29980,4418.10010,431.0000
2026-09-18T09:55:00+00:00,4418.29980,4418.29980,4415.79980,4416.10010,283.0000
2026-09-18T10:00:00+00:00,4416.39990,4419.20020,4415.50000,4416.70020,434.0000
2026-09-18T10:05:00+00:00,4416.60010,4419.70020,4415.89990,4418.89990,264.0000
2026-09-18T10:10:00+00:00,4418.89990,4419.89990,4417.89990,4418.79980,171.0000
2026-09-18T10:15:00+00:00,4419.00000,4419.89990,4417.20020,4419.60010,132.0000
2026-09-18T10:20:00+00:00,4419.29980,4420.79980,4417.89990,4420.00000,190.0000
2026-09-18T10:25:00+00:00,4419.60010,4421.39990,4418.79980,4421.39990,177.0000
2026-09-18T10:30:00+00:00,4421.29980,4422.10010,4418.10010,4420.79980,404.0000
2026-09-18T10:35:00+00:00,4420.79980,4422.20020,4419.89990,4420.50000,188.0000
2026-09-18T10:40:00+00:00,4420.20020,4421.20020,4418.79980,4421.10010,215.0000
2026-09-18T10:45:00+00:00,4420.89990,4421.10010,4417.00000,4418.39990,182.0000
2026-09-18T10:50:00+00:00,4418.60010,4418.89990,4415.79980,4417.20020,271.0000
2026-09-18T10:55:00+00:00,4416.79980,4421.60010,4416.70020,4421.29980,209.0000
2026-09-18T11:00:00+00:00,4421.20020,4426.39990,4420.60010,4424.79980,548.0000
2026-09-18T11:05:00+00:00,4424.70020,4425.60010,4416.79980,4425.20020,998.0000
2026-09-18T11:10:00+00:00,4425.20020,4428.10010,4424.60010,4427.79980,339.0000
2026-09-18T11:15:00+00:00,4427.39990,4427.89990,4420.39990,4421.10010,343.0000
2026-09-18T11:20:00+00:00,4421.10010,4423.00000,4420.50000,4421.00000,192.0000
2026-09-18T11:25:00+00:00,4421.00000,4422.50000,4416.89990,4416.89990,308.0000
2026-09-18T11:30:00+00:00,4417.29980,4420.70020,4416.60010,4419.60010,316.0000
2026-09-18T11:35:00+00:00,4420.00000,4422.00000,4417.70020,4418.50000,277.0000
2026-09-18T11:40:00+00:00,4418.10010,4418.89990,4413.79980,4414.79980,434.0000
2026-09-18T11:45:00+00:00,4415.00000,4416.79980,4413.70020,4415.39990,313.0000
2026-09-18T11:50:00+00:00,4415.29980,4415.60010,4411.39990,4412.39990,826.0000
2026-09-18T11:55:00+00:00,4412.50000,4421.10010,4411.89990,4420.79980,629.0000
2026-09-18T12:00:00+00:00,4420.89990,4421.89990,4412.70020,4419.00000,1197.0000
2026-09-18T12:05:00+00:00,4419.10010,4420.79980,4410.50000,4413.70020,988.0000
2026-09-18T12:10:00+00:00,4413.70020,4414.00000,4409.39990,4412.00000,453.0000
2026-09-18T12:15:00+00:00,4412.50000,4415.89990,4409.60010,4410.10010,598.0000
2026-09-18T12:20:00+00:00,4410.00000,4410.00000,4395.39990,4395.79980,2246.0000
2026-09-18T12:25:00+00:00,4395.70020,4399.20020,4392.39990,4397.00000,1619.0000
2026-09-18T12:30:00+00:00,4397.00000,4409.89990,4396.70020,4409.60010,1377.0000
2026-09-18T12:35:00+00:00,4409.50000,4412.20020,4407.10010,4407.29980,980.0000
2026-09-18T12:40:00+00:00,4407.70020,4409.60010,4405.50000,4407.89990,396.0000
2026-09-18T12:45:00+00:00,4408.20020,4409.70020,4405.29980,4407.60010,462.0000
2026-09-18T12:50:00+00:00,4407.20020,4409.10010,4405.20020,4407.20020,388.0000
2026-09-18T12:55:00+00:00,4407.39990,4408.70020,4405.10010,4407.60010,356.0000
2026-09-18T13:00:00+00:00,4408.00000,4412.79980,4402.50000,4410.00000,1697.0000
2026-09-18T13:05:00+00:00,4410.20020,4414.50000,4409.39990,4411.39990,579.0000
2026-09-18T13:10:00+00:00,4411.29980,4412.10010,4409.00000,4410.60010,439.0000
2026-09-18T13:15:00+00:00,4410.70020,4413.39990,4410.20020,4410.79980,546.0000
2026-09-18T13:20:00+00:00,4411.20020,4411.50000,4403.39990,4404.00000,818.0000
2026-09-18T13:25:00+00:00,4403.89990,4406.39990,4401.70020,4406.10010,897.0000
2026-09-18T13:30:00+00:00,4406.00000,4406.60010,4396.70020,4397.10010,1066.0000
2026-09-18T13:35:00+00:00,4396.79980,4399.00000,4390.79980,4397.60010,1830.0000
2026-09-18T13:40:00+00:00,4397.60010,4397.60010,4390.70020,4392.10010,949.0000
2026-09-18T13:45:00+00:00,4392.00000,4397.10010,4390.50000,4393.39990,770.0000
2026-09-18T13:50:00+00:00,4392.70020,4395.79980,4386.20020,4388.10010,1495.0000
2026-09-18T13:55:00+00:00,4388.20020,4391.10010,4385.60010,4387.60010,892.0000
2026-09-18T14:00:00+00:00,4387.50000,4394.79980,4386.10010,4394.60010,1335.0000
2026-09-18T14:05:00+00:00,4394.70020,4394.89990,4388.20020,4390.39990,922.0000
2026-09-18T14:10:00+00:00,4390.60010,4394.60010,4389.89990,4389.89990,561.0000
2026-09-18T14:15:00+00:00,4390.20020,4393.60010,4385.70020,4386.50000,776.0000
2026-09-18T14:20:00+00:00,4386.60010,4391.50000,4381.79980,4390.70020,1253.0000
2026-09-18T14:25:00+00:00,4390.70020,4392.39990,4381.29980,4381.50000,840.0000
2026-09-18T14:30:00+00:00,4381.20020,4385.89990,4381.00000,4385.50000,671.0000
2026-09-18T14:35:00+00:00,4385.20020,4392.79980,4382.39990,4392.00000,1243.0000
2026-09-18T14:40:00+00:00,4391.29980,4393.29980,4388.89990,4391.79980,779.0000
2026-09-18T14:45:00+00:00,4391.20020,4394.10010,4390.00000,4393.00000,458.0000
2026-09-18T14:50:00+00:00,4393.00000,4400.10010,4392.50000,4396.60010,1820.0000
2026-09-18T14:55:00+00:00,4396.60010,4398.50000,4390.60010,4391.50000,953.0000
2026-09-18T15:00:00+00:00,4391.20020,4394.10010,4390.39990,4392.00000,527.0000
2026-09-18T15:05:00+00:00,4392.00000,4394.70020,4388.39990,4388.39990,985.0000
2026-09-18T15:10:00+00:00,4388.70020,4391.10010,4386.10010,4390.50000,665.0000
2026-09-18T15:15:00+00:00,4390.50000,4393.79980,4389.89990,4393.79980,573.0000
2026-09-18T15:20:00+00:00,4393.50000,4393.70020,4389.89990,4392.29980,389.0000
2026-09-18T15:25:00+00:00,4392.70020,4395.39990,4392.00000,4394.50000,456.0000
2026-09-18T15:30:00+00:00,4394.60010,4395.39990,4391.50000,4394.10010,553.0000
2026-09-18T15:35:00+00:00,4394.20020,4395.79980,4389.60010,4389.70020,586.0000
2026-09-18T15:40:00+00:00,4389.39990,4394.70020,4387.10010,4393.00000,1070.0000
2026-09-18T15:45:00+00:00,4393.39990,4396.60010,4392.70020,4395.50000,577.0000
2026-09-18T15:50:00+00:00,4395.20020,4396.39990,4390.70020,4391.89990,426.0000
2026-09-18T15:55:00+00:00,4392.00000,4395.50000,4391.79980,4395.00000,306.0000
2026-09-18T16:00:00+00:00,4395.20020,4395.60010,4393.39990,4395.10010,337.0000
2026-09-18T16:05:00+00:00,4395.39990,4398.60010,4395.39990,4398.29980,537.0000
2026-09-18T16:10:00+00:00,4398.60010,4403.39990,4397.79980,4400.00000,969.0000
2026-09-18T16:15:00+00:00,4400.00000,4404.70020,4398.29980,4404.60010,545.0000
2026-09-18T16:20:00+00:00,4404.70020,4409.79980,4404.29980,4407.70020,1010.0000
2026-09-18T16:25:00+00:00,4407.70020,4416.89990,4405.60010,4416.20020,1542.0000
2026-09-18T16:30:00+00:00,4416.29980,4422.60010,4413.00000,4418.50000,1618.0000
2026-09-18T16:35:00+00:00,4418.50000,4419.39990,4415.89990,4419.10010,723.0000
2026-09-18T16:40:00+00:00,4419.10010,4419.60010,4415.89990,4416.70020,480.0000
2026-09-18T16:45:00+00:00,4416.70020,4419.29980,4415.39990,4417.70020,778.0000
2026-09-18T16:50:00+00:00,4417.39990,4419.89990,4416.70020,4419.50000,385.0000
2026-09-18T16:55:00+00:00,4419.60010,4422.20020,4419.00000,4421.10010,606.0000
2026-09-18T17:00:00+00:00,4421.20020,4425.20020,4419.89990,4422.70020,858.0000
2026-09-18T17:05:00+00:00,4422.89990,4425.60010,4422.89990,4424.79980,797.0000
2026-09-18T17:10:00+00:00,4425.00000,4425.79980,4421.50000,4424.00000,650.0000
2026-09-18T17:15:00+00:00,4424.00000,4427.60010,4424.00000,4424.20020,621.0000
2026-09-18T17:20:00+00:00,4424.29980,4424.50000,4421.20020,4422.10010,571.0000
2026-09-18T17:25:00+00:00,4422.29980,4425.89990,4421.00000,4425.29980,1394.0000
2026-09-18T17:30:00+00:00,4425.29980,4431.39990,4423.70020,4431.39990,1058.0000
2026-09-18T17:35:00+00:00,4431.50000,4434.70020,4430.39990,4432.10010,956.0000
2026-09-18T17:40:00+00:00,4432.10010,4435.00000,4430.29980,4431.20020,863.0000
2026-09-18T17:45:00+00:00,4430.79980,4434.39990,4430.10010,4433.20020,385.0000
2026-09-18T17:50:00+00:00,4433.20020,4435.20020,4431.20020,4431.29980,401.0000
2026-09-18T17:55:00+00:00,4431.60010,4433.29980,4431.20020,4431.29980,284.0000
2026-09-18T18:00:00+00:00,4431.39990,4432.39990,4430.00000,4430.79980,267.0000
2026-09-18T18:05:00+00:00,4431.00000,4432.89990,4427.39990,4428.79980,795.0000
2026-09-18T18:10:00+00:00,4429.00000,4431.79980,4427.79980,4430.79980,557.0000
2026-09-18T18:15:00+00:00,4431.10010,4431.29980,4427.60010,4428.89990,213.0000
2026-09-18T18:20:00+00:00,4428.89990,4429.89990,4427.79980,4428.60010,173.0000
2026-09-18T18:25:00+00:00,4428.39990,4429.60010,4428.20020,4429.20020,205.0000
2026-09-18T18:30:00+00:00,4429.20020,4429.20020,4425.60010,4426.20020,265.0000
2026-09-18T18:35:00+00:00,4426.39990,4426.79980,4423.50000,4423.50000,330.0000
2026-09-18T18:40:00+00:00,4423.60010,4423.70020,4419.20020,4419.29980,614.0000
2026-09-18T18:45:00+00:00,4419.29980,4422.50000,4418.89990,4421.89990,492.0000
2026-09-18T18:50:00+00:00,4422.00000,4422.60010,4419.00000,4419.20020,599.0000
2026-09-18T18:55:00+00:00,4419.00000,4420.89990,4418.20020,4420.79980,305.0000
2026-09-18T19:00:00+00:00,4420.70020,4421.50000,4418.00000,4420.79980,338.0000
2026-09-18T19:05:00+00:00,4420.70020,4423.39990,4420.00000,4422.79980,282.0000
2026-09-18T19:10:00+00:00,4422.79980,4424.29980,4421.50000,4422.70020,344.0000
2026-09-18T19:15:00+00:00,4422.79980,4423.39990,4420.00000,4420.20020,548.0000
2026-09-18T19:20:00+00:00,4420.29980,4421.70020,4420.00000,4420.79980,332.0000
2026-09-18T19:25:00+00:00,4420.70020,4420.79980,4417.10010,4418.70020,317.0000
2026-09-18T19:30:00+00:00,4418.70020,4420.39990,4418.20020,4418.29980,220.0000
2026-09-18T19:35:00+00:00,4418.20020,4420.39990,4417.79980,4419.70020,159.0000
2026-09-18T19:40:00+00:00,4419.29980,4420.60010,4419.20020,4419.39990,142.0000
2026-09-18T19:45:00+00:00,4419.29980,4421.50000,4418.89990,4420.70020,230.0000
2026-09-18T19:50:00+00:00,4420.50000,4421.20020,4415.39990,4416.00000,391.0000
2026-09-18T19:55:00+00:00,4416.10010,4417.79980,4413.50000,4415.60010,881.0000
2026-09-18T20:00:00+00:00,4415.60010,4417.70020,4414.39990,4416.79980,401.0000
2026-09-18T20:05:00+00:00,4415.39990,4417.39990,4415.20020,4416.70020,186.0000
2026-09-18T20:10:00+00:00,4416.70020,4421.50000,4416.70020,4419.89990,299.0000
2026-09-18T20:15:00+00:00,4419.39990,4420.20020,4417.20020,4417.89990,157.0000
2026-09-18T20:20:00+00:00,4417.89990,4421.39990,4417.89990,4420.89990,119.0000
2026-09-18T20:25:00+00:00,4420.79980,4421.29980,4419.29980,4419.29980,60.0000
2026-09-18T20:30:00+00:00,4419.29980,4421.00000,4419.20020,4420.20020,69.0000
2026-09-18T20:35:00+00:00,4420.39990,4420.39990,4418.20020,4418.29980,90.0000
2026-09-18T20:40:00+00:00,4418.29980,4419.50000,4417.50000,4419.00000,109.0000
2026-09-18T20:45:00+00:00,4419.00000,4419.00000,4415.00000,4416.29980,182.0000
2026-09-18T20:50:00+00:00,4416.00000,4416.60010,4414.50000,4416.39990,223.0000
2026-09-18T20:55:00+00:00,4416.60010,4424.89990,4415.60010,4424.89990,277.0000
2026-09-20T22:10:00+00:00,4415.00000,4417.50000,4415.00000,4417.00000,151.0000
2026-09-20T22:15:00+00:00,4417.50000,4417.79980,4416.20020,4416.39990,128.0000
2026-09-20T22:20:00+00:00,4416.29980,4416.29980,4412.79980,4413.00000,181.0000
2026-09-20T22:25:00+00:00,4412.89990,4415.39990,4412.89990,4414.10010,150.0000
2026-09-20T22:30:00+00:00,4414.00000,4415.50000,4413.60010,4414.50000,92.0000
2026-09-20T22:35:00+00:00,4414.50000,4416.20020,4414.10010,4414.89990,123.0000
2026-09-20T22:40:00+00:00,4415.29980,4416.10010,4412.70020,4412.70020,159.0000
2026-09-20T22:45:00+00:00,4413.00000,4414.10010,4412.00000,4412.70020,127.0000
2026-09-20T22:50:00+00:00,4412.70020,4414.00000,4412.20020,4413.79980,75.0000
2026-09-20T22:55:00+00:00,4413.89990,4415.20020,4412.00000,4412.10010,145.0000
2026-09-20T23:00:00+00:00,4412.20020,4412.89990,4411.50000,4412.50000,84.0000
2026-09-20T23:05:00+00:00,4412.20020,4412.29980,4409.70020,4411.60010,290.0000
2026-09-20T23:10:00+00:00,4411.50000,4411.79980,4409.29980,4411.50000,106.0000
2026-09-20T23:15:00+00:00,4411.60010,4412.29980,4410.00000,4412.10010,94.0000
2026-09-20T23:20:00+00:00,4411.89990,4413.20020,4410.89990,4411.39990,133.0000
2026-09-20T23:25:00+00:00,4411.20020,4413.00000,4410.20020,4412.79980,85.0000
2026-09-20T23:30:00+00:00,4412.50000,4414.60010,4411.70020,4414.00000,99.0000
2026-09-20T23:35:00+00:00,4413.60010,4414.79980,4411.79980,4413.60010,146.0000
2026-09-20T23:40:00+00:00,4413.00000,4413.00000,4409.39990,4409.60010,69.0000
2026-09-20T23:45:00+00:00,4409.60010,4410.70020,4406.89990,4410.29980,221.0000
2026-09-20T23:50:00+00:00,4410.29980,4412.00000,4408.39990,4409.10010,139.0000
2026-09-20T23:55:00+00:00,4409.10010,4411.60010,4409.00000,4411.60010,71.0000
2026-09-21T00:00:00+00:00,4411.50000,4411.50000,4405.39990,4407.20020,384.0000
2026-09-21T00:05:00+00:00,4407.39990,4410.89990,4405.20020,4405.50000,341.0000
2026-09-21T00:10:00+00:00,4405.89990,4406.00000,4402.10010,4403.00000,395.0000
2026-09-21T00:15:00+00:00,4403.10010,4403.20020,4398.00000,4399.10010,595.0000
2026-09-21T00:20:00+00:00,4399.39990,4404.50000,4396.39990,4404.10010,659.0000
2026-09-21T00:25:00+00:00,4404.20020,4407.89990,4403.79980,4406.10010,318.0000
2026-09-21T00:30:00+00:00,4406.00000,4408.39990,4404.00000,4407.89990,323.0000
2026-09-21T00:35:00+00:00,4408.10010,4412.60010,4407.60010,4412.00000,290.0000
2026-09-21T00:40:00+00:00,4411.79980,4414.29980,4406.29980,4407.10010,342.0000
2026-09-21T00:45:00+00:00,4407.60010,4409.00000,4403.00000,4403.10010,186.0000
2026-09-21T00:50:00+00:00,4403.00000,4405.70020,4400.50000,4403.60010,542.0000
2026-09-21T00:55:00+00:00,4404.20020,4407.60010,4402.39990,4404.79980,396.0000
2026-09-21T01:00:00+00:00,4404.79980,4414.20020,4404.79980,4409.79980,1104.0000
2026-09-21T01:05:00+00:00,4409.79980,4418.89990,4409.20020,4418.70020,577.0000
2026-09-21T01:10:00+00:00,4418.50000,4419.39990,4414.89990,4419.10010,489.0000
2026-09-21T01:15:00+00:00,4419.39990,4422.10010,4415.00000,4416.20020,985.0000
2026-09-21T01:20:00+00:00,4416.29980,4417.70020,4413.50000,4416.39990,388.0000
2026-09-21T01:25:00+00:00,4416.10010,4418.79980,4412.89990,4413.29980,418.0000
2026-09-21T01:30:00+00:00,4413.10010,4418.29980,4412.10010,4416.79980,430.0000
2026-09-21T01:35:00+00:00,4417.10010,4417.79980,4413.89990,4416.10010,201.0000
2026-09-21T01:40:00+00:00,4415.89990,4419.20020,4414.89990,4417.89990,274.0000
2026-09-21T01:45:00+00:00,4417.79980,4421.60010,4417.70020,4418.00000,433.0000
2026-09-21T01:50:00+00:00,4418.20020,4419.60010,4414.70020,4417.00000,396.0000
2026-09-21T01:55:00+00:00,4417.00000,4417.39990,4414.00000,4415.70020,305.0000
2026-09-21T02:00:00+00:00,4416.00000,4416.20020,4411.39990,4414.60010,342.0000
2026-09-21T02:05:00+00:00,4414.50000,4414.50000,4410.60010,4413.39990,280.0000
2026-09-21T02:10:00+00:00,4413.89990,4414.00000,4406.39990,4406.79980,511.0000
2026-09-21T02:15:00+00:00,4406.89990,4407.60010,4403.60010,4404.20020,383.0000
2026-09-21T02:20:00+00:00,4404.10010,4404.50000,4399.00000,4401.60010,437.0000
2026-09-21T02:25:00+00:00,4401.60010,4407.60010,4401.20020,4407.50000,437.0000
2026-09-21T02:30:00+00:00,4407.60010,4410.39990,4404.70020,4405.50000,498.0000
2026-09-21T02:35:00+00:00,4405.10010,4408.39990,4404.50000,4406.00000,233.0000
2026-09-21T02:40:00+00:00,4406.10010,4407.70020,4402.00000,4404.20020,438.0000
2026-09-21T02:45:00+00:00,4404.39990,4408.00000,4404.29980,4406.20020,183.0000
2026-09-21T02:50:00+00:00,4406.10010,4407.00000,4403.29980,4403.39990,220.0000
2026-09-21T02:55:00+00:00,4402.89990,4404.89990,4400.50000,4401.50000,483.0000
2026-09-21T03:00:00+00:00,4401.70020,4404.60010,4396.79980,4404.50000,706.0000
2026-09-21T03:05:00+00:00,4404.20020,4404.50000,4396.89990,4398.70020,579.0000
2026-09-21T03:10:00+00:00,4398.70020,4401.10010,4398.39990,4400.79980,240.0000
2026-09-21T03:15:00+00:00,4400.89990,4403.39990,4399.00000,4401.70020,418.0000
2026-09-21T03:20:00+00:00,4401.50000,4401.60010,4398.50000,4400.10010,194.0000
2026-09-21T03:25:00+00:00,4399.79980,4400.29980,4396.70020,4397.79980,187.0000
2026-09-21T03:30:00+00:00,4397.50000,4403.20020,4397.20020,4402.89990,331.0000
2026-09-21T03:35:00+00:00,4403.00000,4405.60010,4401.79980,4403.70020,363.0000
2026-09-21T03:40:00+00:00,4403.50000,4405.79980,4402.89990,4405.10010,200.0000
2026-09-21T03:45:00+00:00,4405.20020,4406.00000,4401.00000,4401.00000,213.0000
2026-09-21T03:50:00+00:00,4400.70020,4401.29980,4395.79980,4396.89990,328.0000
2026-09-21T03:55:00+00:00,4397.00000,4397.29980,4395.39990,4395.79980,116.0000
2026-09-21T04:00:00+00:00,4396.79980,4398.50000,4395.20020,4395.70020,194.0000
2026-09-21T04:05:00+00:00,4395.89990,4396.39990,4393.39990,4395.70020,288.0000
2026-09-21T04:10:00+00:00,4395.89990,4398.70020,4395.79980,4397.29980,176.0000
2026-09-21T04:15:00+00:00,4397.29980,4401.70020,4396.70020,4401.70020,188.0000
2026-09-21T04:20:00+00:00,4401.79980,4402.89990,4401.00000,4401.29980,123.0000
2026-09-21T04:25:00+00:00,4401.10010,4402.70020,4399.00000,4399.20020,154.0000
2026-09-21T04:30:00+00:00,4399.20020,4399.39990,4395.60010,4399.00000,512.0000
2026-09-21T04:35:00+00:00,4399.00000,4400.29980,4398.10010,4398.70020,79.0000
2026-09-21T04:40:00+00:00,4398.70020,4400.70020,4398.50000,4399.10010,167.0000
2026-09-21T04:45:00+00:00,4398.89990,4399.70020,4396.89990,4398.00000,152.0000
2026-09-21T04:50:00+00:00,4397.60010,4397.60010,4394.50000,4394.60010,135.0000
2026-09-21T04:55:00+00:00,4394.60010,4397.10010,4392.20020,4393.10010,272.0000
2026-09-21T05:00:00+00:00,4392.89990,4394.60010,4391.00000,4392.79980,296.0000
2026-09-21T05:05:00+00:00,4392.70020,4393.50000,4391.50000,4392.20020,244.0000
2026-09-21T05:10:00+00:00,4391.79980,4393.29980,4389.70020,4393.00000,299.0000
2026-09-21T05:15:00+00:00,4393.39990,4393.60010,4391.00000,4392.20020,186.0000
2026-09-21T05:20:00+00:00,4392.39990,4398.29980,4392.20020,4397.10010,357.0000
2026-09-21T05:25:00+00:00,4396.89990,4398.29980,4394.50000,4394.60010,407.0000
2026-09-21T05:30:00+00:00,4394.50000,4399.29980,4391.20020,4392.29980,705.0000
2026-09-21T05:35:00+00:00,4392.29980,4394.70020,4389.20020,4393.79980,463.0000
2026-09-21T05:40:00+00:00,4394.29980,4395.29980,4391.39990,4392.20020,256.0000
2026-09-21T05:45:00+00:00,4391.60010,4391.60010,4387.50000,4387.70020,513.0000
2026-09-21T05:50:00+00:00,4387.79980,4393.20020,4386.29980,4391.50000,475.0000
2026-09-21T05:55:00+00:00,4391.20020,4392.50000,4388.00000,4388.00000,221.0000
2026-09-21T06:00:00+00:00,4387.89990,4391.00000,4386.50000,4389.29980,460.0000
2026-09-21T06:05:00+00:00,4389.00000,4392.79980,4388.70020,4391.60010,421.0000
2026-09-21T06:10:00+00:00,4392.29980,4393.10010,4388.70020,4390.39990,254.0000
2026-09-21T06:15:00+00:00,4390.39990,4392.00000,4385.70020,4386.10010,402.0000
2026-09-21T06:20:00+00:00,4386.00000,4388.39990,4384.10010,4384.39990,538.0000
2026-09-21T06:25:00+00:00,4384.50000,4386.29980,4383.50000,4384.39990,235.0000
2026-09-21T06:30:00+00:00,4384.60010,4387.60010,4384.60010,4387.20020,257.0000
2026-09-21T06:35:00+00:00,4387.10010,4389.20020,4386.60010,4388.89990,244.0000
2026-09-21T06:40:00+00:00,4388.89990,4391.50000,4388.50000,4389.60010,294.0000
2026-09-21T06:45:00+00:00,4389.50000,4392.29980,4389.50000,4391.70020,265.0000
2026-09-21T06:50:00+00:00,4391.79980,4391.79980,4387.70020,4389.60010,421.0000
2026-09-21T06:55:00+00:00,4389.70020,4392.00000,4388.79980,4390.70020,313.0000
2026-09-21T07:00:00+00:00,4390.79980,4393.60010,4383.10010,4392.50000,1091.0000
2026-09-21T07:05:00+00:00,4392.70020,4393.70020,4388.50000,4389.89990,415.0000
2026-09-21T07:10:00+00:00,4389.60010,4391.10010,4383.50000,4390.39990,539.0000
2026-09-21T07:15:00+00:00,4390.29980,4393.00000,4388.29980,4391.50000,430.0000
2026-09-21T07:20:00+00:00,4391.20020,4391.60010,4388.00000,4388.39990,189.0000
2026-09-21T07:25:00+00:00,4388.79980,4389.39990,4384.29980,4387.89990,340.0000
2026-09-21T07:30:00+00:00,4388.39990,4390.20020,4386.39990,4390.00000,116.0000
2026-09-21T07:35:00+00:00,4389.50000,4392.70020,4387.20020,4387.60010,590.0000
2026-09-21T07:40:00+00:00,4387.70020,4388.00000,4379.00000,4384.39990,1648.0000
2026-09-21T07:45:00+00:00,4384.29980,4387.29980,4382.79980,4384.39990,433.0000
2026-09-21T07:50:00+00:00,4383.79980,4386.79980,4383.79980,4385.79980,314.0000
2026-09-21T07:55:00+00:00,4385.89990,4386.29980,4381.50000,4381.60010,273.0000
2026-09-21T08:00:00+00:00,4381.50000,4386.20020,4380.79980,4385.89990,484.0000
2026-09-21T08:05:00+00:00,4386.00000,4388.79980,4383.20020,4384.39990,460.0000
2026-09-21T08:10:00+00:00,4384.29980,4390.70020,4383.70020,4388.20020,387.0000
2026-09-21T08:15:00+00:00,4387.60010,4392.60010,4387.29980,4391.50000,358.0000
2026-09-21T08:20:00+00:00,4391.50000,4392.89990,4390.00000,4392.60010,287.0000
2026-09-21T08:25:00+00:00,4392.39990,4393.00000,4390.60010,4390.79980,266.0000
2026-09-21T08:30:00+00:00,4390.50000,4393.50000,4388.39990,4392.50000,451.0000
2026-09-21T08:35:00+00:00,4392.39990,4394.50000,4391.10010,4392.70020,468.0000
2026-09-21T08:40:00+00:00,4392.70020,4395.20020,4390.70020,4395.10010,339.0000
2026-09-21T08:45:00+00:00,4395.10010,4395.10010,4391.20020,4393.50000,272.0000
2026-09-21T08:50:00+00:00,4393.29980,4393.29980,4388.20020,4388.20020,224.0000
2026-09-21T08:55:00+00:00,4388.70020,4391.00000,4387.29980,4390.70020,273.0000
2026-09-21T09:00:00+00:00,4390.70020,4391.39990,4386.79980,4387.89990,341.0000
2026-09-21T09:05:00+00:00,4387.70020,4391.29980,4387.70020,4390.60010,160.0000
2026-09-21T09:10:00+00:00,4390.70020,4391.50000,4389.50000,4391.39990,100.0000
2026-09-21T09:15:00+00:00,4391.10010,4392.39990,4388.70020,4388.89990,254.0000
2026-09-21T09:20:00+00:00,4389.10010,4391.39990,4387.60010,4388.00000,387.0000
2026-09-21T09:25:00+00:00,4388.20020,4388.29980,4383.70020,4383.70020,516.0000
2026-09-21T09:30:00+00:00,4383.70020,4383.79980,4377.50000,4379.79980,1646.0000
2026-09-21T09:35:00+00:00,4379.70020,4382.60010,4377.70020,4382.00000,681.0000
2026-09-21T09:40:00+00:00,4381.70020,4385.70020,4380.29980,4385.39990,380.0000
2026-09-21T09:45:00+00:00,4385.29980,4386.29980,4381.39990,4381.89990,283.0000
2026-09-21T09:50:00+00:00,4381.70020,4385.00000,4381.70020,4384.79980,280.0000
2026-09-21T09:55:00+00:00,4384.89990,4384.89990,4381.29980,4383.60010,241.0000
2026-09-21T10:00:00+00:00,4383.39990,4387.60010,4383.20020,4387.39990,205.0000
2026-09-21T10:05:00+00:00,4387.50000,4390.10010,4386.50000,4388.79980,500.0000
2026-09-21T10:10:00+00:00,4388.70020,4391.00000,4387.89990,4391.00000,264.0000
2026-09-21T10:15:00+00:00,4391.50000,4394.60010,4390.50000,4390.89990,511.0000
2026-09-21T10:20:00+00:00,4390.79980,4390.79980,4388.39990,4389.00000,220.0000
2026-09-21T10:25:00+00:00,4388.89990,4390.29980,4387.79980,4388.70020,231.0000
2026-09-21T10:30:00+00:00,4388.60010,4389.50000,4387.60010,4388.60010,127.0000
2026-09-21T10:35:00+00:00,4388.60010,4390.20020,4385.70020,4386.20020,224.0000
2026-09-21T10:40:00+00:00,4386.20020,4387.20020,4385.50000,4386.10010,225.0000
2026-09-21T10:45:00+00:00,4385.70020,4388.50000,4385.50000,4385.79980,123.0000
2026-09-21T10:50:00+00:00,4386.00000,4387.39990,4384.79980,4385.20020,116.0000
2026-09-21T10:55:00+00:00,4385.10010,4385.89990,4380.10010,4380.39990,253.0000
2026-09-21T11:00:00+00:00,4380.20020,4382.60010,4379.50000,4382.60010,375.0000
2026-09-21T11:05:00+00:00,4382.60010,4383.89990,4381.29980,4383.00000,223.0000
2026-09-21T11:10:00+00:00,4383.29980,4386.00000,4382.29980,4385.60010,185.0000
2026-09-21T11:15:00+00:00,4386.10010,4392.70020,4386.10010,4392.70020,412.0000
2026-09-21T11:20:00+00:00,4392.89990,4393.00000,4389.89990,4390.20020,206.0000
2026-09-21T11:25:00+00:00,4390.39990,4391.50000,4389.70020,4391.50000,132.0000
2026-09-21T11:30:00+00:00,4391.10010,4396.29980,4389.70020,4395.60010,440.0000
2026-09-21T11:35:00+00:00,4395.70020,4401.00000,4395.29980,4399.00000,679.0000
2026-09-21T11:40:00+00:00,4399.00000,4405.39990,4397.89990,4404.39990,918.0000
2026-09-21T11:45:00+00:00,4404.60010,4406.00000,4402.60010,4405.00000,460.0000
2026-09-21T11:50:00+00:00,4405.00000,4409.00000,4403.29980,4408.89990,792.0000
2026-09-21T11:55:00+00:00,4408.70020,4409.39990,4404.39990,4407.29980,580.0000
2026-09-21T12:00:00+00:00,4407.10010,4408.60010,4400.10010,4408.50000,949.0000
2026-09-21T12:05:00+00:00,4408.70020,4413.00000,4405.20020,4405.20020,939.0000
2026-09-21T12:10:00+00:00,4405.20020,4408.10010,4404.70020,4407.39990,349.0000
2026-09-21T12:15:00+00:00,4407.70020,4409.20020,4405.29980,4405.29980,396.0000
2026-09-21T12:20:00+00:00,4405.60010,4405.70020,4392.50000,4392.60010,1552.0000
2026-09-21T12:25:00+00:00,4392.29980,4394.70020,4388.79980,4393.00000,920.0000
2026-09-21T12:30:00+00:00,4393.00000,4397.29980,4391.70020,4395.50000,1132.0000
2026-09-21T12:35:00+00:00,4395.39990,4395.79980,4388.70020,4394.79980,723.0000
2026-09-21T12:40:00+00:00,4394.50000,4401.39990,4393.20020,4401.00000,1118.0000
2026-09-21T12:45:00+00:00,4400.79980,4401.70020,4393.00000,4395.39990,711.0000
2026-09-21T12:50:00+00:00,4395.70020,4397.10010,4393.89990,4394.60010,361.0000
2026-09-21T12:55:00+00:00,4394.39990,4399.29980,4391.60010,4397.39990,543.0000
2026-09-21T13:00:00+00:00,4397.20020,4398.79980,4393.70020,4395.00000,690.0000
2026-09-21T13:05:00+00:00,4395.29980,4401.89990,4394.50000,4399.79980,705.0000
2026-09-21T13:10:00+00:00,4399.89990,4402.29980,4398.79980,4400.79980,315.0000
2026-09-21T13:15:00+00:00,4401.10010,4402.20020,4398.39990,4400.50000,367.0000
2026-09-21T13:20:00+00:00,4400.29980,4404.20020,4398.70020,4403.20020,517.0000
2026-09-21T13:25:00+00:00,4403.20020,4407.79980,4401.10010,4402.29980,972.0000
2026-09-21T13:30:00+00:00,4402.29980,4402.50000,4390.00000,4391.10010,1692.0000
2026-09-21T13:35:00+00:00,4391.10010,4394.29980,4389.39990,4391.70020,1068.0000
2026-09-21T13:40:00+00:00,4391.39990,4394.00000,4386.79980,4390.60010,1179.0000
2026-09-21T13:45:00+00:00,4390.50000,4393.70020,4387.10010,4393.50000,720.0000
2026-09-21T13:50:00+00:00,4393.89990,4393.89990,4386.10010,4386.20020,759.0000
2026-09-21T13:55:00+00:00,4386.10010,4388.10010,4383.60010,4383.79980,969.0000
2026-09-21T14:00:00+00:00,4383.70020,4384.79980,4363.29980,4365.00000,6428.0000
2026-09-21T14:05:00+00:00,4365.20020,4375.20020,4360.29980,4375.20020,3076.0000
2026-09-21T14:10:00+00:00,4375.20020,4379.10010,4372.79980,4378.39990,1556.0000
2026-09-21T14:15:00+00:00,4378.20020,4379.50000,4374.20020,4375.70020,1059.0000
2026-09-21T14:20:00+00:00,4375.89990,4376.79980,4372.00000,4375.70020,1070.0000
2026-09-21T14:25:00+00:00,4375.79980,4381.20020,4374.50000,4379.60010,1204.0000
2026-09-21T14:30:00+00:00,4379.60010,4382.00000,4373.89990,4374.00000,1322.0000
2026-09-21T14:35:00+00:00,4374.00000,4378.00000,4373.00000,4373.20020,628.0000
2026-09-21T14:40:00+00:00,4373.00000,4379.29980,4370.00000,4370.29980,918.0000
2026-09-21T14:45:00+00:00,4370.20020,4379.50000,4370.20020,4374.50000,1040.0000
2026-09-21T14:50:00+00:00,4374.89990,4380.89990,4374.29980,4380.20020,640.0000
2026-09-21T14:55:00+00:00,4380.10010,4380.20020,4373.70020,4376.89990,692.0000
2026-09-21T15:00:00+00:00,4377.10010,4384.70020,4377.00000,4384.39990,891.0000
2026-09-21T15:05:00+00:00,4384.60010,4388.00000,4383.50000,4388.00000,1007.0000
2026-09-21T15:10:00+00:00,4388.50000,4388.60010,4385.20020,4387.39990,801.0000
2026-09-21T15:15:00+00:00,4387.70020,4389.79980,4386.79980,4388.29980,549.0000
2026-09-21T15:20:00+00:00,4388.39990,4390.79980,4387.00000,4389.79980,657.0000
2026-09-21T15:25:00+00:00,4389.89990,4392.39990,4388.10010,4389.20020,848.0000
2026-09-21T15:30:00+00:00,4389.50000,4392.79980,4388.20020,4392.70020,588.0000
2026-09-21T15:35:00+00:00,4392.50000,4394.60010,4388.20020,4388.20020,886.0000
2026-09-21T15:40:00+00:00,4388.39990,4389.20020,4386.50000,4388.10010,487.0000
2026-09-21T15:45:00+00:00,4388.29980,4389.10010,4385.70020,4386.39990,648.0000
2026-09-21T15:50:00+00:00,4386.70020,4392.89990,4384.60010,4386.10010,1305.0000
2026-09-21T15:55:00+00:00,4386.00000,4388.20020,4385.00000,4386.29980,378.0000
2026-09-21T16:00:00+00:00,4386.50000,4389.50000,4383.00000,4388.89990,681.0000
2026-09-21T16:05:00+00:00,4388.39990,4394.10010,4387.29980,4392.50000,1671.0000
2026-09-21T16:10:00+00:00,4392.70020,4394.20020,4388.39990,4390.00000,822.0000
2026-09-21T16:15:00+00:00,4390.20020,4395.70020,4390.00000,4394.89990,941.0000
2026-09-21T16:20:00+00:00,4395.00000,4395.29980,4388.60010,4389.10010,877.0000
2026-09-21T16:25:00+00:00,4389.29980,4390.00000,4387.20020,4389.20020,423.0000
2026-09-21T16:30:00+00:00,4389.20020,4391.00000,4387.79980,4389.50000,296.0000
2026-09-21T16:35:00+00:00,4389.50000,4389.50000,4387.20020,4387.70020,269.0000
2026-09-21T16:40:00+00:00,4387.60010,4388.20020,4381.60010,4382.20020,595.0000
2026-09-21T16:45:00+00:00,4381.89990,4384.39990,4381.39990,4384.00000,440.0000
2026-09-21T16:50:00+00:00,4384.29980,4384.89990,4381.10010,4382.10010,624.0000
2026-09-21T16:55:00+00:00,4382.00000,4383.29980,4381.00000,4381.39990,257.0000
2026-09-21T17:00:00+00:00,4381.50000,4382.70020,4379.89990,4382.10010,467.0000
2026-09-21T17:05:00+00:00,4382.20020,4384.10010,4381.89990,4383.89990,343.0000
2026-09-21T17:10:00+00:00,4384.00000,4385.29980,4383.20020,4384.20020,316.0000
2026-09-21T17:15:00+00:00,4384.29980,4384.70020,4380.20020,4380.39990,577.0000
2026-09-21T17:20:00+00:00,4380.60010,4382.00000,4379.50000,4381.00000,667.0000
2026-09-21T17:25:00+00:00,4381.20020,4384.89990,4380.50000,4384.39990,1180.0000
2026-09-21T17:30:00+00:00,4384.39990,4385.10010,4376.20020,4376.89990,1326.0000
2026-09-21T17:35:00+00:00,4377.20020,4378.70020,4375.70020,4376.89990,546.0000
2026-09-21T17:40:00+00:00,4376.79980,4381.00000,4376.79980,4379.00000,553.0000
2026-09-21T17:45:00+00:00,4378.70020,4381.60010,4377.60010,4381.39990,347.0000
2026-09-21T17:50:00+00:00,4381.29980,4383.50000,4380.89990,4382.29980,319.0000
2026-09-21T17:55:00+00:00,4382.10010,4384.50000,4381.70020,4383.00000,561.0000
2026-09-21T18:00:00+00:00,4383.00000,4384.39990,4382.20020,4384.00000,400.0000
2026-09-21T18:05:00+00:00,4384.20020,4389.00000,4383.70020,4389.00000,850.0000
2026-09-21T18:10:00+00:00,4388.70020,4389.29980,4386.79980,4388.29980,317.0000
2026-09-21T18:15:00+00:00,4388.50000,4390.89990,4388.00000,4389.20020,305.0000
2026-09-21T18:20:00+00:00,4389.20020,4390.20020,4388.70020,4388.79980,649.0000
2026-09-21T18:25:00+00:00,4388.79980,4389.79980,4387.20020,4388.79980,262.0000
2026-09-21T18:30:00+00:00,4388.89990,4390.00000,4387.79980,4388.10010,373.0000
2026-09-21T18:35:00+00:00,4387.89990,4388.29980,4385.39990,4385.70020,394.0000
2026-09-21T18:40:00+00:00,4385.89990,4386.20020,4384.70020,4385.39990,296.0000
2026-09-21T18:45:00+00:00,4385.79980,4386.70020,4384.89990,4386.10010,233.0000
2026-09-21T18:50:00+00:00,4386.00000,4387.29980,4385.39990,4385.89990,216.0000
2026-09-21T18:55:00+00:00,4385.60010,4386.70020,4384.29980,4384.39990,247.0000
2026-09-21T19:00:00+00:00,4384.29980,4384.29980,4380.39990,4381.70020,397.0000
2026-09-21T19:05:00+00:00,4381.50000,4384.10010,4380.70020,4383.79980,256.0000
2026-09-21T19:10:00+00:00,4384.10010,4384.89990,4382.89990,4383.79980,249.0000
2026-09-21T19:15:00+00:00,4383.50000,4384.50000,4382.89990,4383.20020,188.0000
2026-09-21T19:20:00+00:00,4383.00000,4384.70020,4383.00000,4384.00000,191.0000
2026-09-21T19:25:00+00:00,4383.89990,4388.50000,4383.29980,4387.10010,292.0000
2026-09-21T19:30:00+00:00,4387.00000,4391.20020,4387.00000,4390.39990,348.0000
2026-09-21T19:35:00+00:00,4390.20020,4391.89990,4389.20020,4391.00000,380.0000
2026-09-21T19:40:00+00:00,4391.10010,4391.60010,4385.29980,4386.10010,555.0000
2026-09-21T19:45:00+00:00,4385.79980,4386.29980,4384.00000,4384.20020,312.0000
2026-09-21T19:50:00+00:00,4383.89990,4384.50000,4382.60010,4384.20020,389.0000
2026-09-21T19:55:00+00:00,4384.29980,4384.29980,4382.39990,4383.00000,325.0000
2026-09-21T20:00:00+00:00,4383.00000,4383.29980,4379.50000,4380.70020,360.0000
2026-09-21T20:05:00+00:00,4381.20020,4382.00000,4381.20020,4381.39990,65.0000
2026-09-21T20:10:00+00:00,4381.70020,4382.00000,4379.50000,4379.60010,86.0000
2026-09-21T20:15:00+00:00,4379.79980,4379.79980,4378.29980,4378.79980,138.0000
2026-09-21T20:20:00+00:00,4378.79980,4379.89990,4378.50000,4378.79980,70.0000
2026-09-21T20:25:00+00:00,4378.79980,4379.50000,4378.00000,4378.70020,86.0000
2026-09-21T20:30:00+00:00,4378.50000,4378.70020,4377.29980,4378.70020,65.0000
2026-09-21T20:35:00+00:00,4378.70020,4380.29980,4378.60010,4380.00000,86.0000
2026-09-21T20:40:00+00:00,4380.20020,4381.10010,4379.60010,4380.10010,59.0000
2026-09-21T20:45:00+00:00,4380.39990,4380.39990,4378.70020,4379.70020,131.0000
2026-09-21T20:50:00+00:00,4379.79980,4382.29980,4379.70020,4381.89990,133.0000
2026-09-21T20:55:00+00:00,4382.00000,4382.20020,4381.00000,4381.00000,158.0000
2026-09-21T22:00:00+00:00,4382.50000,4386.50000,4382.00000,4385.89990,0.0000
2026-09-21T22:05:00+00:00,4385.60010,4387.60010,4384.00000,4386.60010,172.0000
2026-09-21T22:10:00+00:00,4387.00000,4388.20020,4386.39990,4387.00000,77.0000
2026-09-21T22:15:00+00:00,4387.29980,4390.20020,4386.79980,4389.70020,319.0000
2026-09-21T22:20:00+00:00,4390.10010,4390.39990,4388.50000,4389.89990,232.0000
2026-09-21T22:25:00+00:00,4389.89990,4390.39990,4387.60010,4390.10010,495.0000
2026-09-21T22:30:00+00:00,4390.29980,4390.70020,4388.70020,4389.00000,132.0000
2026-09-21T22:35:00+00:00,4389.10010,4389.89990,4388.79980,4389.50000,123.0000
2026-09-21T22:40:00+00:00,4389.50000,4390.50000,4389.00000,4389.89990,84.0000
2026-09-21T22:45:00+00:00,4390.20020,4397.20020,4390.20020,4397.00000,436.0000
2026-09-21T22:50:00+00:00,4397.00000,4400.29980,4397.00000,4399.89990,253.0000
2026-09-21T22:55:00+00:00,4400.10010,4402.79980,4398.39990,4398.70020,652.0000
2026-09-21T23:00:00+00:00,4398.70020,4403.70020,4397.60010,4403.00000,506.0000
2026-09-21T23:05:00+00:00,4402.70020,4402.70020,4400.79980,4402.20020,155.0000
2026-09-21T23:10:00+00:00,4401.70020,4403.70020,4397.20020,4397.20020,496.0000
2026-09-21T23:15:00+00:00,4397.39990,4402.10010,4397.29980,4399.20020,504.0000
2026-09-21T23:20:00+00:00,4398.89990,4399.89990,4396.20020,4397.60010,589.0000
2026-09-21T23:25:00+00:00,4397.50000,4398.29980,4395.50000,4396.79980,413.0000
2026-09-21T23:30:00+00:00,4397.29980,4399.00000,4395.70020,4397.89990,483.0000
2026-09-21T23:35:00+00:00,4397.70020,4402.89990,4396.39990,4402.70020,1144.0000
2026-09-21T23:40:00+00:00,4402.70020,4408.60010,4402.70020,4406.39990,473.0000
2026-09-21T23:45:00+00:00,4406.60010,4408.60010,4404.39990,4405.70020,480.0000
2026-09-21T23:50:00+00:00,4405.60010,4405.70020,4401.79980,4403.79980,441.0000
2026-09-21T23:55:00+00:00,4403.70020,4408.39990,4403.39990,4406.79980,399.0000
2026-09-22T00:00:00+00:00,4407.00000,4414.10010,4405.00000,4410.39990,1053.0000
2026-09-22T00:05:00+00:00,4410.50000,4412.10010,4407.50000,4412.00000,529.0000
2026-09-22T00:10:00+00:00,4412.39990,4412.70020,4407.89990,4408.20020,305.0000
2026-09-22T00:15:00+00:00,4407.79980,4407.79980,4396.50000,4398.29980,975.0000
2026-09-22T00:20:00+00:00,4398.89990,4400.39990,4396.29980,4398.60010,249.0000
2026-09-22T00:25:00+00:00,4398.79980,4398.79980,4395.60010,4395.89990,180.0000
2026-09-22T00:30:00+00:00,4395.79980,4397.00000,4394.20020,4395.10010,233.0000
2026-09-22T00:35:00+00:00,4394.60010,4394.70020,4387.00000,4387.00000,516.0000
2026-09-22T00:40:00+00:00,4387.29980,4393.29980,4385.89990,4393.00000,659.0000
2026-09-22T00:45:00+00:00,4393.20020,4394.79980,4391.00000,4393.70020,456.0000
2026-09-22T00:50:00+00:00,4393.39990,4397.39990,4392.60010,4395.70020,271.0000
2026-09-22T00:55:00+00:00,4396.10010,4397.70020,4394.50000,4397.70020,267.0000
2026-09-22T01:00:00+00:00,4397.60010,4400.89990,4392.89990,4398.60010,977.0000
2026-09-22T01:05:00+00:00,4399.29980,4402.50000,4395.60010,4397.29980,478.0000
2026-09-22T01:10:00+00:00,4397.50000,4398.79980,4390.50000,4391.10010,499.0000
2026-09-22T01:15:00+00:00,4390.70020,4392.89990,4387.20020,4391.00000,416.0000
2026-09-22T01:20:00+00:00,4390.79980,4394.39990,4387.00000,4392.29980,387.0000
2026-09-22T01:25:00+00:00,4392.60010,4396.00000,4391.60010,4393.60010,288.0000
2026-09-22T01:30:00+00:00,4393.10010,4393.29980,4389.20020,4392.79980,145.0000
2026-09-22T01:35:00+00:00,4392.89990,4393.50000,4390.50000,4392.20020,277.0000
2026-09-22T01:40:00+00:00,4392.50000,4394.60010,4386.50000,4386.70020,318.0000
2026-09-22T01:45:00+00:00,4386.50000,4388.60010,4380.89990,4383.10010,653.0000
2026-09-22T01:50:00+00:00,4383.50000,4385.70020,4380.60010,4385.60010,413.0000
2026-09-22T01:55:00+00:00,4385.70020,4386.89990,4383.89990,4385.89990,253.0000
2026-09-22T02:00:00+00:00,4386.20020,4390.50000,4384.70020,4390.20020,565.0000
2026-09-22T02:05:00+00:00,4390.10010,4390.10010,4380.10010,4380.39990,448.0000
2026-09-22T02:10:00+00:00,4380.79980,4382.00000,4379.00000,4379.39990,584.0000
2026-09-22T02:15:00+00:00,4379.70020,4381.20020,4376.29980,4380.20020,454.0000
2026-09-22T02:20:00+00:00,4380.50000,4385.29980,4380.29980,4384.70020,383.0000
2026-09-22T02:25:00+00:00,4384.60010,4389.20020,4384.60010,4388.60010,360.0000
2026-09-22T02:30:00+00:00,4389.00000,4392.79980,4386.00000,4392.00000,650.0000
2026-09-22T02:35:00+00:00,4391.79980,4392.50000,4389.89990,4390.70020,212.0000
2026-09-22T02:40:00+00:00,4390.20020,4391.10010,4383.50000,4384.00000,509.0000
2026-09-22T02:45:00+00:00,4384.10010,4384.10010,4379.50000,4383.29980,1179.0000
2026-09-22T02:50:00+00:00,4383.20020,4383.89990,4378.50000,4379.20020,261.0000
2026-09-22T02:55:00+00:00,4379.00000,4382.20020,4377.29980,4381.79980,280.0000
2026-09-22T03:00:00+00:00,4381.60010,4383.00000,4379.00000,4379.39990,204.0000
2026-09-22T03:05:00+00:00,4379.20020,4380.50000,4376.60010,4377.20020,366.0000
2026-09-22T03:10:00+00:00,4377.20020,4382.60010,4376.50000,4382.60010,269.0000
2026-09-22T03:15:00+00:00,4382.60010,4383.39990,4380.79980,4381.10010,74.0000
2026-09-22T03:20:00+00:00,4381.70020,4382.60010,4378.29980,4379.89990,281.0000
2026-09-22T03:25:00+00:00,4380.00000,4383.20020,4379.79980,4383.20020,124.0000
2026-09-22T03:30:00+00:00,4382.89990,4385.00000,4381.50000,4384.00000,241.0000
2026-09-22T03:35:00+00:00,4383.89990,4386.60010,4382.20020,4384.29980,483.0000
2026-09-22T03:40:00+00:00,4384.10010,4384.70020,4377.79980,4379.89990,446.0000
2026-09-22T03:45:00+00:00,4379.89990,4380.70020,4378.10010,4380.29980,133.0000
2026-09-22T03:50:00+00:00,4380.50000,4381.20020,4377.50000,4378.00000,120.0000
2026-09-22T03:55:00+00:00,4378.39990,4380.20020,4378.10010,4379.10010,89.0000
2026-09-22T04:00:00+00:00,4378.50000,4378.89990,4371.39990,4374.00000,721.0000
2026-09-22T04:05:00+00:00,4373.79980,4375.60010,4372.89990,4373.70020,316.0000
2026-09-22T04:10:00+00:00,4373.39990,4376.60010,4372.50000,4375.10010,673.0000
2026-09-22T04:15:00+00:00,4375.20020,4375.89990,4372.79980,4373.60010,204.0000
2026-09-22T04:20:00+00:00,4373.50000,4376.50000,4373.10010,4376.00000,339.0000
2026-09-22T04:25:00+00:00,4375.70020,4375.70020,4373.10010,4374.50000,252.0000
2026-09-22T04:30:00+00:00,4374.20020,4374.70020,4373.20020,4373.60010,92.0000
2026-09-22T04:35:00+00:00,4373.39990,4377.79980,4373.29980,4377.50000,164.0000
2026-09-22T04:40:00+00:00,4377.50000,4377.50000,4375.29980,4377.20020,141.0000
2026-09-22T04:45:00+00:00,4377.10010,4377.60010,4375.60010,4377.10010,102.0000
2026-09-22T04:50:00+00:00,4376.70020,4379.70020,4376.20020,4379.50000,132.0000
2026-09-22T04:55:00+00:00,4379.39990,4379.79980,4376.79980,4379.50000,521.0000
2026-09-22T05:00:00+00:00,4379.60010,4380.70020,4377.10010,4380.00000,569.0000
2026-09-22T05:05:00+00:00,4379.89990,4383.39990,4377.79980,4382.89990,562.0000
2026-09-22T05:10:00+00:00,4383.00000,4384.20020,4382.10010,4383.10010,206.0000
2026-09-22T05:15:00+00:00,4383.00000,4383.50000,4375.70020,4375.70020,291.0000
2026-09-22T05:20:00+00:00,4375.50000,4376.10010,4366.20020,4366.79980,1098.0000
2026-09-22T05:25:00+00:00,4366.60010,4370.20020,4359.20020,4368.70020,1968.0000
2026-09-22T05:30:00+00:00,4368.50000,4370.00000,4360.00000,4362.50000,1428.0000
2026-09-22T05:35:00+00:00,4362.39990,4362.50000,4352.70020,4359.70020,1857.0000
2026-09-22T05:40:00+00:00,4359.39990,4363.50000,4357.00000,4357.29980,538.0000
2026-09-22T05:45:00+00:00,4357.60010,4368.29980,4356.60010,4366.79980,616.0000
2026-09-22T05:50:00+00:00,4366.70020,4369.79980,4364.50000,4364.60010,357.0000
2026-09-22T05:55:00+00:00,4364.50000,4365.60010,4359.50000,4360.29980,417.0000
2026-09-22T06:00:00+00:00,4360.39990,4361.00000,4354.50000,4355.29980,618.0000
2026-09-22T06:05:00+00:00,4354.89990,4356.50000,4351.79980,4355.50000,648.0000
2026-09-22T06:10:00+00:00,4355.89990,4357.20020,4351.79980,4356.29980,811.0000
2026-09-22T06:15:00+00:00,4356.10010,4357.39990,4354.00000,4354.00000,241.0000
2026-09-22T06:20:00+00:00,4353.79980,4356.39990,4352.20020,4354.50000,389.0000
2026-09-22T06:25:00+00:00,4354.00000,4357.10010,4353.79980,4354.70020,332.0000
2026-09-22T06:30:00+00:00,4354.79980,4357.29980,4354.10010,4354.89990,479.0000
2026-09-22T06:35:00+00:00,4355.20020,4356.39990,4352.10010,4353.39990,390.0000
2026-09-22T06:40:00+00:00,4353.89990,4357.39990,4353.89990,4357.00000,453.0000
2026-09-22T06:45:00+00:00,4357.00000,4358.39990,4354.20020,4357.60010,309.0000
2026-09-22T06:50:00+00:00,4357.79980,4358.20020,4353.60010,4353.79980,279.0000
2026-09-22T06:55:00+00:00,4353.70020,4356.20020,4351.89990,4355.00000,354.0000
2026-09-22T07:00:00+00:00,4354.29980,4358.00000,4354.20020,4355.00000,444.0000
2026-09-22T07:05:00+00:00,4355.20020,4357.20020,4351.29980,4356.70020,523.0000
2026-09-22T07:10:00+00:00,4355.89990,4360.00000,4354.70020,4356.89990,304.0000
2026-09-22T07:15:00+00:00,4357.00000,4361.00000,4357.00000,4359.70020,213.0000
2026-09-22T07:20:00+00:00,4359.29980,4360.70020,4358.00000,4358.50000,195.0000
2026-09-22T07:25:00+00:00,4358.20020,4359.50000,4351.70020,4351.79980,418.0000
2026-09-22T07:30:00+00:00,4351.79980,4352.29980,4345.20020,4347.70020,1272.0000
2026-09-22T07:35:00+00:00,4347.70020,4350.50000,4346.70020,4349.39990,498.0000
2026-09-22T07:40:00+00:00,4349.29980,4349.79980,4345.10010,4347.00000,403.0000
2026-09-22T07:45:00+00:00,4347.00000,4352.29980,4345.39990,4345.39990,677.0000
2026-09-22T07:50:00+00:00,4345.60010,4345.89990,4337.39990,4338.20020,2089.0000
2026-09-22T07:55:00+00:00,4338.29980,4340.20020,4335.50000,4337.50000,1566.0000
2026-09-22T08:00:00+00:00,4337.20020,4341.70020,4335.10010,4341.39990,1617.0000
2026-09-22T08:05:00+00:00,4341.20020,4348.29980,4340.50000,4347.10010,994.0000
2026-09-22T08:10:00+00:00,4347.20020,4347.70020,4340.00000,4340.00000,799.0000
2026-09-22T08:15:00+00:00,4340.10010,4340.60010,4336.89990,4340.29980,416.0000
2026-09-22T08:20:00+00:00,4340.50000,4342.29980,4337.00000,4339.29980,798.0000
2026-09-22T08:25:00+00:00,4338.79980,4344.20020,4333.39990,4337.00000,974.0000
2026-09-22T08:30:00+00:00,4337.29980,4337.29980,4327.60010,4333.70020,1612.0000
2026-09-22T08:35:00+00:00,4333.39990,4347.60010,4333.39990,4346.70020,1115.0000
2026-09-22T08:40:00+00:00,4346.50000,4358.10010,4344.79980,4356.50000,1530.0000
2026-09-22T08:45:00+00:00,4356.70020,4361.89990,4352.10010,4361.89990,974.0000
2026-09-22T08:50:00+00:00,4362.00000,4370.60010,4360.39990,4368.60010,1920.0000
2026-09-22T08:55:00+00:00,4368.20020,4372.70020,4363.50000,4367.29980,1262.0000
2026-09-22T09:00:00+00:00,4366.29980,4367.70020,4354.60010,4354.79980,1208.0000
2026-09-22T09:05:00+00:00,4354.70020,4359.29980,4354.29980,4356.00000,775.0000
2026-09-22T09:10:00+00:00,4355.29980,4359.39990,4353.29980,4354.89990,537.0000
2026-09-22T09:15:00+00:00,4354.79980,4360.20020,4353.60010,4353.70020,608.0000
2026-09-22T09:20:00+00:00,4353.50000,4356.20020,4353.00000,4354.79980,444.0000
2026-09-22T09:25:00+00:00,4354.60010,4354.60010,4350.79980,4351.20020,471.0000
2026-09-22T09:30:00+00:00,4351.50000,4354.70020,4349.20020,4351.89990,1755.0000
2026-09-22T09:35:00+00:00,4351.39990,4353.39990,4349.00000,4353.29980,273.0000
2026-09-22T09:40:00+00:00,4353.20020,4357.60010,4352.39990,4357.20020,540.0000
2026-09-22T09:45:00+00:00,4357.39990,4360.10010,4356.00000,4359.60010,306.0000
2026-09-22T09:50:00+00:00,4359.70020,4371.00000,4359.60010,4369.20020,1898.0000
2026-09-22T09:55:00+00:00,4369.00000,4375.29980,4361.89990,4374.10010,2065.0000
2026-09-22T10:00:00+00:00,4373.79980,4375.29980,4369.00000,4373.60010,851.0000
2026-09-22T10:05:00+00:00,4373.89990,4374.29980,4370.00000,4370.29980,383.0000
2026-09-22T10:10:00+00:00,4370.20020,4372.39990,4366.00000,4367.89990,399.0000
2026-09-22T10:15:00+00:00,4368.10010,4369.29980,4365.70020,4366.89990,221.0000
2026-09-22T10:20:00+00:00,4367.29980,4368.39990,4365.20020,4367.10010,203.0000
2026-09-22T10:25:00+00:00,4366.50000,4368.29980,4365.70020,4367.29980,201.0000
2026-09-22T10:30:00+00:00,4367.10010,4369.00000,4365.00000,4365.70020,281.0000
2026-09-22T10:35:00+00:00,4366.00000,4370.00000,4365.10010,4368.50000,153.0000
2026-09-22T10:40:00+00:00,4368.60010,4371.39990,4367.39990,4368.29980,254.0000
2026-09-22T10:45:00+00:00,4368.70020,4368.70020,4363.20020,4364.70020,474.0000
2026-09-22T10:50:00+00:00,4364.79980,4367.10010,4363.60010,4365.10010,458.0000
2026-09-22T10:55:00+00:00,4365.29980,4365.70020,4359.00000,4359.00000,403.0000
2026-09-22T11:00:00+00:00,4358.79980,4360.60010,4355.00000,4356.20020,552.0000
2026-09-22T11:05:00+00:00,4356.39990,4356.79980,4346.39990,4347.50000,1588.0000
2026-09-22T11:10:00+00:00,4347.89990,4353.50000,4346.29980,4352.70020,1042.0000
2026-09-22T11:15:00+00:00,4352.29980,4355.60010,4349.10010,4350.00000,608.0000
2026-09-22T11:20:00+00:00,4349.89990,4354.29980,4349.20020,4353.79980,384.0000
2026-09-22T11:25:00+00:00,4353.39990,4355.70020,4351.79980,4355.10010,361.0000
2026-09-22T11:30:00+00:00,4354.89990,4356.79980,4351.00000,4351.10010,336.0000
2026-09-22T11:35:00+00:00,4351.50000,4355.29980,4351.00000,4353.79980,184.0000
2026-09-22T11:40:00+00:00,4353.79980,4357.29980,4352.79980,4354.89990,418.0000
2026-09-22T11:45:00+00:00,4355.00000,4358.89990,4353.70020,4357.60010,434.0000
2026-09-22T11:50:00+00:00,4357.70020,4358.20020,4355.00000,4355.39990,329.0000
2026-09-22T11:55:00+00:00,4355.29980,4360.79980,4355.29980,4359.89990,699.0000
2026-09-22T12:00:00+00:00,4360.20020,4363.00000,4359.29980,4362.60010,614.0000
2026-09-22T12:05:00+00:00,4362.60010,4364.10010,4357.10010,4358.10010,426.0000
2026-09-22T12:10:00+00:00,4358.00000,4360.89990,4357.50000,4360.89990,216.0000
2026-09-22T12:15:00+00:00,4361.10010,4364.29980,4359.79980,4364.20020,400.0000
2026-09-22T12:20:00+00:00,4363.89990,4379.20020,4362.10010,4376.60010,2545.0000
2026-09-22T12:25:00+00:00,4376.79980,4380.00000,4368.79980,4374.50000,940.0000
2026-09-22T12:30:00+00:00,4374.20020,4381.39990,4372.50000,4376.89990,1448.0000
2026-09-22T12:35:00+00:00,4377.20020,4380.50000,4374.79980,4376.29980,751.0000
2026-09-22T12:40:00+00:00,4376.39990,4378.39990,4369.29980,4369.29980,693.0000
2026-09-22T12:45:00+00:00,4369.79980,4372.79980,4368.39990,4370.39990,712.0000
2026-09-22T12:50:00+00:00,4370.70020,4373.60010,4368.29980,4372.50000,756.0000
2026-09-22T12:55:00+00:00,4372.29980,4375.20020,4370.70020,4371.50000,665.0000
2026-09-22T13:00:00+00:00,4371.60010,4375.39990,4368.00000,4373.60010,1283.0000
2026-09-22T13:05:00+00:00,4374.00000,4379.20020,4368.60010,4377.20020,1214.0000
2026-09-22T13:10:00+00:00,4377.39990,4380.00000,4375.89990,4378.29980,652.0000
2026-09-22T13:15:00+00:00,4378.29980,4380.60010,4374.70020,4375.39990,775.0000
2026-09-22T13:20:00+00:00,4375.39990,4377.50000,4368.60010,4370.50000,728.0000
2026-09-22T13:25:00+00:00,4370.60010,4372.10010,4367.39990,4368.00000,677.0000
2026-09-22T13:30:00+00:00,4368.10010,4373.89990,4367.50000,4372.00000,1060.0000
2026-09-22T13:35:00+00:00,4372.20020,4374.60010,4368.20020,4369.00000,714.0000
2026-09-22T13:40:00+00:00,4369.10010,4380.60010,4365.20020,4379.00000,2118.0000
2026-09-22T13:45:00+00:00,4379.00000,4381.89990,4373.10010,4377.50000,1436.0000
2026-09-22T13:50:00+00:00,4377.60010,4378.70020,4369.60010,4369.79980,695.0000
2026-09-22T13:55:00+00:00,4369.60010,4375.70020,4367.50000,4371.00000,813.0000
2026-09-22T14:00:00+00:00,4370.79980,4372.50000,4366.00000,4366.20020,1596.0000
2026-09-22T14:05:00+00:00,4366.60010,4369.50000,4365.20020,4367.39990,719.0000
2026-09-22T14:10:00+00:00,4367.10010,4376.39990,4366.20020,4371.50000,1628.0000
2026-09-22T14:15:00+00:00,4371.20020,4372.10010,4363.10010,4366.29980,1109.0000
2026-09-22T14:20:00+00:00,4366.60010,4370.50000,4365.00000,4369.50000,537.0000
2026-09-22T14:25:00+00:00,4369.29980,4370.10010,4362.29980,4365.60010,1089.0000
2026-09-22T14:30:00+00:00,4365.60010,4367.29980,4361.79980,4362.50000,696.0000
2026-09-22T14:35:00+00:00,4362.39990,4371.79980,4358.60010,4361.79980,2752.0000
2026-09-22T14:40:00+00:00,4362.20020,4362.20020,4351.79980,4357.39990,2297.0000
2026-09-22T14:45:00+00:00,4357.50000,4361.60010,4354.89990,4359.29980,1399.0000
2026-09-22T14:50:00+00:00,4359.70020,4362.70020,4357.50000,4362.29980,611.0000
2026-09-22T14:55:00+00:00,4362.20020,4365.89990,4361.89990,4365.29980,559.0000
2026-09-22T15:00:00+00:00,4365.50000,4369.89990,4362.70020,4368.10010,856.0000
2026-09-22T15:05:00+00:00,4367.60010,4375.79980,4366.20020,4375.60010,1321.0000
2026-09-22T15:10:00+00:00,4375.50000,4378.00000,4372.60010,4374.00000,1663.0000
2026-09-22T15:15:00+00:00,4373.89990,4378.29980,4373.89990,4374.89990,1251.0000
2026-09-22T15:20:00+00:00,4375.00000,4376.79980,4372.39990,4374.70020,539.0000
2026-09-22T15:25:00+00:00,4374.50000,4374.50000,4369.79980,4369.79980,492.0000
2026-09-22T15:30:00+00:00,4369.70020,4370.89990,4365.20020,4367.50000,967.0000
2026-09-22T15:35:00+00:00,4367.39990,4368.20020,4364.79980,4366.29980,422.0000
2026-09-22T15:40:00+00:00,4366.20020,4367.39990,4364.79980,4365.50000,265.0000
2026-09-22T15:45:00+00:00,4365.20020,4365.29980,4362.60010,4363.79980,588.0000
2026-09-22T15:50:00+00:00,4363.89990,4366.89990,4362.79980,4366.10010,398.0000
2026-09-22T15:55:00+00:00,4366.10010,4369.39990,4365.10010,4368.70020,418.0000
2026-09-22T16:00:00+00:00,4368.60010,4369.79980,4363.20020,4364.29980,863.0000
2026-09-22T16:05:00+00:00,4364.20020,4364.50000,4361.70020,4362.20020,463.0000
2026-09-22T16:10:00+00:00,4362.29980,4362.89990,4359.79980,4361.10010,461.0000
2026-09-22T16:15:00+00:00,4361.00000,4364.29980,4360.70020,4363.70020,450.0000
2026-09-22T16:20:00+00:00,4363.79980,4364.50000,4361.70020,4363.20020,541.0000
2026-09-22T16:25:00+00:00,4362.89990,4364.89990,4362.89990,4364.29980,288.0000
2026-09-22T16:30:00+00:00,4364.39990,4366.20020,4363.60010,4366.00000,322.0000
2026-09-22T16:35:00+00:00,4366.20020,4366.50000,4364.79980,4366.29980,210.0000
2026-09-22T16:40:00+00:00,4366.39990,4370.00000,4365.29980,4369.70020,420.0000
2026-09-22T16:45:00+00:00,4369.79980,4379.20020,4368.79980,4377.60010,1698.0000
2026-09-22T16:50:00+00:00,4377.70020,4379.79980,4374.70020,4375.20020,1037.0000
2026-09-22T16:55:00+00:00,4375.29980,4377.10010,4372.39990,4374.10010,479.0000
2026-09-22T17:00:00+00:00,4374.00000,4375.70020,4372.50000,4374.89990,411.0000
2026-09-22T17:05:00+00:00,4375.00000,4378.89990,4374.60010,4375.60010,556.0000
2026-09-22T17:10:00+00:00,4375.70020,4377.79980,4375.00000,4375.70020,358.0000
2026-09-22T17:15:00+00:00,4375.79980,4378.10010,4374.60010,4375.20020,408.0000
2026-09-22T17:20:00+00:00,4375.20020,4377.70020,4374.00000,4374.29980,523.0000
2026-09-22T17:25:00+00:00,4374.39990,4377.50000,4373.20020,4377.20020,1167.0000
2026-09-22T17:30:00+00:00,4377.29980,4378.00000,4372.70020,4374.29980,347.0000
2026-09-22T17:35:00+00:00,4374.50000,4375.39990,4373.79980,4374.39990,190.0000
2026-09-22T17:40:00+00:00,4374.39990,4376.60010,4373.60010,4376.20020,163.0000
2026-09-22T17:45:00+00:00,4376.39990,4378.29980,4375.89990,4377.29980,215.0000
2026-09-22T17:50:00+00:00,4377.70020,4391.29980,4377.00000,4387.50000,3136.0000
2026-09-22T17:55:00+00:00,4387.60010,4390.70020,4386.39990,4388.89990,1233.0000
2026-09-22T18:00:00+00:00,4388.79980,4391.79980,4385.50000,4389.70020,1084.0000
2026-09-22T18:05:00+00:00,4389.89990,4397.89990,4389.70020,4395.60010,1713.0000
2026-09-22T18:10:00+00:00,4395.60010,4398.29980,4393.20020,4396.20020,1110.0000
2026-09-22T18:15:00+00:00,4396.00000,4398.79980,4395.50000,4396.29980,612.0000
2026-09-22T18:20:00+00:00,4395.70020,4397.89990,4392.60010,4393.29980,687.0000
2026-09-22T18:25:00+00:00,4393.39990,4395.20020,4391.70020,4394.10010,544.0000
2026-09-22T18:30:00+00:00,4394.39990,4394.89990,4389.79980,4390.60010,456.0000
2026-09-22T18:35:00+00:00,4390.60010,4391.39990,4387.79980,4389.89990,605.0000
2026-09-22T18:40:00+00:00,4389.79980,4389.89990,4386.29980,4388.00000,469.0000
2026-09-22T18:45:00+00:00,4388.39990,4391.60010,4388.29980,4390.50000,364.0000
2026-09-22T18:50:00+00:00,4390.79980,4391.79980,4389.60010,4389.79980,326.0000
2026-09-22T18:55:00+00:00,4389.89990,4391.10010,4388.39990,4390.89990,314.0000
2026-09-22T19:00:00+00:00,4391.10010,4393.60010,4390.70020,4392.10010,295.0000
2026-09-22T19:05:00+00:00,4392.00000,4395.60010,4391.10010,4394.89990,324.0000
2026-09-22T19:10:00+00:00,4394.70020,4396.79980,4394.50000,4395.50000,395.0000
2026-09-22T19:15:00+00:00,4396.00000,4396.50000,4394.00000,4395.50000,208.0000
2026-09-22T19:20:00+00:00,4395.60010,4396.89990,4393.89990,4396.20020,493.0000
2026-09-22T19:25:00+00:00,4396.39990,4399.00000,4394.70020,4397.10010,948.0000
2026-09-22T19:30:00+00:00,4397.20020,4408.70020,4397.20020,4408.29980,1952.0000
2026-09-22T19:35:00+00:00,4408.10010,4409.60010,4404.60010,4407.79980,1495.0000
2026-09-22T19:40:00+00:00,4408.20020,4409.39990,4404.79980,4407.29980,715.0000
2026-09-22T19:45:00+00:00,4407.60010,4408.70020,4406.39990,4407.60010,468.0000
2026-09-22T19:50:00+00:00,4407.20020,4407.39990,4404.70020,4405.00000,455.0000
2026-09-22T19:55:00+00:00,4404.79980,4405.00000,4401.10010,4401.79980,658.0000
2026-09-22T20:00:00+00:00,4402.10010,4402.50000,4400.10010,4400.50000,661.0000
2026-09-22T20:05:00+00:00,4400.60010,4400.89990,4398.39990,4399.79980,631.0000
2026-09-22T20:10:00+00:00,4400.00000,4400.20020,4396.10010,4397.10010,330.0000
2026-09-22T20:15:00+00:00,4397.20020,4398.29980,4396.79980,4397.29980,116.0000
2026-09-22T20:20:00+00:00,4397.20020,4398.70020,4396.39990,4398.39990,118.0000
2026-09-22T20:25:00+00:00,4398.29980,4398.39990,4397.20020,4397.50000,91.0000
2026-09-22T20:30:00+00:00,4397.60010,4398.29980,4396.50000,4397.00000,146.0000
2026-09-22T20:35:00+00:00,4397.00000,4397.10010,4395.39990,4395.70020,317.0000
2026-09-22T20:40:00+00:00,4395.89990,4397.20020,4395.89990,4396.60010,63.0000
2026-09-22T20:45:00+00:00,4396.60010,4396.70020,4395.70020,4395.70020,129.0000
2026-09-22T20:50:00+00:00,4395.89990,4398.10010,4395.79980,4396.50000,139.0000
2026-09-22T20:55:00+00:00,4396.29980,4397.20020,4393.50000,4396.20020,428.0000
2026-09-22T22:00:00+00:00,4394.70020,4401.20020,4394.70020,4401.10010,0.0000
2026-09-22T22:05:00+00:00,4401.20020,4402.79980,4399.39990,4399.79980,189.0000
2026-09-22T22:10:00+00:00,4399.89990,4402.39990,4399.20020,4402.20020,115.0000
2026-09-22T22:15:00+00:00,4401.89990,4402.20020,4400.89990,4402.00000,86.0000
2026-09-22T22:20:00+00:00,4401.60010,4402.10010,4400.39990,4402.10010,175.0000
2026-09-22T22:25:00+00:00,4402.10010,4403.50000,4401.10010,4403.00000,361.0000
2026-09-22T22:30:00+00:00,4402.89990,4403.79980,4401.50000,4402.60010,123.0000
2026-09-22T22:35:00+00:00,4402.79980,4403.20020,4401.79980,4402.29980,82.0000
2026-09-22T22:40:00+00:00,4402.50000,4403.39990,4401.29980,4401.39990,163.0000
2026-09-22T22:45:00+00:00,4401.39990,4401.60010,4400.29980,4400.29980,75.0000
2026-09-22T22:50:00+00:00,4400.60010,4401.39990,4398.89990,4400.79980,181.0000
2026-09-22T22:55:00+00:00,4400.89990,4401.50000,4399.89990,4400.60010,102.0000
2026-09-22T23:00:00+00:00,4400.79980,4402.70020,4400.29980,4402.20020,162.0000
2026-09-22T23:05:00+00:00,4402.00000,4402.20020,4400.70020,4401.70020,64.0000
2026-09-22T23:10:00+00:00,4401.70020,4402.20020,4399.29980,4400.10010,180.0000
2026-09-22T23:15:00+00:00,4400.00000,4404.10010,4398.89990,4403.39990,139.0000
2026-09-22T23:20:00+00:00,4403.39990,4403.50000,4401.60010,4402.29980,136.0000
2026-09-22T23:25:00+00:00,4402.39990,4402.39990,4401.00000,4402.29980,46.0000
2026-09-22T23:30:00+00:00,4402.10010,4403.00000,4401.50000,4402.00000,45.0000
2026-09-22T23:35:00+00:00,4401.50000,4403.00000,4399.10010,4402.00000,391.0000
2026-09-22T23:40:00+00:00,4401.50000,4403.29980,4401.50000,4402.20020,78.0000
2026-09-22T23:45:00+00:00,4402.70020,4402.70020,4397.70020,4398.20020,239.0000
2026-09-22T23:50:00+00:00,4398.39990,4401.70020,4396.39990,4401.29980,367.0000
2026-09-22T23:55:00+00:00,4401.60010,4403.50000,4399.89990,4402.00000,349.0000
2026-09-23T00:00:00+00:00,4401.39990,4407.50000,4400.50000,4405.10010,383.0000
2026-09-23T00:05:00+00:00,4404.60010,4404.79980,4399.39990,4401.00000,178.0000
2026-09-23T00:10:00+00:00,4400.50000,4404.00000,4399.89990,4403.39990,135.0000
2026-09-23T00:15:00+00:00,4403.10010,4403.89990,4400.60010,4401.29980,373.0000
2026-09-23T00:20:00+00:00,4401.29980,4401.39990,4397.60010,4398.10010,217.0000
2026-09-23T00:25:00+00:00,4398.39990,4399.39990,4396.20020,4396.60010,152.0000
2026-09-23T00:30:00+00:00,4396.29980,4399.20020,4395.70020,4396.50000,374.0000
2026-09-23T00:35:00+00:00,4396.60010,4397.20020,4392.29980,4394.89990,888.0000
2026-09-23T00:40:00+00:00,4394.79980,4396.79980,4393.20020,4396.60010,836.0000
2026-09-23T00:45:00+00:00,4396.50000,4398.20020,4394.20020,4394.50000,411.0000
2026-09-23T00:50:00+00:00,4394.70020,4396.10010,4394.10010,4394.20020,151.0000
2026-09-23T00:55:00+00:00,4394.39990,4396.00000,4393.60010,4394.79980,267.0000
2026-09-23T01:00:00+00:00,4395.00000,4396.60010,4387.60010,4388.39990,1156.0000
2026-09-23T01:05:00+00:00,4388.70020,4390.50000,4387.39990,4388.00000,405.0000
2026-09-23T01:10:00+00:00,4387.79980,4387.89990,4383.39990,4387.00000,607.0000
2026-09-23T01:15:00+00:00,4386.89990,4386.89990,4382.89990,4385.39990,355.0000
2026-09-23T01:20:00+00:00,4384.89990,4386.29980,4383.79980,4385.10010,167.0000
2026-09-23T01:25:00+00:00,4384.39990,4384.39990,4379.39990,4380.70020,627.0000
2026-09-23T01:30:00+00:00,4380.60010,4381.50000,4378.60010,4380.60010,506.0000
2026-09-23T01:35:00+00:00,4380.60010,4383.39990,4380.29980,4382.70020,370.0000
2026-09-23T01:40:00+00:00,4382.70020,4383.20020,4379.10010,4381.79980,271.0000
2026-09-23T01:45:00+00:00,4381.89990,4383.70020,4380.79980,4382.70020,351.0000
2026-09-23T01:50:00+00:00,4382.39990,4383.50000,4377.60010,4377.79980,335.0000
2026-09-23T01:55:00+00:00,4377.60010,4378.60010,4375.89990,4378.29980,335.0000
2026-09-23T02:00:00+00:00,4378.20020,4378.29980,4375.00000,4375.39990,277.0000
2026-09-23T02:05:00+00:00,4376.00000,4376.60010,4374.70020,4375.39990,244.0000
2026-09-23T02:10:00+00:00,4375.00000,4376.50000,4374.00000,4374.10010,197.0000
2026-09-23T02:15:00+00:00,4374.29980,4374.29980,4371.29980,4372.70020,570.0000
2026-09-23T02:20:00+00:00,4372.50000,4375.20020,4371.60010,4374.89990,355.0000
2026-09-23T02:25:00+00:00,4374.70020,4376.70020,4374.50000,4375.29980,249.0000
2026-09-23T02:30:00+00:00,4375.50000,4376.20020,4373.50000,4375.20020,226.0000
2026-09-23T02:35:00+00:00,4374.50000,4375.70020,4370.20020,4370.89990,497.0000
2026-09-23T02:40:00+00:00,4370.89990,4374.20020,4370.79980,4374.00000,169.0000
2026-09-23T02:45:00+00:00,4374.00000,4374.89990,4371.79980,4372.00000,210.0000
2026-09-23T02:50:00+00:00,4372.20020,4373.70020,4371.29980,4373.00000,230.0000
2026-09-23T02:55:00+00:00,4372.79980,4372.79980,4370.10010,4370.70020,263.0000
2026-09-23T03:00:00+00:00,4370.70020,4372.39990,4370.00000,4371.89990,266.0000
2026-09-23T03:05:00+00:00,4371.79980,4373.89990,4371.10010,4372.70020,233.0000
2026-09-23T03:10:00+00:00,4372.50000,4376.60010,4372.39990,4375.50000,267.0000
2026-09-23T03:15:00+00:00,4375.89990,4376.10010,4372.60010,4373.50000,196.0000
2026-09-23T03:20:00+00:00,4373.20020,4377.20020,4373.00000,4376.60010,132.0000
2026-09-23T03:25:00+00:00,4376.20020,4377.20020,4374.89990,4375.00000,208.0000
2026-09-23T03:30:00+00:00,4374.70020,4377.60010,4374.10010,4376.10010,162.0000
2026-09-23T03:35:00+00:00,4376.39990,4377.00000,4375.70020,4376.70020,91.0000
2026-09-23T03:40:00+00:00,4376.79980,4378.70020,4376.70020,4378.50000,208.0000
2026-09-23T03:45:00+00:00,4378.50000,4379.79980,4378.50000,4379.00000,162.0000
2026-09-23T03:50:00+00:00,4379.00000,4381.50000,4378.70020,4381.29980,228.0000
2026-09-23T03:55:00+00:00,4381.29980,4382.39990,4379.79980,4380.00000,474.0000
2026-09-23T04:00:00+00:00,4379.39990,4381.79980,4379.20020,4381.50000,292.0000
2026-09-23T04:05:00+00:00,4381.29980,4382.70020,4381.10010,4381.70020,187.0000
2026-09-23T04:10:00+00:00,4381.60010,4384.20020,4381.10010,4383.10010,153.0000
2026-09-23T04:15:00+00:00,4382.89990,4384.29980,4381.79980,4383.89990,153.0000
2026-09-23T04:20:00+00:00,4383.39990,4384.39990,4381.60010,4381.79980,104.0000
2026-09-23T04:25:00+00:00,4382.39990,4382.39990,4381.79980,4382.29980,28.0000
2026-09-23T04:30:00+00:00,4382.39990,4383.39990,4381.20020,4382.39990,102.0000
2026-09-23T04:35:00+00:00,4382.89990,4383.79980,4381.20020,4381.60010,72.0000
2026-09-23T04:40:00+00:00,4381.60010,4382.79980,4380.50000,4381.50000,107.0000
2026-09-23T04:45:00+00:00,4381.50000,4383.79980,4381.29980,4383.79980,111.0000
2026-09-23T04:50:00+00:00,4383.79980,4383.79980,4380.70020,4382.10010,128.0000
2026-09-23T04:55:00+00:00,4382.10010,4382.10010,4380.79980,4381.00000,99.0000
2026-09-23T05:00:00+00:00,4381.20020,4382.50000,4379.50000,4381.60010,323.0000
2026-09-23T05:05:00+00:00,4381.10010,4382.89990,4380.70020,4381.00000,187.0000
2026-09-23T05:10:00+00:00,4380.70020,4380.70020,4379.20020,4379.39990,83.0000
2026-09-23T05:15:00+00:00,4379.79980,4380.50000,4378.70020,4379.50000,390.0000
2026-09-23T05:20:00+00:00,4379.39990,4380.00000,4378.70020,4379.29980,127.0000
2026-09-23T05:25:00+00:00,4378.89990,4380.70020,4377.29980,4378.20020,119.0000
2026-09-23T05:30:00+00:00,4378.20020,4379.39990,4374.70020,4374.79980,467.0000
2026-09-23T05:35:00+00:00,4375.10010,4375.10010,4371.60010,4371.89990,297.0000
2026-09-23T05:40:00+00:00,4372.00000,4373.79980,4366.20020,4366.79980,943.0000
2026-09-23T05:45:00+00:00,4366.89990,4369.00000,4366.29980,4366.70020,301.0000
2026-09-23T05:50:00+00:00,4366.70020,4370.60010,4365.10010,4370.00000,370.0000
2026-09-23T05:55:00+00:00,4370.20020,4372.50000,4369.79980,4372.29980,286.0000
2026-09-23T06:00:00+00:00,4371.79980,4374.10010,4370.89990,4372.20020,527.0000
2026-09-23T06:05:00+00:00,4372.29980,4372.79980,4368.70020,4368.89990,318.0000
2026-09-23T06:10:00+00:00,4368.50000,4368.79980,4366.50000,4368.00000,406.0000
2026-09-23T06:15:00+00:00,4367.70020,4367.79980,4364.39990,4366.70020,458.0000
2026-09-23T06:20:00+00:00,4366.50000,4367.20020,4363.29980,4367.10010,371.0000
2026-09-23T06:25:00+00:00,4367.29980,4368.29980,4365.89990,4365.89990,350.0000
2026-09-23T06:30:00+00:00,4366.20020,4369.10010,4365.70020,4368.60010,323.0000
2026-09-23T06:35:00+00:00,4369.00000,4370.60010,4368.39990,4370.50000,256.0000
2026-09-23T06:40:00+00:00,4370.70020,4371.79980,4370.00000,4371.10010,183.0000
2026-09-23T06:45:00+00:00,4371.10010,4374.10010,4368.10010,4372.89990,430.0000
2026-09-23T06:50:00+00:00,4372.89990,4373.20020,4370.00000,4370.29980,166.0000
2026-09-23T06:55:00+00:00,4370.20020,4370.20020,4367.10010,4368.50000,341.0000
2026-09-23T07:00:00+00:00,4367.79980,4369.60010,4366.50000,4368.00000,323.0000
2026-09-23T07:05:00+00:00,4368.00000,4368.29980,4364.20020,4365.20020,529.0000
2026-09-23T07:10:00+00:00,4365.20020,4365.50000,4360.50000,4361.50000,1076.0000
2026-09-23T07:15:00+00:00,4361.70020,4365.39990,4361.50000,4362.89990,784.0000
2026-09-23T07:20:00+00:00,4362.70020,4364.00000,4361.89990,4363.00000,295.0000
2026-09-23T07:25:00+00:00,4362.79980,4362.79980,4358.89990,4360.79980,719.0000
2026-09-23T07:30:00+00:00,4360.70020,4362.20020,4356.70020,4357.39990,1050.0000
2026-09-23T07:35:00+00:00,4357.20020,4360.20020,4356.10010,4358.70020,398.0000
2026-09-23T07:40:00+00:00,4358.60010,4360.10010,4357.39990,4359.20020,508.0000
2026-09-23T07:45:00+00:00,4359.20020,4359.79980,4357.70020,4359.70020,251.0000
2026-09-23T07:50:00+00:00,4359.79980,4362.10010,4358.39990,4359.10010,328.0000
2026-09-23T07:55:00+00:00,4358.79980,4362.29980,4355.10010,4356.20020,851.0000
2026-09-23T08:00:00+00:00,4356.20020,4358.39990,4355.00000,4356.70020,755.0000
2026-09-23T08:05:00+00:00,4356.29980,4358.00000,4354.39990,4355.20020,353.0000
2026-09-23T08:10:00+00:00,4355.50000,4356.70020,4353.79980,4356.60010,271.0000
2026-09-23T08:15:00+00:00,4356.70020,4357.39990,4354.10010,4355.60010,420.0000
2026-09-23T08:20:00+00:00,4355.50000,4358.89990,4355.20020,4358.79980,388.0000
2026-09-23T08:25:00+00:00,4358.60010,4359.79980,4355.79980,4356.20020,413.0000
2026-09-23T08:30:00+00:00,4356.00000,4357.29980,4353.39990,4355.39990,462.0000
2026-09-23T08:35:00+00:00,4355.79980,4357.29980,4352.89990,4354.10010,357.0000
2026-09-23T08:40:00+00:00,4354.10010,4355.60010,4352.70020,4353.60010,211.0000
2026-09-23T08:45:00+00:00,4353.29980,4356.29980,4352.20020,4356.00000,327.0000
2026-09-23T08:50:00+00:00,4355.70020,4355.70020,4353.50000,4353.89990,228.0000
2026-09-23T08:55:00+00:00,4354.10010,4356.29980,4353.60010,4355.00000,245.0000
2026-09-23T09:00:00+00:00,4354.89990,4357.29980,4354.79980,4355.00000,335.0000
2026-09-23T09:05:00+00:00,4354.39990,4356.29980,4354.10010,4355.89990,127.0000
2026-09-23T09:10:00+00:00,4356.00000,4357.29980,4355.50000,4356.79980,184.0000
2026-09-23T09:15:00+00:00,4356.70020,4356.89990,4352.29980,4354.10010,245.0000
2026-09-23T09:20:00+00:00,4354.00000,4356.39990,4352.89990,4356.20020,301.0000
2026-09-23T09:25:00+00:00,4356.00000,4357.00000,4352.79980,4354.00000,252.0000
2026-09-23T09:30:00+00:00,4353.89990,4356.00000,4350.20020,4351.00000,570.0000
2026-09-23T09:35:00+00:00,4350.70020,4352.79980,4350.60010,4351.60010,188.0000
2026-09-23T09:40:00+00:00,4351.50000,4353.60010,4350.89990,4353.39990,179.0000
2026-09-23T09:45:00+00:00,4353.29980,4353.29980,4345.29980,4345.70020,1136.0000
2026-09-23T09:50:00+00:00,4345.89990,4349.79980,4345.70020,4349.50000,543.0000
2026-09-23T09:55:00+00:00,4349.39990,4351.29980,4349.10010,4350.60010,216.0000
2026-09-23T10:00:00+00:00,4351.10010,4355.89990,4350.50000,4355.10010,506.0000
2026-09-23T10:05:00+00:00,4354.79980,4354.79980,4353.00000,4353.39990,693.0000
2026-09-23T10:10:00+00:00,4353.29980,4353.79980,4352.10010,4353.79980,120.0000
2026-09-23T10:15:00+00:00,4353.60010,4353.79980,4352.39990,4353.70020,139.0000
2026-09-23T10:20:00+00:00,4353.50000,4353.89990,4351.50000,4352.29980,111.0000
2026-09-23T10:25:00+00:00,4352.00000,4354.89990,4351.20020,4354.50000,312.0000
2026-09-23T10:30:00+00:00,4354.50000,4356.00000,4352.50000,4353.10010,388.0000
2026-09-23T10:35:00+00:00,4352.50000,4353.70020,4351.60010,4353.20020,137.0000
2026-09-23T10:40:00+00:00,4353.00000,4353.10010,4351.20020,4352.50000,100.0000
2026-09-23T10:45:00+00:00,4352.29980,4352.29980,4349.00000,4349.89990,279.0000
2026-09-23T10:50:00+00:00,4350.00000,4352.89990,4350.00000,4351.89990,329.0000
2026-09-23T10:55:00+00:00,4352.39990,4352.60010,4351.00000,4352.50000,118.0000
2026-09-23T11:00:00+00:00,4352.10010,4353.70020,4349.70020,4352.00000,274.0000
2026-09-23T11:05:00+00:00,4351.29980,4352.70020,4350.70020,4352.20020,115.0000
2026-09-23T11:10:00+00:00,4352.39990,4354.00000,4350.89990,4351.89990,172.0000
2026-09-23T11:15:00+00:00,4351.89990,4352.60010,4347.39990,4347.89990,178.0000
2026-09-23T11:20:00+00:00,4348.00000,4348.39990,4340.79980,4342.39990,1263.0000
2026-09-23T11:25:00+00:00,4342.60010,4345.60010,4340.50000,4342.89990,699.0000
2026-09-23T11:30:00+00:00,4343.10010,4343.50000,4337.50000,4338.70020,936.0000
2026-09-23T11:35:00+00:00,4339.00000,4340.60010,4330.89990,4336.10010,1253.0000
2026-09-23T11:40:00+00:00,4336.29980,4341.60010,4334.70020,4341.50000,692.0000
2026-09-23T11:45:00+00:00,4341.29980,4345.20020,4340.70020,4344.00000,822.0000
2026-09-23T11:50:00+00:00,4344.10010,4346.70020,4342.50000,4345.89990,368.0000
2026-09-23T11:55:00+00:00,4346.10010,4346.70020,4344.79980,4346.29980,275.0000
2026-09-23T12:00:00+00:00,4346.39990,4350.60010,4345.79980,4349.10010,554.0000
2026-09-23T12:05:00+00:00,4349.00000,4352.00000,4348.70020,4349.79980,482.0000
2026-09-23T12:10:00+00:00,4350.50000,4355.60010,4349.60010,4355.60010,855.0000
2026-09-23T12:15:00+00:00,4355.50000,4355.50000,4350.50000,4351.60010,524.0000
2026-09-23T12:20:00+00:00,4351.39990,4351.39990,4346.50000,4351.00000,962.0000
2026-09-23T12:25:00+00:00,4350.79980,4351.50000,4347.10010,4347.70020,784.0000
2026-09-23T12:30:00+00:00,4347.60010,4347.79980,4344.39990,4345.50000,839.0000
2026-09-23T12:35:00+00:00,4345.29980,4346.29980,4339.79980,4340.00000,933.0000
2026-09-23T12:40:00+00:00,4340.29980,4343.20020,4338.50000,4340.29980,1124.0000
2026-09-23T12:45:00+00:00,4340.20020,4343.29980,4338.60010,4340.60010,534.0000
2026-09-23T12:50:00+00:00,4340.20020,4340.89990,4337.20020,4339.79980,791.0000
2026-09-23T12:55:00+00:00,4339.89990,4347.39990,4338.10010,4346.29980,754.0000
2026-09-23T13:00:00+00:00,4346.29980,4347.20020,4341.20020,4342.29980,1288.0000
2026-09-23T13:05:00+00:00,4342.20020,4342.89990,4337.79980,4338.50000,502.0000
2026-09-23T13:10:00+00:00,4338.50000,4339.89990,4334.79980,4339.29980,894.0000
2026-09-23T13:15:00+00:00,4339.00000,4342.89990,4338.39990,4339.20020,549.0000
2026-09-23T13:20:00+00:00,4339.39990,4343.79980,4339.20020,4341.20020,513.0000
2026-09-23T13:25:00+00:00,4340.89990,4349.29980,4340.89990,4349.29980,697.0000
2026-09-23T13:30:00+00:00,4349.10010,4350.60010,4337.50000,4337.79980,1302.0000
2026-09-23T13:35:00+00:00,4337.60010,4341.89990,4335.20020,4340.20020,1039.0000
2026-09-23T13:40:00+00:00,4339.79980,4341.20020,4323.00000,4329.60010,3559.0000
2026-09-23T13:45:00+00:00,4329.20020,4329.20020,4317.29980,4321.20020,3378.0000
2026-09-23T13:50:00+00:00,4321.29980,4326.10010,4318.70020,4319.70020,2226.0000
2026-09-23T13:55:00+00:00,4319.70020,4323.50000,4317.89990,4320.39990,1676.0000
2026-09-23T14:00:00+00:00,4320.10010,4328.70020,4320.00000,4326.79980,2599.0000
2026-09-23T14:05:00+00:00,4326.79980,4330.20020,4322.70020,4328.60010,981.0000
2026-09-23T14:10:00+00:00,4328.50000,4329.00000,4318.50000,4320.29980,1429.0000
2026-09-23T14:15:00+00:00,4320.10010,4324.29980,4314.39990,4314.50000,1971.0000
2026-09-23T14:20:00+00:00,4314.70020,4320.79980,4314.50000,4320.79980,1115.0000
2026-09-23T14:25:00+00:00,4320.89990,4321.50000,4313.89990,4317.10010,1597.0000
2026-09-23T14:30:00+00:00,4316.79980,4327.00000,4316.50000,4325.70020,1747.0000
2026-09-23T14:35:00+00:00,4325.89990,4328.50000,4318.50000,4318.50000,1197.0000
2026-09-23T14:40:00+00:00,4318.60010,4324.29980,4318.60010,4323.00000,904.0000
2026-09-23T14:45:00+00:00,4323.10010,4324.39990,4320.50000,4322.10010,943.0000
2026-09-23T14:50:00+00:00,4322.20020,4335.00000,4320.20020,4333.39990,3248.0000
2026-09-23T14:55:00+00:00,4333.39990,4333.60010,4327.00000,4330.60010,1399.0000
2026-09-23T15:00:00+00:00,4330.60010,4331.89990,4325.60010,4326.50000,1212.0000
2026-09-23T15:05:00+00:00,4326.50000,4331.20020,4325.70020,4330.39990,666.0000
2026-09-23T15:10:00+00:00,4330.50000,4333.60010,4329.89990,4330.39990,774.0000
2026-09-23T15:15:00+00:00,4330.29980,4331.50000,4326.20020,4329.29980,662.0000
2026-09-23T15:20:00+00:00,4329.20020,4329.79980,4326.70020,4328.29980,378.0000
2026-09-23T15:25:00+00:00,4328.20020,4330.20020,4319.10010,4319.60010,1297.0000
2026-09-23T15:30:00+00:00,4319.70020,4320.50000,4316.60010,4320.29980,1092.0000
2026-09-23T15:35:00+00:00,4319.89990,4322.00000,4314.70020,4315.89990,1047.0000
2026-09-23T15:40:00+00:00,4315.70020,4320.70020,4314.89990,4320.10010,765.0000
2026-09-23T15:45:00+00:00,4319.79980,4321.29980,4313.29980,4314.39990,1080.0000
2026-09-23T15:50:00+00:00,4314.20020,4317.39990,4313.60010,4317.00000,752.0000
2026-09-23T15:55:00+00:00,4317.00000,4318.60010,4316.60010,4318.29980,542.0000
2026-09-23T16:00:00+00:00,4318.29980,4319.39990,4314.89990,4315.60010,516.0000
2026-09-23T16:05:00+00:00,4315.20020,4320.60010,4314.50000,4318.70020,500.0000
2026-09-23T16:10:00+00:00,4318.79980,4320.10010,4318.00000,4319.20020,361.0000
2026-09-23T16:15:00+00:00,4319.39990,4321.20020,4318.60010,4320.29980,329.0000
2026-09-23T16:20:00+00:00,4320.29980,4320.79980,4318.29980,4318.29980,229.0000
2026-09-23T16:25:00+00:00,4318.70020,4322.00000,4318.70020,4322.00000,491.0000
2026-09-23T16:30:00+00:00,4322.20020,4324.39990,4321.00000,4323.10010,542.0000
2026-09-23T16:35:00+00:00,4323.20020,4326.10010,4322.29980,4324.60010,386.0000
2026-09-23T16:40:00+00:00,4323.79980,4324.10010,4322.10010,4322.20020,366.0000
2026-09-23T16:45:00+00:00,4322.39990,4323.00000,4317.00000,4319.00000,810.0000
2026-09-23T16:50:00+00:00,4319.29980,4320.60010,4314.70020,4319.20020,972.0000
2026-09-23T16:55:00+00:00,4319.00000,4322.10010,4318.10010,4321.10010,648.0000
2026-09-23T17:00:00+00:00,4321.20020,4322.00000,4311.50000,4314.39990,1720.0000
2026-09-23T17:05:00+00:00,4314.39990,4320.29980,4314.10010,4319.79980,875.0000
2026-09-23T17:10:00+00:00,4319.89990,4321.39990,4313.89990,4315.20020,732.0000
2026-09-23T17:15:00+00:00,4315.00000,4317.29980,4312.70020,4316.10010,702.0000
2026-09-23T17:20:00+00:00,4315.79980,4320.29980,4315.50000,4318.60010,593.0000
2026-09-23T17:25:00+00:00,4318.50000,4320.20020,4317.29980,4318.60010,1782.0000
2026-09-23T17:30:00+00:00,4318.39990,4318.70020,4313.39990,4317.00000,748.0000
2026-09-23T17:35:00+00:00,4316.79980,4317.10010,4311.70020,4312.70020,519.0000
2026-09-23T17:40:00+00:00,4312.50000,4326.00000,4310.70020,4324.70020,2068.0000
2026-09-23T17:45:00+00:00,4324.20020,4327.39990,4323.60010,4327.29980,688.0000
2026-09-23T17:50:00+00:00,4327.29980,4328.10010,4325.39990,4327.60010,435.0000
2026-09-23T17:55:00+00:00,4327.89990,4330.00000,4325.29980,4329.50000,516.0000
2026-09-23T18:00:00+00:00,4329.60010,4331.50000,4326.89990,4327.10010,525.0000
2026-09-23T18:05:00+00:00,4327.20020,4327.70020,4326.10010,4327.20020,187.0000
2026-09-23T18:10:00+00:00,4326.70020,4327.10010,4324.50000,4325.79980,244.0000
2026-09-23T18:15:00+00:00,4325.70020,4327.70020,4324.79980,4326.89990,297.0000
2026-09-23T18:20:00+00:00,4326.20020,4327.10010,4324.00000,4324.10010,197.0000
2026-09-23T18:25:00+00:00,4324.20020,4324.50000,4319.89990,4322.20020,451.0000
2026-09-23T18:30:00+00:00,4322.29980,4323.39990,4320.79980,4322.60010,188.0000
2026-09-23T18:35:00+00:00,4323.20020,4323.79980,4320.79980,4321.20020,189.0000
2026-09-23T18:40:00+00:00,4321.39990,4322.70020,4320.29980,4320.39990,197.0000
2026-09-23T18:45:00+00:00,4320.20020,4323.29980,4319.00000,4323.10010,228.0000
2026-09-23T18:50:00+00:00,4322.89990,4324.60010,4322.89990,4324.60010,353.0000
2026-09-23T18:55:00+00:00,4324.50000,4327.00000,4323.60010,4326.79980,484.0000
2026-09-23T19:00:00+00:00,4326.70020,4327.20020,4324.29980,4325.10010,202.0000
2026-09-23T19:05:00+00:00,4325.29980,4329.89990,4324.60010,4325.89990,337.0000
2026-09-23T19:10:00+00:00,4326.00000,4326.50000,4320.89990,4320.89990,552.0000
2026-09-23T19:15:00+00:00,4321.10010,4322.60010,4319.70020,4320.70020,297.0000
2026-09-23T19:20:00+00:00,4320.70020,4322.29980,4319.89990,4322.29980,360.0000
2026-09-23T19:25:00+00:00,4322.10010,4323.89990,4321.00000,4323.20020,183.0000
2026-09-23T19:30:00+00:00,4323.20020,4323.79980,4320.10010,4322.20020,277.0000
2026-09-23T19:35:00+00:00,4322.10010,4322.29980,4317.29980,4318.39990,488.0000
2026-09-23T19:40:00+00:00,4318.60010,4321.20020,4318.00000,4318.89990,299.0000
2026-09-23T19:45:00+00:00,4318.89990,4323.20020,4318.50000,4322.89990,283.0000
2026-09-23T19:50:00+00:00,4323.10010,4323.50000,4319.39990,4319.50000,758.0000
2026-09-23T19:55:00+00:00,4319.60010,4321.29980,4318.29980,4320.60010,542.0000
2026-09-23T20:00:00+00:00,4320.29980,4322.00000,4319.50000,4320.89990,474.0000
2026-09-23T20:05:00+00:00,4321.20020,4324.00000,4321.10010,4323.29980,168.0000
2026-09-23T20:10:00+00:00,4323.20020,4323.39990,4320.89990,4320.89990,99.0000
2026-09-23T20:15:00+00:00,4321.10010,4321.89990,4319.29980,4319.29980,812.0000
2026-09-23T20:20:00+00:00,4319.60010,4320.70020,4318.39990,4320.20020,184.0000
2026-09-23T20:25:00+00:00,4320.39990,4321.20020,4320.10010,4321.20020,94.0000
2026-09-23T20:30:00+00:00,4321.79980,4322.29980,4318.60010,4318.89990,197.0000
2026-09-23T20:35:00+00:00,4319.10010,4320.79980,4319.00000,4320.29980,107.0000
2026-09-23T20:40:00+00:00,4320.79980,4321.70020,4320.70020,4321.50000,81.0000
2026-09-23T20:45:00+00:00,4321.20020,4322.20020,4321.20020,4322.10010,130.0000
2026-09-23T20:50:00+00:00,4322.29980,4325.79980,4322.20020,4325.79980,156.0000
2026-09-23T20:55:00+00:00,4325.79980,4326.50000,4322.00000,4322.70020,548.0000
2026-09-23T21:00:00+00:00,4322.70020,4322.70020,4322.70020,4322.70020,1.0000
2026-09-23T22:00:00+00:00,4324.39990,4328.10010,4324.00000,4327.29980,0.0000
2026-09-23T22:05:00+00:00,4327.60010,4328.79980,4326.29980,4326.89990,177.0000
2026-09-23T22:10:00+00:00,4326.89990,4326.89990,4320.89990,4322.79980,921.0000
2026-09-23T22:15:00+00:00,4323.00000,4323.39990,4321.50000,4322.10010,248.0000
2026-09-23T22:20:00+00:00,4322.10010,4327.39990,4322.00000,4326.70020,942.0000
2026-09-23T22:25:00+00:00,4326.10010,4326.89990,4323.00000,4323.79980,503.0000
2026-09-23T22:30:00+00:00,4323.50000,4324.29980,4322.60010,4323.50000,717.0000
2026-09-23T22:35:00+00:00,4323.60010,4326.10010,4322.50000,4324.39990,701.0000
2026-09-23T22:40:00+00:00,4323.79980,4325.39990,4323.00000,4324.00000,123.0000
2026-09-23T22:45:00+00:00,4323.79980,4326.00000,4322.60010,4324.50000,211.0000
2026-09-23T22:50:00+00:00,4324.60010,4325.00000,4322.39990,4323.10010,410.0000
2026-09-23T22:55:00+00:00,4323.10010,4326.20020,4322.50000,4324.20020,191.0000
2026-09-23T23:00:00+00:00,4324.00000,4325.60010,4323.79980,4325.29980,124.0000
2026-09-23T23:05:00+00:00,4325.39990,4326.60010,4324.79980,4325.60010,147.0000
2026-09-23T23:10:00+00:00,4325.60010,4326.39990,4325.50000,4326.00000,52.0000
2026-09-23T23:15:00+00:00,4326.39990,4328.79980,4324.10010,4325.20020,356.0000
2026-09-23T23:20:00+00:00,4325.10010,4326.20020,4324.00000,4325.00000,116.0000
2026-09-23T23:25:00+00:00,4324.79980,4324.79980,4323.00000,4323.20020,94.0000
2026-09-23T23:30:00+00:00,4323.60010,4324.20020,4320.70020,4321.10010,208.0000
2026-09-23T23:35:00+00:00,4320.89990,4322.70020,4320.79980,4321.79980,124.0000
2026-09-23T23:40:00+00:00,4321.50000,4322.39990,4320.20020,4320.39990,82.0000
2026-09-23T23:45:00+00:00,4320.39990,4325.10010,4320.29980,4325.10010,372.0000
2026-09-23T23:50:00+00:00,4324.79980,4326.89990,4324.20020,4326.00000,186.0000
2026-09-23T23:55:00+00:00,4326.00000,4327.10010,4323.79980,4323.79980,186.0000
2026-09-24T00:00:00+00:00,4324.10010,4327.20020,4323.50000,4325.89990,187.0000
2026-09-24T00:05:00+00:00,4325.10010,4326.89990,4323.89990,4326.60010,221.0000
2026-09-24T00:10:00+00:00,4326.89990,4327.29980,4322.50000,4324.20020,265.0000
2026-09-24T00:15:00+00:00,4324.20020,4326.60010,4322.20020,4324.10010,239.0000
2026-09-24T00:20:00+00:00,4324.10010,4324.39990,4319.00000,4323.00000,373.0000
2026-09-24T00:25:00+00:00,4323.10010,4327.79980,4321.50000,4327.39990,586.0000
2026-09-24T00:30:00+00:00,4327.10010,4329.70020,4325.60010,4327.00000,318.0000
2026-09-24T00:35:00+00:00,4327.29980,4328.50000,4326.79980,4327.39990,70.0000
2026-09-24T00:40:00+00:00,4326.70020,4330.39990,4326.50000,4329.79980,255.0000
2026-09-24T00:45:00+00:00,4329.20020,4330.39990,4326.60010,4327.79980,149.0000
2026-09-24T00:50:00+00:00,4327.60010,4330.70020,4327.10010,4330.39990,220.0000
2026-09-24T00:55:00+00:00,4330.50000,4334.60010,4330.10010,4333.70020,562.0000
2026-09-24T01:00:00+00:00,4333.79980,4334.29980,4325.10010,4327.00000,1027.0000
2026-09-24T01:05:00+00:00,4326.79980,4332.29980,4324.50000,4331.00000,646.0000
2026-09-24T01:10:00+00:00,4330.70020,4337.89990,4330.70020,4337.89990,627.0000
2026-09-24T01:15:00+00:00,4337.89990,4338.00000,4332.29980,4335.00000,524.0000
2026-09-24T01:20:00+00:00,4334.79980,4335.70020,4330.60010,4332.79980,469.0000
2026-09-24T01:25:00+00:00,4332.70020,4335.00000,4330.20020,4334.10010,255.0000
2026-09-24T01:30:00+00:00,4334.70020,4335.89990,4331.70020,4332.79980,442.0000
2026-09-24T01:35:00+00:00,4332.70020,4334.29980,4327.79980,4328.70020,585.0000
2026-09-24T01:40:00+00:00,4328.29980,4329.00000,4324.39990,4324.89990,359.0000
2026-09-24T01:45:00+00:00,4324.79980,4325.50000,4317.89990,4318.89990,665.0000
2026-09-24T01:50:00+00:00,4318.89990,4323.60010,4315.89990,4317.39990,683.0000
2026-09-24T01:55:00+00:00,4317.70020,4319.89990,4312.60010,4314.79980,869.0000
2026-09-24T02:00:00+00:00,4314.00000,4314.39990,4308.39990,4310.39990,2289.0000
2026-09-24T02:05:00+00:00,4310.39990,4311.00000,4308.00000,4311.00000,781.0000
2026-09-24T02:10:00+00:00,4311.00000,4317.39990,4310.20020,4317.29980,617.0000
2026-09-24T02:15:00+00:00,4317.20020,4321.39990,4317.10010,4319.39990,573.0000
2026-09-24T02:20:00+00:00,4319.60010,4320.39990,4317.20020,4320.10010,413.0000
2026-09-24T02:25:00+00:00,4320.29980,4322.50000,4319.00000,4320.79980,312.0000
2026-09-24T02:30:00+00:00,4321.10010,4328.70020,4319.20020,4327.50000,697.0000
2026-09-24T02:35:00+00:00,4327.60010,4330.70020,4325.39990,4330.10010,494.0000
2026-09-24T02:40:00+00:00,4329.70020,4332.00000,4328.20020,4330.20020,517.0000
2026-09-24T02:45:00+00:00,4330.10010,4330.50000,4325.89990,4327.20020,770.0000
2026-09-24T02:50:00+00:00,4327.50000,4327.60010,4321.89990,4324.60010,477.0000
2026-09-24T02:55:00+00:00,4324.60010,4327.79980,4324.60010,4325.70020,752.0000
2026-09-24T03:00:00+00:00,4325.39990,4328.70020,4324.89990,4325.29980,327.0000
2026-09-24T03:05:00+00:00,4325.50000,4325.50000,4320.29980,4321.89990,380.0000
2026-09-24T03:10:00+00:00,4321.79980,4323.39990,4319.89990,4322.10010,218.0000
2026-09-24T03:15:00+00:00,4322.29980,4325.70020,4322.10010,4322.89990,214.0000
2026-09-24T03:20:00+00:00,4322.89990,4323.89990,4321.70020,4322.29980,167.0000
2026-09-24T03:25:00+00:00,4322.79980,4323.50000,4320.20020,4320.79980,187.0000
2026-09-24T03:30:00+00:00,4320.60010,4322.00000,4319.20020,4319.39990,201.0000
2026-09-24T03:35:00+00:00,4319.60010,4321.00000,4317.70020,4320.10010,258.0000
2026-09-24T03:40:00+00:00,4320.00000,4320.50000,4316.39990,4316.70020,165.0000
2026-09-24T03:45:00+00:00,4316.79980,4319.50000,4315.60010,4318.39990,298.0000
2026-09-24T03:50:00+00:00,4318.50000,4319.10010,4316.39990,4318.60010,176.0000
2026-09-24T03:55:00+00:00,4318.29980,4320.00000,4317.39990,4318.89990,430.0000
2026-09-24T04:00:00+00:00,4320.10010,4321.79980,4316.39990,4318.89990,368.0000
2026-09-24T04:05:00+00:00,4318.79980,4319.29980,4317.79980,4318.70020,60.0000
2026-09-24T04:10:00+00:00,4318.79980,4320.89990,4318.20020,4319.60010,280.0000
2026-09-24T04:15:00+00:00,4319.70020,4322.79980,4319.39990,4320.79980,192.0000
2026-09-24T04:20:00+00:00,4321.00000,4322.10010,4319.10010,4319.29980,78.0000
2026-09-24T04:25:00+00:00,4319.00000,4321.10010,4318.79980,4321.00000,41.0000
2026-09-24T04:30:00+00:00,4321.20020,4323.60010,4320.79980,4323.29980,78.0000
2026-09-24T04:35:00+00:00,4323.39990,4323.89990,4321.89990,4322.00000,73.0000
2026-09-24T04:40:00+00:00,4321.70020,4322.00000,4320.39990,4321.29980,92.0000
2026-09-24T04:45:00+00:00,4321.50000,4323.70020,4320.79980,4323.50000,148.0000
2026-09-24T04:50:00+00:00,4323.20020,4324.60010,4322.50000,4324.50000,130.0000
2026-09-24T04:55:00+00:00,4324.50000,4325.10010,4323.70020,4324.29980,56.0000
2026-09-24T05:00:00+00:00,4324.39990,4330.70020,4324.39990,4329.79980,380.0000
2026-09-24T05:05:00+00:00,4329.70020,4331.20020,4327.39990,4328.70020,297.0000
2026-09-24T05:10:00+00:00,4328.50000,4328.60010,4324.50000,4325.10010,121.0000
2026-09-24T05:15:00+00:00,4324.70020,4324.79980,4320.89990,4324.39990,130.0000
2026-09-24T05:20:00+00:00,4324.50000,4326.10010,4322.79980,4324.10010,93.0000
2026-09-24T05:25:00+00:00,4324.39990,4325.70020,4323.50000,4325.10010,119.0000
2026-09-24T05:30:00+00:00,4325.50000,4325.70020,4319.60010,4319.89990,473.0000
2026-09-24T05:35:00+00:00,4319.60010,4322.00000,4318.20020,4318.79980,203.0000
2026-09-24T05:40:00+00:00,4318.70020,4321.20020,4315.00000,4315.89990,374.0000
2026-09-24T05:45:00+00:00,4315.39990,4320.29980,4314.60010,4317.50000,417.0000
2026-09-24T05:50:00+00:00,4318.29980,4318.50000,4315.00000,4315.00000,103.0000
2026-09-24T05:55:00+00:00,4314.70020,4315.89990,4312.00000,4313.60010,371.0000
2026-09-24T06:00:00+00:00,4313.79980,4318.10010,4313.39990,4314.60010,515.0000
2026-09-24T06:05:00+00:00,4314.50000,4320.89990,4314.29980,4320.79980,272.0000
2026-09-24T06:10:00+00:00,4320.89990,4321.29980,4316.00000,4317.00000,293.0000
2026-09-24T06:15:00+00:00,4317.00000,4319.20020,4315.39990,4317.70020,371.0000
2026-09-24T06:20:00+00:00,4317.79980,4321.00000,4317.70020,4318.79980,261.0000
2026-09-24T06:25:00+00:00,4319.00000,4320.00000,4316.10010,4317.29980,228.0000
2026-09-24T06:30:00+00:00,4316.79980,4318.50000,4314.79980,4316.00000,413.0000
2026-09-24T06:35:00+00:00,4316.00000,4316.50000,4310.20020,4314.79980,723.0000
2026-09-24T06:40:00+00:00,4315.20020,4315.39990,4311.89990,4312.79980,395.0000
2026-09-24T06:45:00+00:00,4313.00000,4313.00000,4309.00000,4310.39990,874.0000
2026-09-24T06:50:00+00:00,4310.29980,4312.89990,4309.89990,4311.60010,264.0000
2026-09-24T06:55:00+00:00,4312.00000,4313.00000,4310.70020,4311.29980,188.0000
2026-09-24T07:00:00+00:00,4311.20020,4315.50000,4309.00000,4314.79980,817.0000
2026-09-24T07:05:00+00:00,4314.79980,4320.00000,4314.39990,4318.50000,687.0000
2026-09-24T07:10:00+00:00,4318.29980,4320.00000,4316.70020,4319.20020,335.0000
2026-09-24T07:15:00+00:00,4319.00000,4323.00000,4318.29980,4321.89990,394.0000
2026-09-24T07:20:00+00:00,4321.70020,4321.70020,4316.00000,4316.70020,369.0000
2026-09-24T07:25:00+00:00,4316.79980,4320.10010,4316.79980,4320.00000,153.0000
2026-09-24T07:30:00+00:00,4320.00000,4323.00000,4317.10010,4317.79980,354.0000
2026-09-24T07:35:00+00:00,4318.00000,4321.60010,4317.70020,4319.60010,164.0000
2026-09-24T07:40:00+00:00,4319.20020,4319.60010,4315.10010,4318.00000,178.0000
2026-09-24T07:45:00+00:00,4317.89990,4320.50000,4314.60010,4314.89990,211.0000
2026-09-24T07:50:00+00:00,4314.89990,4318.79980,4313.89990,4318.10010,170.0000
2026-09-24T07:55:00+00:00,4318.10010,4318.10010,4310.89990,4313.29980,542.0000
2026-09-24T08:00:00+00:00,4313.39990,4319.39990,4312.39990,4319.10010,627.0000
2026-09-24T08:05:00+00:00,4319.20020,4320.29980,4316.20020,4317.29980,286.0000
2026-09-24T08:10:00+00:00,4316.89990,4317.70020,4311.00000,4311.89990,562.0000
2026-09-24T08:15:00+00:00,4312.10010,4313.50000,4301.79980,4305.70020,1664.0000
2026-09-24T08:20:00+00:00,4305.70020,4308.20020,4298.39990,4299.89990,991.0000
2026-09-24T08:25:00+00:00,4300.20020,4301.20020,4296.60010,4298.70020,1544.0000
2026-09-24T08:30:00+00:00,4298.60010,4308.20020,4297.70020,4301.60010,1316.0000
2026-09-24T08:35:00+00:00,4302.10010,4303.29980,4298.79980,4302.39990,623.0000
2026-09-24T08:40:00+00:00,4302.39990,4304.29980,4300.60010,4302.29980,360.0000
2026-09-24T08:45:00+00:00,4302.29980,4304.89990,4301.29980,4302.29980,224.0000
2026-09-24T08:50:00+00:00,4301.39990,4302.50000,4295.70020,4296.39990,678.0000
2026-09-24T08:55:00+00:00,4296.10010,4297.79980,4295.00000,4295.50000,464.0000
2026-09-24T09:00:00+00:00,4295.50000,4301.70020,4293.29980,4293.89990,667.0000
2026-09-24T09:05:00+00:00,4293.79980,4299.00000,4293.10010,4297.50000,424.0000
2026-09-24T09:10:00+00:00,4298.00000,4299.79980,4295.29980,4297.00000,331.0000
2026-09-24T09:15:00+00:00,4297.20020,4299.70020,4295.60010,4297.20020,500.0000
2026-09-24T09:20:00+00:00,4297.39990,4299.39990,4295.39990,4297.39990,346.0000
2026-09-24T09:25:00+00:00,4297.70020,4298.29980,4289.29980,4289.60010,606.0000
2026-09-24T09:30:00+00:00,4289.89990,4294.89990,4288.79980,4292.20020,845.0000
2026-09-24T09:35:00+00:00,4292.00000,4293.79980,4290.00000,4291.79980,231.0000
2026-09-24T09:40:00+00:00,4291.60010,4292.39990,4285.00000,4286.50000,928.0000
2026-09-24T09:45:00+00:00,4286.20020,4290.10010,4286.20020,4287.00000,459.0000
2026-09-24T09:50:00+00:00,4287.10010,4290.70020,4286.89990,4288.29980,410.0000
2026-09-24T09:55:00+00:00,4288.39990,4290.50000,4287.79980,4289.70020,446.0000
2026-09-24T10:00:00+00:00,4289.60010,4293.79980,4288.00000,4288.00000,692.0000
2026-09-24T10:05:00+00:00,4287.70020,4288.10010,4284.70020,4287.00000,655.0000
2026-09-24T10:10:00+00:00,4287.10010,4291.79980,4285.89990,4287.00000,1083.0000
2026-09-24T10:15:00+00:00,4286.60010,4289.60010,4283.89990,4286.20020,725.0000
2026-09-24T10:20:00+00:00,4286.79980,4287.70020,4281.39990,4282.00000,900.0000
2026-09-24T10:25:00+00:00,4282.00000,4286.70020,4279.00000,4280.10010,1372.0000
2026-09-24T10:30:00+00:00,4280.20020,4288.89990,4278.29980,4288.39990,968.0000
2026-09-24T10:35:00+00:00,4288.20020,4296.89990,4288.00000,4295.00000,1233.0000
2026-09-24T10:40:00+00:00,4295.00000,4296.89990,4292.29980,4292.89990,393.0000
2026-09-24T10:45:00+00:00,4292.89990,4299.39990,4292.29980,4297.10010,816.0000
2026-09-24T10:50:00+00:00,4297.20020,4298.29980,4291.39990,4291.60010,451.0000
2026-09-24T10:55:00+00:00,4291.39990,4293.89990,4290.10010,4292.50000,256.0000
2026-09-24T11:00:00+00:00,4292.39990,4295.00000,4290.29980,4290.50000,490.0000
2026-09-24T11:05:00+00:00,4290.00000,4291.29980,4286.39990,4289.29980,264.0000
2026-09-24T11:10:00+00:00,4289.39990,4293.50000,4288.70020,4293.20020,412.0000
2026-09-24T11:15:00+00:00,4293.00000,4298.10010,4291.00000,4295.79980,1042.0000
2026-09-24T11:20:00+00:00,4296.00000,4302.20020,4296.00000,4300.60010,724.0000
2026-09-24T11:25:00+00:00,4300.50000,4302.39990,4298.00000,4298.20020,419.0000
2026-09-24T11:30:00+00:00,4298.20020,4300.39990,4296.00000,4296.29980,225.0000
2026-09-24T11:35:00+00:00,4295.89990,4296.89990,4292.79980,4294.39990,339.0000
2026-09-24T11:40:00+00:00,4294.60010,4295.50000,4292.89990,4295.10010,101.0000
2026-09-24T11:45:00+00:00,4295.00000,4296.00000,4294.20020,4295.00000,576.0000
2026-09-24T11:50:00+00:00,4295.10010,4295.79980,4293.29980,4294.79980,225.0000
2026-09-24T11:55:00+00:00,4295.29980,4300.79980,4294.20020,4300.39990,362.0000
2026-09-24T12:00:00+00:00,4300.20020,4301.60010,4295.00000,4296.50000,544.0000
2026-09-24T12:05:00+00:00,4296.10010,4300.89990,4295.50000,4300.10010,183.0000
2026-09-24T12:10:00+00:00,4299.89990,4304.39990,4299.20020,4303.79980,496.0000
2026-09-24T12:15:00+00:00,4303.29980,4305.39990,4302.29980,4303.60010,392.0000
2026-09-24T12:20:00+00:00,4303.39990,4306.60010,4301.29980,4304.50000,1459.0000
2026-09-24T12:25:00+00:00,4304.39990,4306.50000,4301.50000,4306.50000,612.0000
2026-09-24T12:30:00+00:00,4305.60010,4307.60010,4300.50000,4301.39990,881.0000
2026-09-24T12:35:00+00:00,4301.29980,4304.00000,4299.39990,4303.00000,510.0000
2026-09-24T12:40:00+00:00,4303.10010,4309.00000,4303.10010,4306.39990,716.0000
2026-09-24T12:45:00+00:00,4306.60010,4309.60010,4306.00000,4309.00000,500.0000
2026-09-24T12:50:00+00:00,4309.20020,4315.29980,4307.29980,4315.10010,1158.0000
2026-09-24T12:55:00+00:00,4314.79980,4318.20020,4313.89990,4316.00000,876.0000
2026-09-24T13:00:00+00:00,4316.20020,4320.00000,4314.10010,4315.10010,1230.0000
2026-09-24T13:05:00+00:00,4315.29980,4317.60010,4311.70020,4314.20020,740.0000
2026-09-24T13:10:00+00:00,4314.39990,4317.70020,4312.29980,4313.10010,463.0000
2026-09-24T13:15:00+00:00,4313.29980,4313.89990,4311.10010,4312.79980,467.0000
2026-09-24T13:20:00+00:00,4312.70020,4314.10010,4310.89990,4312.39990,219.0000
2026-09-24T13:25:00+00:00,4312.00000,4313.29980,4310.29980,4311.29980,881.0000
2026-09-24T13:30:00+00:00,4311.60010,4312.79980,4307.00000,4307.70020,1125.0000
2026-09-24T13:35:00+00:00,4307.70020,4310.79980,4305.00000,4306.60010,1412.0000
2026-09-24T13:40:00+00:00,4306.20020,4309.00000,4302.39990,4308.20020,1017.0000
2026-09-24T13:45:00+00:00,4308.00000,4311.50000,4305.39990,4306.10010,1103.0000
2026-09-24T13:50:00+00:00,4306.10010,4307.00000,4301.00000,4301.20020,1034.0000
2026-09-24T13:55:00+00:00,4301.20020,4304.20020,4299.70020,4302.50000,1059.0000
2026-09-24T14:00:00+00:00,4302.50000,4306.20020,4300.39990,4306.10010,1146.0000
2026-09-24T14:05:00+00:00,4306.10010,4308.39990,4302.79980,4305.20020,1141.0000
2026-09-24T14:10:00+00:00,4305.50000,4306.79980,4302.20020,4304.60010,559.0000
2026-09-24T14:15:00+00:00,4304.89990,4306.70020,4299.00000,4299.89990,1520.0000
2026-09-24T14:20:00+00:00,4300.00000,4300.00000,4295.79980,4298.70020,733.0000
2026-09-24T14:25:00+00:00,4298.29980,4304.00000,4297.00000,4302.39990,993.0000
2026-09-24T14:30:00+00:00,4302.29980,4302.29980,4291.50000,4296.89990,1328.0000
2026-09-24T14:35:00+00:00,4296.60010,4297.39990,4290.29980,4291.50000,854.0000
2026-09-24T14:40:00+00:00,4291.89990,4292.20020,4288.70020,4291.39990,1016.0000
2026-09-24T14:45:00+00:00,4291.29980,4293.50000,4289.39990,4292.50000,600.0000
2026-09-24T14:50:00+00:00,4292.50000,4297.29980,4292.50000,4294.89990,912.0000
2026-09-24T14:55:00+00:00,4294.79980,4295.00000,4287.39990,4288.00000,1319.0000
2026-09-24T15:00:00+00:00,4288.29980,4289.29980,4284.60010,4285.39990,1096.0000
2026-09-24T15:05:00+00:00,4285.50000,4286.50000,4283.70020,4284.70020,912.0000
2026-09-24T15:10:00+00:00,4284.79980,4286.20020,4279.50000,4282.10010,1104.0000
2026-09-24T15:15:00+00:00,4281.89990,4288.50000,4281.29980,4285.39990,1373.0000
2026-09-24T15:20:00+00:00,4285.20020,4290.70020,4284.70020,4290.39990,1074.0000
2026-09-24T15:25:00+00:00,4290.39990,4290.60010,4283.89990,4285.39990,810.0000
2026-09-24T15:30:00+00:00,4285.39990,4285.89990,4281.50000,4282.79980,701.0000
2026-09-24T15:35:00+00:00,4282.60010,4288.79980,4281.70020,4288.79980,810.0000
2026-09-24T15:40:00+00:00,4288.60010,4290.50000,4287.20020,4289.89990,542.0000
2026-09-24T15:45:00+00:00,4290.10010,4291.60010,4288.20020,4289.79980,919.0000
2026-09-24T15:50:00+00:00,4289.39990,4295.10010,4288.89990,4292.39990,620.0000
2026-09-24T15:55:00+00:00,4292.39990,4292.50000,4289.70020,4291.29980,448.0000
2026-09-24T16:00:00+00:00,4291.50000,4293.10010,4289.20020,4293.00000,352.0000
2026-09-24T16:05:00+00:00,4293.00000,4293.00000,4287.20020,4287.89990,535.0000
2026-09-24T16:10:00+00:00,4287.70020,4294.39990,4287.70020,4294.00000,653.0000
2026-09-24T16:15:00+00:00,4294.00000,4324.29980,4292.79980,4308.89990,7684.0000
2026-09-24T16:20:00+00:00,4310.00000,4316.79980,4306.39990,4311.60010,1891.0000
2026-09-24T16:25:00+00:00,4311.50000,4313.20020,4307.00000,4310.89990,1045.0000
2026-09-24T16:30:00+00:00,4311.20020,4313.20020,4305.39990,4308.79980,1304.0000
2026-09-24T16:35:00+00:00,4308.89990,4314.00000,4307.79980,4312.50000,998.0000
2026-09-24T16:40:00+00:00,4312.39990,4320.70020,4309.39990,4309.60010,1543.0000
2026-09-24T16:45:00+00:00,4309.70020,4312.60010,4307.89990,4310.29980,833.0000
2026-09-24T16:50:00+00:00,4310.89990,4313.60010,4306.00000,4308.00000,742.0000
2026-09-24T16:55:00+00:00,4307.89990,4311.29980,4307.89990,4308.70020,552.0000
2026-09-24T17:00:00+00:00,4308.00000,4313.00000,4303.79980,4307.10010,1704.0000
2026-09-24T17:05:00+00:00,4307.10010,4309.20020,4305.00000,4306.39990,450.0000
2026-09-24T17:10:00+00:00,4305.79980,4307.00000,4301.50000,4305.89990,1116.0000
2026-09-24T17:15:00+00:00,4306.50000,4306.50000,4297.50000,4297.60010,1216.0000
2026-09-24T17:20:00+00:00,4297.89990,4301.00000,4296.10010,4296.60010,1096.0000
2026-09-24T17:25:00+00:00,4296.50000,4298.70020,4294.39990,4298.50000,2010.0000
2026-09-24T17:30:00+00:00,4298.50000,4302.70020,4298.10010,4298.29980,838.0000
2026-09-24T17:35:00+00:00,4298.20020,4299.10010,4296.70020,4297.70020,551.0000
2026-09-24T17:40:00+00:00,4297.70020,4298.20020,4293.39990,4294.20020,740.0000
2026-09-24T17:45:00+00:00,4294.20020,4296.10010,4293.20020,4294.10010,525.0000
2026-09-24T17:50:00+00:00,4294.10010,4296.79980,4293.60010,4295.79980,490.0000
2026-09-24T17:55:00+00:00,4296.10010,4301.39990,4295.79980,4300.10010,532.0000
2026-09-24T18:00:00+00:00,4300.20020,4300.89990,4291.29980,4292.79980,1213.0000
2026-09-24T18:05:00+00:00,4292.60010,4298.29980,4292.39990,4297.10010,805.0000
2026-09-24T18:10:00+00:00,4297.50000,4305.00000,4297.50000,4304.79980,839.0000
2026-09-24T18:15:00+00:00,4304.89990,4307.20020,4303.20020,4304.00000,361.0000
2026-09-24T18:20:00+00:00,4304.39990,4304.89990,4302.10010,4304.20020,286.0000
2026-09-24T18:25:00+00:00,4304.10010,4310.50000,4303.70020,4309.50000,913.0000
2026-09-24T18:30:00+00:00,4309.60010,4312.10010,4305.50000,4305.50000,498.0000
2026-09-24T18:35:00+00:00,4305.79980,4317.20020,4302.79980,4312.70020,1856.0000
2026-09-24T18:40:00+00:00,4312.60010,4312.79980,4305.10010,4306.70020,439.0000
2026-09-24T18:45:00+00:00,4306.79980,4308.10010,4305.89990,4307.79980,329.0000
2026-09-24T18:50:00+00:00,4307.79980,4312.39990,4307.70020,4308.60010,523.0000
2026-09-24T18:55:00+00:00,4308.89990,4310.00000,4306.60010,4307.10010,348.0000
2026-09-24T19:00:00+00:00,4307.20020,4308.00000,4302.20020,4303.60010,693.0000
2026-09-24T19:05:00+00:00,4303.50000,4305.50000,4303.20020,4304.79980,136.0000
2026-09-24T19:10:00+00:00,4304.60010,4304.79980,4302.50000,4302.50000,214.0000
2026-09-24T19:15:00+00:00,4302.50000,4306.10010,4302.39990,4305.89990,505.0000
2026-09-24T19:20:00+00:00,4306.29980,4309.20020,4304.39990,4309.20020,282.0000
2026-09-24T19:25:00+00:00,4309.29980,4310.89990,4306.70020,4307.29980,259.0000
2026-09-24T19:30:00+00:00,4307.39990,4308.29980,4306.29980,4308.00000,189.0000
2026-09-24T19:35:00+00:00,4308.00000,4310.70020,4306.79980,4310.70020,267.0000
2026-09-24T19:40:00+00:00,4310.70020,4310.70020,4308.70020,4309.39990,447.0000
2026-09-24T19:45:00+00:00,4309.20020,4310.70020,4308.29980,4308.39990,305.0000
2026-09-24T19:50:00+00:00,4308.60010,4309.89990,4307.50000,4309.79980,249.0000
2026-09-24T19:55:00+00:00,4309.70020,4310.00000,4307.70020,4309.39990,416.0000
2026-09-24T20:00:00+00:00,4309.10010,4309.89990,4306.70020,4307.29980,1175.0000
2026-09-24T20:05:00+00:00,4307.29980,4307.79980,4305.39990,4305.60010,171.0000
2026-09-24T20:10:00+00:00,4305.89990,4308.20020,4305.10010,4305.20020,510.0000
2026-09-24T20:15:00+00:00,4305.20020,4305.79980,4300.20020,4300.39990,461.0000
2026-09-24T20:20:00+00:00,4300.39990,4302.20020,4299.79980,4301.10010,248.0000
2026-09-24T20:25:00+00:00,4300.79980,4301.89990,4299.70020,4300.79980,166.0000
2026-09-24T20:30:00+00:00,4300.89990,4302.39990,4300.39990,4302.00000,128.0000
2026-09-24T20:35:00+00:00,4302.00000,4304.00000,4301.29980,4304.00000,255.0000
2026-09-24T20:40:00+00:00,4304.39990,4306.89990,4304.00000,4306.50000,149.0000
2026-09-24T20:45:00+00:00,4306.50000,4308.00000,4305.79980,4307.60010,125.0000
2026-09-24T20:50:00+00:00,4307.39990,4308.50000,4306.79980,4308.50000,176.0000
2026-09-24T20:55:00+00:00,4308.39990,4311.39990,4308.29980,4310.10010,287.0000
2026-09-24T22:00:00+00:00,4309.50000,4312.79980,4307.10010,4310.10010,0.0000
2026-09-24T22:05:00+00:00,4310.00000,4310.00000,4307.10010,4307.29980,76.0000
2026-09-24T22:10:00+00:00,4307.39990,4307.39990,4305.79980,4305.89990,158.0000
2026-09-24T22:15:00+00:00,4305.89990,4306.60010,4303.50000,4303.89990,135.0000
2026-09-24T22:20:00+00:00,4304.00000,4305.70020,4303.10010,4305.70020,210.0000
2026-09-24T22:25:00+00:00,4305.39990,4307.00000,4305.00000,4306.50000,142.0000
2026-09-24T22:30:00+00:00,4306.39990,4308.50000,4306.20020,4307.20020,211.0000
2026-09-24T22:35:00+00:00,4307.20020,4307.20020,4304.60010,4305.29980,247.0000
2026-09-24T22:40:00+00:00,4305.20020,4307.60010,4304.00000,4305.89990,646.0000
2026-09-24T22:45:00+00:00,4306.00000,4307.20020,4305.79980,4306.60010,76.0000
2026-09-24T22:50:00+00:00,4306.60010,4307.39990,4305.79980,4307.10010,125.0000
2026-09-24T22:55:00+00:00,4306.79980,4309.70020,4306.60010,4307.50000,345.0000
2026-09-24T23:00:00+00:00,4307.79980,4310.29980,4307.39990,4308.89990,274.0000
2026-09-24T23:05:00+00:00,4309.00000,4310.20020,4306.89990,4308.39990,832.0000
2026-09-24T23:10:00+00:00,4308.20020,4310.00000,4307.10010,4308.60010,492.0000
2026-09-24T23:15:00+00:00,4308.50000,4310.10010,4306.70020,4308.70020,492.0000
2026-09-24T23:20:00+00:00,4308.39990,4309.39990,4307.70020,4308.29980,226.0000
2026-09-24T23:25:00+00:00,4308.20020,4308.29980,4306.79980,4307.20020,166.0000
2026-09-24T23:30:00+00:00,4307.20020,4309.50000,4306.00000,4308.10010,429.0000
2026-09-24T23:35:00+00:00,4308.00000,4311.39990,4307.60010,4309.50000,437.0000
2026-09-24T23:40:00+00:00,4309.79980,4310.00000,4308.70020,4309.60010,200.0000
2026-09-24T23:45:00+00:00,4309.60010,4309.70020,4306.70020,4306.70020,102.0000
2026-09-24T23:50:00+00:00,4306.79980,4306.79980,4302.50000,4302.70020,181.0000
2026-09-24T23:55:00+00:00,4302.50000,4302.89990,4299.89990,4300.10010,250.0000
2026-09-25T00:00:00+00:00,4299.89990,4305.50000,4299.29980,4304.89990,425.0000
2026-09-25T00:05:00+00:00,4305.00000,4305.00000,4302.20020,4304.29980,91.0000
2026-09-25T00:10:00+00:00,4303.50000,4304.39990,4300.50000,4301.20020,389.0000
2026-09-25T00:15:00+00:00,4301.10010,4303.50000,4299.89990,4302.60010,233.0000
2026-09-25T00:20:00+00:00,4302.39990,4305.39990,4301.29980,4304.20020,121.0000
2026-09-25T00:25:00+00:00,4304.10010,4305.50000,4303.20020,4305.10010,100.0000
2026-09-25T00:30:00+00:00,4305.10010,4305.10010,4302.20020,4304.10010,133.0000
2026-09-25T00:35:00+00:00,4304.79980,4305.39990,4303.70020,4304.39990,53.0000
2026-09-25T00:40:00+00:00,4304.79980,4307.39990,4304.79980,4305.89990,93.0000
2026-09-25T00:45:00+00:00,4306.10010,4308.39990,4305.00000,4307.89990,169.0000
2026-09-25T00:50:00+00:00,4307.89990,4309.00000,4306.89990,4308.00000,130.0000
2026-09-25T00:55:00+00:00,4307.79980,4315.50000,4307.60010,4313.00000,497.0000
2026-09-25T01:00:00+00:00,4313.20020,4318.50000,4311.70020,4316.20020,483.0000
2026-09-25T01:05:00+00:00,4316.00000,4320.00000,4315.20020,4318.89990,389.0000
2026-09-25T01:10:00+00:00,4319.29980,4325.39990,4318.89990,4324.70020,706.0000
2026-09-25T01:15:00+00:00,4324.89990,4326.50000,4323.50000,4324.70020,461.0000
2026-09-25T01:20:00+00:00,4324.89990,4328.70020,4324.89990,4328.00000,447.0000
2026-09-25T01:25:00+00:00,4328.00000,4329.50000,4327.20020,4328.89990,266.0000
2026-09-25T01:30:00+00:00,4328.89990,4330.29980,4326.60010,4327.79980,408.0000
2026-09-25T01:35:00+00:00,4327.50000,4330.89990,4326.70020,4329.79980,277.0000
2026-09-25T01:40:00+00:00,4329.89990,4331.00000,4327.89990,4327.89990,219.0000
2026-09-25T01:45:00+00:00,4327.89990,4327.89990,4322.79980,4323.70020,442.0000
2026-09-25T01:50:00+00:00,4323.50000,4323.50000,4321.60010,4322.79980,186.0000
2026-09-25T01:55:00+00:00,4322.89990,4324.50000,4322.29980,4323.20020,248.0000
2026-09-25T02:00:00+00:00,4323.20020,4327.60010,4323.20020,4326.50000,231.0000
2026-09-25T02:05:00+00:00,4326.29980,4330.50000,4326.10010,4330.00000,265.0000
2026-09-25T02:10:00+00:00,4329.70020,4330.00000,4325.29980,4325.29980,162.0000
2026-09-25T02:15:00+00:00,4325.29980,4326.10010,4323.60010,4326.10010,217.0000
2026-09-25T02:20:00+00:00,4325.70020,4327.70020,4325.60010,4325.79980,88.0000
2026-09-25T02:25:00+00:00,4325.50000,4325.60010,4323.00000,4323.29980,112.0000
2026-09-25T02:30:00+00:00,4323.00000,4323.60010,4322.10010,4322.70020,97.0000
2026-09-25T02:35:00+00:00,4322.89990,4323.29980,4319.39990,4320.39990,312.0000
2026-09-25T02:40:00+00:00,4320.39990,4322.70020,4317.20020,4321.29980,298.0000
2026-09-25T02:45:00+00:00,4321.20020,4321.60010,4316.29980,4316.29980,353.0000
2026-09-25T02:50:00+00:00,4316.20020,4317.60010,4313.00000,4317.60010,469.0000
2026-09-25T02:55:00+00:00,4317.50000,4319.10010,4316.60010,4318.89990,116.0000
2026-09-25T03:00:00+00:00,4319.00000,4319.79980,4317.50000,4318.50000,157.0000
2026-09-25T03:05:00+00:00,4318.79980,4321.60010,4318.60010,4319.60010,216.0000
2026-09-25T03:10:00+00:00,4319.39990,4319.70020,4317.60010,4318.00000,119.0000
2026-09-25T03:15:00+00:00,4318.00000,4319.89990,4317.79980,4318.89990,76.0000
2026-09-25T03:20:00+00:00,4319.39990,4319.79980,4317.50000,4317.79980,55.0000
2026-09-25T03:25:00+00:00,4317.79980,4318.10010,4313.10010,4313.10010,211.0000
2026-09-25T03:30:00+00:00,4313.29980,4313.29980,4310.79980,4311.20020,326.0000
2026-09-25T03:35:00+00:00,4311.60010,4311.89990,4308.60010,4309.79980,364.0000
2026-09-25T03:40:00+00:00,4309.50000,4311.00000,4308.29980,4308.29980,117.0000
2026-09-25T03:45:00+00:00,4308.60010,4309.10010,4306.00000,4306.60010,225.0000
2026-09-25T03:50:00+00:00,4306.20020,4308.00000,4306.10010,4306.79980,106.0000
2026-09-25T03:55:00+00:00,4306.70020,4306.79980,4305.39990,4305.70020,102.0000
2026-09-25T04:00:00+00:00,4304.79980,4305.89990,4303.20020,4305.60010,332.0000
2026-09-25T04:05:00+00:00,4305.89990,4306.70020,4303.89990,4305.50000,250.0000
2026-09-25T04:10:00+00:00,4305.20020,4305.39990,4302.70020,4303.10010,105.0000
2026-09-25T04:15:00+00:00,4303.00000,4304.50000,4302.29980,4303.20020,167.0000
2026-09-25T04:20:00+00:00,4303.10010,4305.39990,4303.10010,4305.29980,92.0000
2026-09-25T04:25:00+00:00,4305.29980,4306.50000,4304.50000,4306.00000,203.0000
2026-09-25T04:30:00+00:00,4306.00000,4306.70020,4305.00000,4306.29980,94.0000
2026-09-25T04:35:00+00:00,4306.29980,4307.10010,4305.00000,4305.39990,84.0000
2026-09-25T04:40:00+00:00,4305.79980,4308.39990,4305.70020,4306.70020,199.0000
2026-09-25T04:45:00+00:00,4306.89990,4308.20020,4304.60010,4304.60010,140.0000
2026-09-25T04:50:00+00:00,4304.50000,4304.50000,4301.39990,4302.79980,322.0000
2026-09-25T04:55:00+00:00,4302.60010,4302.60010,4297.00000,4297.39990,801.0000
2026-09-25T05:00:00+00:00,4297.00000,4298.60010,4293.29980,4294.39990,535.0000
2026-09-25T05:05:00+00:00,4294.79980,4297.20020,4293.29980,4294.20020,259.0000
2026-09-25T05:10:00+00:00,4294.20020,4294.79980,4290.29980,4291.29980,515.0000
2026-09-25T05:15:00+00:00,4291.20020,4295.39990,4291.10010,4294.89990,263.0000
2026-09-25T05:20:00+00:00,4295.00000,4296.10010,4293.89990,4294.00000,259.0000
2026-09-25T05:25:00+00:00,4294.00000,4299.29980,4294.00000,4298.70020,182.0000
2026-09-25T05:30:00+00:00,4298.50000,4307.70020,4297.50000,4303.39990,507.0000
2026-09-25T05:35:00+00:00,4303.70020,4311.89990,4300.00000,4307.79980,1118.0000
2026-09-25T05:40:00+00:00,4308.39990,4310.00000,4306.60010,4309.00000,253.0000
2026-09-25T05:45:00+00:00,4309.00000,4310.50000,4305.50000,4305.50000,186.0000
2026-09-25T05:50:00+00:00,4305.20020,4306.89990,4303.00000,4303.20020,158.0000
2026-09-25T05:55:00+00:00,4302.89990,4303.29980,4300.39990,4301.29980,195.0000
2026-09-25T06:00:00+00:00,4301.10010,4306.50000,4300.79980,4306.50000,482.0000
2026-09-25T06:05:00+00:00,4306.79980,4306.89990,4302.10010,4302.70020,154.0000
2026-09-25T06:10:00+00:00,4303.20020,4310.39990,4303.00000,4308.89990,305.0000
2026-09-25T06:15:00+00:00,4309.20020,4316.39990,4309.10010,4312.89990,838.0000
2026-09-25T06:20:00+00:00,4312.89990,4316.29980,4310.70020,4313.39990,541.0000
2026-09-25T06:25:00+00:00,4313.60010,4314.10010,4309.60010,4310.00000,359.0000
2026-09-25T06:30:00+00:00,4310.20020,4311.79980,4309.79980,4311.70020,115.0000
2026-09-25T06:35:00+00:00,4312.00000,4312.60010,4309.79980,4311.70020,218.0000
2026-09-25T06:40:00+00:00,4312.29980,4313.29980,4311.29980,4312.29980,590.0000
2026-09-25T06:45:00+00:00,4312.00000,4313.10010,4310.50000,4311.50000,265.0000
2026-09-25T06:50:00+00:00,4311.89990,4312.00000,4309.60010,4311.60010,380.0000
2026-09-25T06:55:00+00:00,4311.29980,4313.20020,4309.79980,4311.00000,238.0000
2026-09-25T07:00:00+00:00,4310.89990,4315.60010,4308.60010,4309.39990,387.0000
2026-09-25T07:05:00+00:00,4309.50000,4314.29980,4309.20020,4312.10010,205.0000
2026-09-25T07:10:00+00:00,4312.60010,4312.89990,4309.60010,4311.00000,175.0000
2026-09-25T07:15:00+00:00,4310.70020,4312.79980,4307.79980,4308.00000,280.0000
2026-09-25T07:20:00+00:00,4308.20020,4311.00000,4307.29980,4309.50000,223.0000
2026-09-25T07:25:00+00:00,4309.70020,4310.89990,4306.79980,4309.29980,230.0000
2026-09-25T07:30:00+00:00,4309.29980,4313.60010,4306.20020,4310.39990,331.0000
2026-09-25T07:35:00+00:00,4311.10010,4315.20020,4310.79980,4311.50000,386.0000
2026-09-25T07:40:00+00:00,4311.39990,4312.79980,4309.70020,4311.89990,198.0000
2026-09-25T07:45:00+00:00,4312.10010,4315.79980,4312.10010,4314.20020,439.0000
2026-09-25T07:50:00+00:00,4314.00000,4315.39990,4312.79980,4313.20020,793.0000
2026-09-25T07:55:00+00:00,4313.70020,4317.00000,4313.70020,4314.79980,210.0000
2026-09-25T08:00:00+00:00,4314.50000,4316.70020,4310.00000,4310.29980,354.0000
2026-09-25T08:05:00+00:00,4310.70020,4314.20020,4310.39990,4313.20020,307.0000
2026-09-25T08:10:00+00:00,4313.20020,4317.39990,4313.20020,4317.10010,276.0000
2026-09-25T08:15:00+00:00,4316.89990,4319.39990,4315.79980,4316.29980,288.0000
2026-09-25T08:20:00+00:00,4316.29980,4316.79980,4314.29980,4316.39990,190.0000
2026-09-25T08:25:00+00:00,4316.50000,4319.60010,4313.89990,4318.89990,243.0000
2026-09-25T08:30:00+00:00,4319.00000,4324.29980,4318.70020,4323.00000,416.0000
2026-09-25T08:35:00+00:00,4322.70020,4324.29980,4320.50000,4322.20020,306.0000
2026-09-25T08:40:00+00:00,4322.00000,4327.79980,4321.50000,4327.50000,446.0000
2026-09-25T08:45:00+00:00,4327.60010,4332.70020,4325.39990,4326.79980,1072.0000
2026-09-25T08:50:00+00:00,4326.50000,4328.89990,4325.70020,4327.89990,417.0000
2026-09-25T08:55:00+00:00,4327.70020,4330.10010,4327.50000,4328.89990,405.0000
2026-09-25T09:00:00+00:00,4329.00000,4333.29980,4328.39990,4331.10010,554.0000
2026-09-25T09:05:00+00:00,4331.00000,4333.50000,4329.39990,4332.70020,348.0000
2026-09-25T09:10:00+00:00,4332.89990,4333.00000,4329.29980,4329.70020,358.0000
2026-09-25T09:15:00+00:00,4329.60010,4331.00000,4326.50000,4328.70020,590.0000
2026-09-25T09:20:00+00:00,4328.89990,4332.39990,4327.70020,4331.39990,533.0000
2026-09-25T09:25:00+00:00,4331.89990,4331.89990,4325.39990,4326.20020,520.0000
2026-09-25T09:30:00+00:00,4326.39990,4333.29980,4325.79980,4332.29980,748.0000
2026-09-25T09:35:00+00:00,4332.50000,4332.79980,4328.10010,4329.60010,272.0000
2026-09-25T09:40:00+00:00,4329.79980,4331.20020,4328.00000,4330.39990,467.0000
2026-09-25T09:45:00+00:00,4330.60010,4330.79980,4327.29980,4328.10010,248.0000
2026-09-25T09:50:00+00:00,4328.39990,4329.50000,4327.00000,4328.39990,310.0000
2026-09-25T09:55:00+00:00,4328.79980,4331.00000,4326.79980,4330.79980,372.0000
2026-09-25T10:00:00+00:00,4330.70020,4332.10010,4329.60010,4330.79980,236.0000
2026-09-25T10:05:00+00:00,4330.70020,4339.39990,4330.70020,4337.00000,960.0000
2026-09-25T10:10:00+00:00,4337.10010,4344.00000,4335.00000,4342.89990,1072.0000
2026-09-25T10:15:00+00:00,4342.89990,4343.29980,4339.20020,4340.70020,429.0000
2026-09-25T10:20:00+00:00,4340.70020,4344.50000,4340.29980,4341.89990,483.0000
2026-09-25T10:25:00+00:00,4341.70020,4345.29980,4341.50000,4344.20020,406.0000
2026-09-25T10:30:00+00:00,4344.20020,4344.60010,4340.89990,4341.20020,327.0000
2026-09-25T10:35:00+00:00,4341.20020,4342.79980,4338.70020,4339.50000,251.0000
2026-09-25T10:40:00+00:00,4339.29980,4341.79980,4338.00000,4341.20020,274.0000
2026-09-25T10:45:00+00:00,4341.29980,4342.00000,4339.60010,4341.29980,203.0000
2026-09-25T10:50:00+00:00,4341.20020,4345.00000,4339.89990,4345.00000,206.0000
2026-09-25T10:55:00+00:00,4345.00000,4347.50000,4344.60010,4346.79980,417.0000
2026-09-25T11:00:00+00:00,4346.89990,4348.20020,4345.39990,4346.10010,310.0000
2026-09-25T11:05:00+00:00,4346.10010,4350.70020,4345.79980,4350.39990,664.0000
2026-09-25T11:10:00+00:00,4350.10010,4351.60010,4347.00000,4348.29980,486.0000
2026-09-25T11:15:00+00:00,4348.39990,4350.29980,4346.39990,4347.00000,423.0000
2026-09-25T11:20:00+00:00,4347.00000,4347.39990,4344.70020,4346.00000,437.0000
2026-09-25T11:25:00+00:00,4346.10010,4346.39990,4340.70020,4341.00000,806.0000
2026-09-25T11:30:00+00:00,4341.10010,4342.79980,4339.29980,4340.39990,647.0000
2026-09-25T11:35:00+00:00,4340.39990,4345.20020,4335.89990,4336.10010,1363.0000
2026-09-25T11:40:00+00:00,4336.39990,4338.00000,4336.00000,4337.79980,562.0000
2026-09-25T11:45:00+00:00,4337.70020,4340.39990,4336.29980,4339.00000,647.0000
2026-09-25T11:50:00+00:00,4338.89990,4340.70020,4338.70020,4339.50000,240.0000
2026-09-25T11:55:00+00:00,4340.00000,4341.29980,4338.50000,4338.60010,446.0000
2026-09-25T12:00:00+00:00,4339.10010,4340.50000,4337.79980,4340.20020,617.0000
2026-09-25T12:05:00+00:00,4340.00000,4340.70020,4337.39990,4339.50000,264.0000
2026-09-25T12:10:00+00:00,4339.50000,4340.00000,4333.89990,4336.00000,638.0000
2026-09-25T12:15:00+00:00,4335.89990,4337.60010,4333.50000,4335.79980,380.0000
2026-09-25T12:20:00+00:00,4335.60010,4343.00000,4333.29980,4339.50000,1117.0000
2026-09-25T12:25:00+00:00,4339.10010,4345.29980,4338.39990,4342.70020,863.0000
2026-09-25T12:30:00+00:00,4342.79980,4343.29980,4335.10010,4338.20020,1195.0000
2026-09-25T12:35:00+00:00,4337.70020,4338.79980,4334.50000,4338.39990,400.0000
2026-09-25T12:40:00+00:00,4338.50000,4339.10010,4332.79980,4337.29980,916.0000
2026-09-25T12:45:00+00:00,4337.60010,4344.70020,4335.10010,4337.50000,1243.0000
2026-09-25T12:50:00+00:00,4337.79980,4338.39990,4332.29980,4334.70020,1168.0000
2026-09-25T12:55:00+00:00,4334.89990,4335.70020,4332.89990,4333.89990,369.0000
2026-09-25T13:00:00+00:00,4333.89990,4335.29980,4326.50000,4327.10010,1183.0000
2026-09-25T13:05:00+00:00,4327.39990,4333.79980,4327.29980,4333.20020,690.0000
2026-09-25T13:10:00+00:00,4332.89990,4333.29980,4327.60010,4328.10010,446.0000
2026-09-25T13:15:00+00:00,4327.79980,4329.20020,4324.00000,4325.60010,746.0000
2026-09-25T13:20:00+00:00,4325.50000,4326.00000,4320.79980,4321.20020,754.0000
2026-09-25T13:25:00+00:00,4321.20020,4321.60010,4312.79980,4313.50000,1443.0000
2026-09-25T13:30:00+00:00,4313.70020,4317.29980,4308.60010,4315.20020,2252.0000
2026-09-25T13:35:00+00:00,4315.00000,4319.79980,4313.50000,4316.50000,1283.0000
2026-09-25T13:40:00+00:00,4316.50000,4318.20020,4312.00000,4314.29980,1080.0000
2026-09-25T13:45:00+00:00,4314.10010,4315.89990,4309.39990,4313.10010,924.0000
2026-09-25T13:50:00+00:00,4313.00000,4318.79980,4312.60010,4315.79980,967.0000
2026-09-25T13:55:00+00:00,4315.50000,4316.10010,4310.20020,4310.89990,625.0000
2026-09-25T14:00:00+00:00,4310.70020,4313.00000,4292.50000,4293.29980,3592.0000
2026-09-25T14:05:00+00:00,4293.10010,4302.39990,4289.20020,4301.00000,3362.0000
2026-09-25T14:10:00+00:00,4301.50000,4302.70020,4298.60010,4302.60010,949.0000
2026-09-25T14:15:00+00:00,4302.29980,4302.70020,4294.89990,4301.89990,1073.0000
2026-09-25T14:20:00+00:00,4301.60010,4305.60010,4300.50000,4303.50000,949.0000
2026-09-25T14:25:00+00:00,4303.60010,4306.20020,4300.89990,4300.89990,561.0000
2026-09-25T14:30:00+00:00,4300.79980,4301.79980,4297.50000,4300.00000,925.0000
2026-09-25T14:35:00+00:00,4300.10010,4307.60010,4298.50000,4306.70020,938.0000
2026-09-25T14:40:00+00:00,4306.50000,4308.10010,4303.39990,4307.89990,611.0000
2026-09-25T14:45:00+00:00,4308.20020,4314.60010,4304.70020,4312.50000,1819.0000
2026-09-25T14:50:00+00:00,4312.20020,4313.89990,4308.10010,4311.79980,650.0000
2026-09-25T14:55:00+00:00,4311.70020,4315.89990,4311.10010,4314.10010,838.0000
2026-09-25T15:00:00+00:00,4314.10010,4317.50000,4313.20020,4317.00000,885.0000
2026-09-25T15:05:00+00:00,4317.10010,4317.70020,4310.29980,4310.50000,648.0000
2026-09-25T15:10:00+00:00,4310.60010,4315.29980,4309.10010,4315.10010,591.0000
2026-09-25T15:15:00+00:00,4315.29980,4316.20020,4309.50000,4309.60010,574.0000
2026-09-25T15:20:00+00:00,4309.70020,4315.00000,4307.00000,4310.60010,1054.0000
2026-09-25T15:25:00+00:00,4310.70020,4316.50000,4310.29980,4314.50000,461.0000
2026-09-25T15:30:00+00:00,4315.00000,4321.00000,4314.00000,4317.79980,2564.0000
2026-09-25T15:35:00+00:00,4317.79980,4318.29980,4311.50000,4311.60010,893.0000
2026-09-25T15:40:00+00:00,4311.70020,4314.00000,4309.79980,4310.10010,385.0000
2026-09-25T15:45:00+00:00,4310.29980,4310.70020,4306.10010,4306.39990,933.0000
2026-09-25T15:50:00+00:00,4306.79980,4314.89990,4304.89990,4312.60010,1355.0000
2026-09-25T15:55:00+00:00,4312.29980,4326.60010,4311.10010,4326.39990,1560.0000
2026-09-25T16:00:00+00:00,4326.50000,4334.70020,4324.39990,4330.20020,2586.0000
2026-09-25T16:05:00+00:00,4330.20020,4336.00000,4326.50000,4329.20020,2263.0000
2026-09-25T16:10:00+00:00,4329.39990,4331.79980,4322.39990,4325.39990,1291.0000
2026-09-25T16:15:00+00:00,4325.70020,4327.70020,4322.89990,4324.00000,1094.0000
2026-09-25T16:20:00+00:00,4324.00000,4325.60010,4319.79980,4323.50000,1152.0000
2026-09-25T16:25:00+00:00,4324.00000,4328.20020,4323.20020,4327.39990,531.0000
2026-09-25T16:30:00+00:00,4327.89990,4328.39990,4314.50000,4319.10010,1799.0000
2026-09-25T16:35:00+00:00,4319.50000,4324.10010,4318.39990,4322.79980,875.0000
2026-09-25T16:40:00+00:00,4323.00000,4324.60010,4319.89990,4322.50000,501.0000
2026-09-25T16:45:00+00:00,4322.50000,4322.70020,4317.29980,4318.39990,311.0000
2026-09-25T16:50:00+00:00,4318.60010,4321.39990,4318.00000,4320.20020,431.0000
2026-09-25T16:55:00+00:00,4320.00000,4323.20020,4319.00000,4321.50000,931.0000
2026-09-25T17:00:00+00:00,4321.60010,4327.60010,4320.39990,4326.00000,773.0000
2026-09-25T17:05:00+00:00,4326.10010,4328.10010,4324.89990,4328.10010,632.0000
2026-09-25T17:10:00+00:00,4327.79980,4328.29980,4326.10010,4326.70020,375.0000
2026-09-25T17:15:00+00:00,4326.60010,4327.20020,4324.10010,4325.89990,396.0000
2026-09-25T17:20:00+00:00,4326.10010,4327.20020,4324.60010,4327.20020,344.0000
2026-09-25T17:25:00+00:00,4327.50000,4328.39990,4320.10010,4321.29980,1146.0000
2026-09-25T17:30:00+00:00,4321.50000,4322.79980,4319.10010,4320.10010,398.0000
2026-09-25T17:35:00+00:00,4319.79980,4320.60010,4314.50000,4319.20020,740.0000
2026-09-25T17:40:00+00:00,4319.00000,4323.20020,4318.89990,4320.70020,470.0000
2026-09-25T17:45:00+00:00,4320.60010,4321.70020,4317.00000,4319.29980,499.0000
2026-09-25T17:50:00+00:00,4319.00000,4319.50000,4318.20020,4318.89990,206.0000
2026-09-25T17:55:00+00:00,4319.20020,4320.20020,4317.29980,4318.10010,202.0000
2026-09-25T18:00:00+00:00,4318.29980,4319.20020,4317.70020,4318.10010,166.0000
2026-09-25T18:05:00+00:00,4318.39990,4321.00000,4317.79980,4320.60010,137.0000
2026-09-25T18:10:00+00:00,4320.60010,4320.89990,4318.20020,4319.79980,182.0000
2026-09-25T18:15:00+00:00,4319.60010,4323.79980,4319.20020,4323.20020,502.0000
2026-09-25T18:20:00+00:00,4323.10010,4324.29980,4321.10010,4323.79980,212.0000
2026-09-25T18:25:00+00:00,4323.79980,4325.20020,4319.20020,4322.20020,683.0000
2026-09-25T18:30:00+00:00,4322.29980,4327.39990,4322.10010,4327.29980,357.0000
2026-09-25T18:35:00+00:00,4327.10010,4329.29980,4322.60010,4322.60010,512.0000
2026-09-25T18:40:00+00:00,4323.00000,4326.89990,4322.60010,4326.79980,333.0000
2026-09-25T18:45:00+00:00,4326.70020,4330.10010,4325.89990,4329.70020,271.0000
2026-09-25T18:50:00+00:00,4329.60010,4331.10010,4328.79980,4329.60010,329.0000
2026-09-25T18:55:00+00:00,4329.39990,4330.10010,4328.20020,4329.79980,216.0000
2026-09-25T19:00:00+00:00,4329.79980,4330.50000,4324.29980,4324.60010,1192.0000
2026-09-25T19:05:00+00:00,4324.60010,4329.39990,4323.39990,4328.70020,525.0000
2026-09-25T19:10:00+00:00,4328.39990,4332.39990,4327.50000,4331.70020,335.0000
2026-09-25T19:15:00+00:00,4331.79980,4331.79980,4327.70020,4327.79980,453.0000
2026-09-25T19:20:00+00:00,4327.79980,4327.79980,4324.50000,4325.10010,229.0000
2026-09-25T19:25:00+00:00,4325.29980,4325.29980,4323.29980,4324.10010,213.0000
2026-09-25T19:30:00+00:00,4324.00000,4325.50000,4322.70020,4324.20020,426.0000
2026-09-25T19:35:00+00:00,4324.29980,4329.60010,4324.29980,4328.60010,634.0000
2026-09-25T19:40:00+00:00,4328.50000,4329.10010,4327.29980,4327.70020,329.0000
2026-09-25T19:45:00+00:00,4328.00000,4329.60010,4327.70020,4328.00000,251.0000
2026-09-25T19:50:00+00:00,4328.20020,4329.10010,4325.79980,4326.50000,296.0000
2026-09-25T19:55:00+00:00,4326.50000,4327.00000,4325.10010,4326.60010,374.0000
2026-09-25T20:00:00+00:00,4326.50000,4327.60010,4326.50000,4326.89990,210.0000
2026-09-25T20:05:00+00:00,4326.70020,4327.29980,4325.50000,4327.10010,66.0000
2026-09-25T20:10:00+00:00,4327.20020,4327.50000,4325.79980,4326.50000,92.0000
2026-09-25T20:15:00+00:00,4326.10010,4326.29980,4325.10010,4325.60010,46.0000
2026-09-25T20:20:00+00:00,4325.39990,4325.60010,4323.70020,4324.39990,174.0000
2026-09-25T20:25:00+00:00,4324.29980,4324.39990,4322.39990,4323.10010,102.0000
2026-09-25T20:30:00+00:00,4323.10010,4323.20020,4321.89990,4322.20020,107.0000
2026-09-25T20:35:00+00:00,4322.10010,4322.50000,4321.00000,4321.70020,407.0000
2026-09-25T20:40:00+00:00,4321.50000,4322.10010,4320.60010,4320.60010,116.0000
2026-09-25T20:45:00+00:00,4320.50000,4322.39990,4320.00000,4321.39990,174.0000
2026-09-25T20:50:00+00:00,4321.10010,4323.00000,4320.60010,4321.20020,161.0000
2026-09-25T20:55:00+00:00,4321.10010,4322.50000,4320.29980,4321.20020,246.0000
2026-09-25T20:59:59+00:00,4321.20020,4321.20020,4321.20020,4321.20020,0.0000
